{"type": "FeatureCollection", "features": [{"type": "Feature", "id": "SEG-4b4348627a", "properties": {"id": "SEG-4b4348627a", "name": "Crescent Street", "highway": "residential", "scope": "in_scope", "borough": "Queens", "bridge": false, "tunnel": false, "status": "inventoried"}, "geometry": {"type": "LineString", "coordinates": [[-73.9412869, 40.7498313], [-73.9412402, 40.7498811], [-73.9407056, 40.7504701], [-73.9406825, 40.7504941], [-73.9406478, 40.7505312]]}}, {"type": "Feature", "id": "SEG-19d241927a", "properties": {"id": "SEG-19d241927a", "name": "50th Avenue", "highway": "residential", "scope": "in_scope", "borough": "Queens", "bridge": false, "tunnel": false, "status": "geometry_verified"}, "geometry": {"type": "LineString", "coordinates": [[-73.9584461, 40.7435796], [-73.958369, 40.7435655], [-73.9565795, 40.7432226], [-73.9565229, 40.7432123], [-73.9564373, 40.7431966]]}}, {"type": "Feature", "id": "SEG-931595bc1e", "properties": {"id": "SEG-931595bc1e", "name": "Review Avenue", "highway": "secondary", "scope": "in_scope", "borough": "Queens", "bridge": false, "tunnel": false, "status": "inventoried"}, "geometry": {"type": "LineString", "coordinates": [[-73.9378712, 40.7342114], [-73.9378555, 40.7341958], [-73.9374763, 40.7338216], [-73.9374154, 40.7337615]]}}, {"type": "Feature", "id": "SEG-699c712a5a", "properties": {"id": "SEG-699c712a5a", "name": "", "highway": "service", "scope": "secondary", "borough": "Queens", "bridge": false, "tunnel": false, "status": "geometry_verified"}, "geometry": {"type": "LineString", "coordinates": [[-73.9446916, 40.7458526], [-73.9446146, 40.7458826], [-73.9444182, 40.7459615]]}}, {"type": "Feature", "id": "SEG-1f8882d8db", "properties": {"id": "SEG-1f8882d8db", "name": "30th Place", "highway": "unclassified", "scope": "in_scope", "borough": "Queens", "bridge": false, "tunnel": false, "status": "inventoried"}, "geometry": {"type": "LineString", "coordinates": [[-73.9370928, 40.741356], [-73.9370755, 40.7414393], [-73.9369058, 40.7422549], [-73.9368564, 40.7424921], [-73.9367378, 40.7431193], [-73.9367223, 40.7432011]]}}, {"type": "Feature", "id": "SEG-a7cb5efc19", "properties": {"id": "SEG-a7cb5efc19", "name": "", "highway": "motorway_link", "scope": "in_scope", "borough": "Queens", "bridge": false, "tunnel": false, "status": "geometry_verified"}, "geometry": {"type": "LineString", "coordinates": [[-73.9513154, 40.7417161], [-73.9514158, 40.7416743]]}}, {"type": "Feature", "id": "SEG-570c801f2a", "properties": {"id": "SEG-570c801f2a", "name": "Manhattan Avenue", "highway": "tertiary", "scope": "in_scope", "borough": "Brooklyn", "bridge": false, "tunnel": false, "status": "geometry_verified"}, "geometry": {"type": "LineString", "coordinates": [[-73.9549621, 40.734465], [-73.9549701, 40.7345168], [-73.9550647, 40.7351025], [-73.955074, 40.7351597]]}}, {"type": "Feature", "id": "SEG-6dbcab0d69", "properties": {"id": "SEG-6dbcab0d69", "name": "Jackson Avenue", "highway": "primary", "scope": "in_scope", "borough": "Queens", "bridge": false, "tunnel": false, "status": "inventoried"}, "geometry": {"type": "LineString", "coordinates": [[-73.941496, 40.7475207], [-73.941582, 40.7474892], [-73.9419853, 40.7473413], [-73.9423325, 40.7472182], [-73.9425182, 40.7471469]]}}, {"type": "Feature", "id": "SEG-439ca4322e", "properties": {"id": "SEG-439ca4322e", "name": "", "highway": "motorway_link", "scope": "in_scope", "borough": "Brooklyn", "bridge": false, "tunnel": false, "status": "inventoried"}, "geometry": {"type": "LineString", "coordinates": [[-73.9373564, 40.723822], [-73.9369542, 40.7239489], [-73.9368452, 40.7239795], [-73.9365713, 40.7240487], [-73.9363374, 40.724108], [-73.9360746, 40.7241693], [-73.9347049, 40.7244981]]}}, {"type": "Feature", "id": "SEG-c9d9143ee8", "properties": {"id": "SEG-c9d9143ee8", "name": "1st Avenue", "highway": "primary", "scope": "in_scope", "borough": "Manhattan", "bridge": false, "tunnel": false, "status": "inventoried"}, "geometry": {"type": "LineString", "coordinates": [[-73.9647728, 40.7557614], [-73.9647276, 40.7558235], [-73.9643622, 40.7563246], [-73.9643154, 40.7563888]]}}, {"type": "Feature", "id": "SEG-bf377b8d63", "properties": {"id": "SEG-bf377b8d63", "name": "Norman Avenue", "highway": "secondary", "scope": "in_scope", "borough": "Brooklyn", "bridge": false, "tunnel": false, "status": "inventoried"}, "geometry": {"type": "LineString", "coordinates": [[-73.940115, 40.727929], [-73.940084, 40.7279319], [-73.940068, 40.7279334], [-73.9395587, 40.7279808], [-73.939181, 40.728016]]}}, {"type": "Feature", "id": "SEG-17e621376a", "properties": {"id": "SEG-17e621376a", "name": "Hunters Point Avenue", "highway": "unclassified", "scope": "in_scope", "borough": "Queens", "bridge": false, "tunnel": false, "status": "inventoried"}, "geometry": {"type": "LineString", "coordinates": [[-73.9382029, 40.7405526], [-73.9381168, 40.7405447], [-73.9373553, 40.7404746], [-73.9372795, 40.7404678]]}}, {"type": "Feature", "id": "SEG-0c58e97334", "properties": {"id": "SEG-0c58e97334", "name": "", "highway": "service", "scope": "secondary", "borough": "Brooklyn", "bridge": false, "tunnel": false, "status": "inventoried"}, "geometry": {"type": "LineString", "coordinates": [[-73.9592488, 40.7353147], [-73.9586287, 40.7353685], [-73.9586022, 40.7353705], [-73.9584974, 40.7353796]]}}, {"type": "Feature", "id": "SEG-8b0846d805", "properties": {"id": "SEG-8b0846d805", "name": "", "highway": "service", "scope": "secondary", "borough": "Queens", "bridge": false, "tunnel": false, "status": "inventoried"}, "geometry": {"type": "LineString", "coordinates": [[-73.933687, 40.7460663], [-73.9335114, 40.7460646]]}}, {"type": "Feature", "id": "SEG-1d8929ca29", "properties": {"id": "SEG-1d8929ca29", "name": "Java Street", "highway": "residential", "scope": "in_scope", "borough": "Brooklyn", "bridge": false, "tunnel": false, "status": "inventoried"}, "geometry": {"type": "LineString", "coordinates": [[-73.9518301, 40.7318727], [-73.9519711, 40.731859]]}}, {"type": "Feature", "id": "SEG-cb365c0f42", "properties": {"id": "SEG-cb365c0f42", "name": "46th Road", "highway": "residential", "scope": "in_scope", "borough": "Queens", "bridge": false, "tunnel": false, "status": "geometry_verified"}, "geometry": {"type": "LineString", "coordinates": [[-73.9552781, 40.7466439], [-73.9552021, 40.7466298], [-73.9530553, 40.7462114], [-73.9529451, 40.7461914]]}}, {"type": "Feature", "id": "SEG-557b244aef", "properties": {"id": "SEG-557b244aef", "name": "", "highway": "service", "scope": "secondary", "borough": "Brooklyn", "bridge": false, "tunnel": false, "status": "geometry_verified"}, "geometry": {"type": "LineString", "coordinates": [[-73.9511981, 40.7348144], [-73.9511831, 40.7347516], [-73.9511762, 40.7347228], [-73.9511586, 40.734614], [-73.9512907, 40.7345159], [-73.9512505, 40.7343066]]}}, {"type": "Feature", "id": "SEG-079cb57006", "properties": {"id": "SEG-079cb57006", "name": "Jackson Avenue", "highway": "primary", "scope": "in_scope", "borough": "Queens", "bridge": false, "tunnel": false, "status": "geometry_verified"}, "geometry": {"type": "LineString", "coordinates": [[-73.9475086, 40.7450853], [-73.9468238, 40.7453545], [-73.9465388, 40.7454691]]}}, {"type": "Feature", "id": "SEG-7d06126a60", "properties": {"id": "SEG-7d06126a60", "name": "", "highway": "motorway_link", "scope": "in_scope", "borough": "Queens", "bridge": false, "tunnel": false, "status": "geometry_verified"}, "geometry": {"type": "LineString", "coordinates": [[-73.9498212, 40.7418922], [-73.9498697, 40.7418795], [-73.9499233, 40.741872], [-73.9509845, 40.7417629], [-73.9511615, 40.7417438], [-73.9512171, 40.7417357], [-73.9512638, 40.7417277], [-73.9513154, 40.7417161]]}}, {"type": "Feature", "id": "SEG-235569dc30", "properties": {"id": "SEG-235569dc30", "name": "Pulaski Bridge", "highway": "primary", "scope": "in_scope", "borough": "Brooklyn", "bridge": true, "tunnel": false, "status": "geometry_verified"}, "geometry": {"type": "LineString", "coordinates": [[-73.9516211, 40.7423497], [-73.9521862, 40.7406635], [-73.9523703, 40.7401024], [-73.952415, 40.7399687], [-73.9525898, 40.7394456], [-73.9527244, 40.7390417], [-73.9529013, 40.7385153], [-73.9529686, 40.7383148], [-73.953007, 40.7381804], [-73.9530329, 40.7380659], [-73.9530456, 40.7379511], [-73.9530461, 40.7378502], [-73.9530445, 40.7377437], [-73.9530336, 40.7376367], [-73.9530004, 40.7374226], [-73.9528837, 40.7367222]]}}, {"type": "Feature", "id": "SEG-6f20f54f17", "properties": {"id": "SEG-6f20f54f17", "name": "Center Boulevard", "highway": "residential", "scope": "in_scope", "borough": "Queens", "bridge": false, "tunnel": false, "status": "inventoried"}, "geometry": {"type": "LineString", "coordinates": [[-73.9609062, 40.7403672], [-73.960892, 40.7404374], [-73.9608748, 40.7405616], [-73.9608539, 40.7408165], [-73.9608288, 40.7409782], [-73.9608229, 40.7410161], [-73.9608097, 40.741069]]}}, {"type": "Feature", "id": "SEG-3ac2a4e60d", "properties": {"id": "SEG-3ac2a4e60d", "name": "Bradley Avenue", "highway": "residential", "scope": "in_scope", "borough": "Queens", "bridge": false, "tunnel": false, "status": "inventoried"}, "geometry": {"type": "LineString", "coordinates": [[-73.9352012, 40.7362087], [-73.9348262, 40.7356251], [-73.9347826, 40.7355614]]}}, {"type": "Feature", "id": "SEG-9f0c3571c6", "properties": {"id": "SEG-9f0c3571c6", "name": "Freeman Street", "highway": "residential", "scope": "in_scope", "borough": "Brooklyn", "bridge": false, "tunnel": false, "status": "geometry_verified"}, "geometry": {"type": "LineString", "coordinates": [[-73.9525122, 40.7346894], [-73.9526264, 40.7346819], [-73.952699, 40.7346772], [-73.9531696, 40.734633], [-73.9547955, 40.7344801], [-73.954842, 40.7344756], [-73.9549621, 40.734465]]}}, {"type": "Feature", "id": "SEG-8183bd6dfb", "properties": {"id": "SEG-8183bd6dfb", "name": "Thomson Avenue", "highway": "primary", "scope": "in_scope", "borough": "Queens", "bridge": true, "tunnel": false, "status": "inventoried"}, "geometry": {"type": "LineString", "coordinates": [[-73.9408345, 40.745948], [-73.9403233, 40.745835]]}}, {"type": "Feature", "id": "SEG-dd839f1be7", "properties": {"id": "SEG-dd839f1be7", "name": "13th Street", "highway": "residential", "scope": "in_scope", "borough": "Queens", "bridge": false, "tunnel": false, "status": "inventoried"}, "geometry": {"type": "LineString", "coordinates": [[-73.940022, 40.757809], [-73.9400583, 40.7577356], [-73.9404704, 40.7573053], [-73.9408677, 40.7568904], [-73.9414599, 40.7562686]]}}, {"type": "Feature", "id": "SEG-cd194c9f0b", "properties": {"id": "SEG-cd194c9f0b", "name": "13th Street", "highway": "residential", "scope": "in_scope", "borough": "Queens", "bridge": false, "tunnel": false, "status": "inventoried"}, "geometry": {"type": "LineString", "coordinates": [[-73.9414599, 40.7562686], [-73.9419427, 40.7557617], [-73.9419816, 40.7557209], [-73.94205, 40.755649]]}}, {"type": "Feature", "id": "SEG-5db7b8d9bf", "properties": {"id": "SEG-5db7b8d9bf", "name": "40th Avenue", "highway": "residential", "scope": "in_scope", "borough": "Queens", "bridge": false, "tunnel": false, "status": "inventoried"}, "geometry": {"type": "LineString", "coordinates": [[-73.942822, 40.756059], [-73.9427597, 40.7560259], [-73.94205, 40.755649]]}}, {"type": "Feature", "id": "SEG-40399d45ba", "properties": {"id": "SEG-40399d45ba", "name": "1st Avenue", "highway": "primary", "scope": "in_scope", "borough": "Manhattan", "bridge": false, "tunnel": false, "status": "inventoried"}, "geometry": {"type": "LineString", "coordinates": [[-73.9679588, 40.7513685], [-73.9679357, 40.7514396], [-73.9679296, 40.7514542], [-73.9678463, 40.7516611], [-73.9677736, 40.7518247], [-73.9677167, 40.7519556], [-73.9676741, 40.7520288]]}}, {"type": "Feature", "id": "SEG-cf1070e153", "properties": {"id": "SEG-cf1070e153", "name": "Franklin Street", "highway": "secondary", "scope": "in_scope", "borough": "Brooklyn", "bridge": false, "tunnel": false, "status": "inventoried"}, "geometry": {"type": "LineString", "coordinates": [[-73.9571809, 40.7273244], [-73.9571836, 40.7273473], [-73.9572386, 40.7276946], [-73.9572483, 40.7277591]]}}, {"type": "Feature", "id": "SEG-7b41a61f36", "properties": {"id": "SEG-7b41a61f36", "name": "Van Dam Street", "highway": "residential", "scope": "in_scope", "borough": "Queens", "bridge": false, "tunnel": false, "status": "inventoried"}, "geometry": {"type": "LineString", "coordinates": [[-73.9335163, 40.7451604], [-73.9334835, 40.7452673], [-73.9334687, 40.7453158], [-73.9332922, 40.7461364], [-73.933282, 40.7461871], [-73.9332677, 40.7462774]]}}, {"type": "Feature", "id": "SEG-1419f1d13b", "properties": {"id": "SEG-1419f1d13b", "name": "Humboldt Street", "highway": "residential", "scope": "in_scope", "borough": "Brooklyn", "bridge": false, "tunnel": false, "status": "inventoried"}, "geometry": {"type": "LineString", "coordinates": [[-73.9458951, 40.7273769], [-73.9458455, 40.7272974], [-73.9456716, 40.7270246]]}}, {"type": "Feature", "id": "SEG-ae43ded540", "properties": {"id": "SEG-ae43ded540", "name": "Vernon Boulevard", "highway": "secondary", "scope": "in_scope", "borough": "Queens", "bridge": false, "tunnel": false, "status": "inventoried"}, "geometry": {"type": "LineString", "coordinates": [[-73.9489518, 40.7547004], [-73.9490952, 40.7545204], [-73.9492435, 40.7543566], [-73.9492782, 40.7543184], [-73.9493191, 40.7542683]]}}, {"type": "Feature", "id": "SEG-8f18e487ed", "properties": {"id": "SEG-8f18e487ed", "name": "East 51st Street", "highway": "residential", "scope": "in_scope", "borough": "Manhattan", "bridge": false, "tunnel": false, "status": "inventoried"}, "geometry": {"type": "LineString", "coordinates": [[-73.9640504, 40.7538124], [-73.9642908, 40.7539118], [-73.964347, 40.753935]]}}, {"type": "Feature", "id": "SEG-55fc3ef2a1", "properties": {"id": "SEG-55fc3ef2a1", "name": "38th Avenue", "highway": "residential", "scope": "in_scope", "borough": "Queens", "bridge": false, "tunnel": false, "status": "inventoried"}, "geometry": {"type": "LineString", "coordinates": [[-73.93504, 40.755391], [-73.9349766, 40.7553573], [-73.9344042, 40.755052], [-73.934335, 40.755015]]}}, {"type": "Feature", "id": "SEG-96d559a4a2", "properties": {"id": "SEG-96d559a4a2", "name": "North Henry Street", "highway": "service", "scope": "secondary", "borough": "Brooklyn", "bridge": false, "tunnel": false, "status": "inventoried"}, "geometry": {"type": "LineString", "coordinates": [[-73.9446033, 40.7320876], [-73.9446073, 40.7321842], [-73.9446078, 40.7321991], [-73.944748, 40.7330588]]}}, {"type": "Feature", "id": "SEG-ee379da275", "properties": {"id": "SEG-ee379da275", "name": "North Henry Street", "highway": "service", "scope": "secondary", "borough": "Brooklyn", "bridge": false, "tunnel": false, "status": "inventoried"}, "geometry": {"type": "LineString", "coordinates": [[-73.944748, 40.7330588], [-73.9448437, 40.7336147]]}}, {"type": "Feature", "id": "SEG-9953eb544e", "properties": {"id": "SEG-9953eb544e", "name": "North Henry Street", "highway": "service", "scope": "secondary", "borough": "Brooklyn", "bridge": false, "tunnel": false, "status": "inventoried"}, "geometry": {"type": "LineString", "coordinates": [[-73.9448437, 40.7336147], [-73.9448663, 40.7337457], [-73.9448882, 40.7338728], [-73.944897, 40.7339239]]}}, {"type": "Feature", "id": "SEG-e07c7cfcce", "properties": {"id": "SEG-e07c7cfcce", "name": "North Henry Street", "highway": "service", "scope": "secondary", "borough": "Brooklyn", "bridge": false, "tunnel": false, "status": "geometry_verified"}, "geometry": {"type": "LineString", "coordinates": [[-73.944897, 40.7339239], [-73.9449735, 40.7343678], [-73.9447832, 40.7343833], [-73.944343, 40.7341224]]}}, {"type": "Feature", "id": "SEG-6b7ff7541c", "properties": {"id": "SEG-6b7ff7541c", "name": "North Henry Street", "highway": "service", "scope": "secondary", "borough": "Brooklyn", "bridge": false, "tunnel": false, "status": "geometry_verified"}, "geometry": {"type": "LineString", "coordinates": [[-73.944343, 40.7341224], [-73.943304, 40.7335094], [-73.9432262, 40.7330531]]}}, {"type": "Feature", "id": "SEG-13655811ba", "properties": {"id": "SEG-13655811ba", "name": "", "highway": "residential", "scope": "in_scope", "borough": "Queens", "bridge": false, "tunnel": false, "status": "geometry_verified"}, "geometry": {"type": "LineString", "coordinates": [[-73.9512128, 40.7429006], [-73.9511019, 40.7428738], [-73.9510573, 40.7428631]]}}, {"type": "Feature", "id": "SEG-e3fccd2955", "properties": {"id": "SEG-e3fccd2955", "name": "1st Avenue", "highway": "primary", "scope": "in_scope", "borough": "Manhattan", "bridge": false, "tunnel": false, "status": "inventoried"}, "geometry": {"type": "LineString", "coordinates": [[-73.9665034, 40.7533202], [-73.9663513, 40.7535268], [-73.9662667, 40.7536872]]}}, {"type": "Feature", "id": "SEG-68f3ecf341", "properties": {"id": "SEG-68f3ecf341", "name": "Newel Street", "highway": "residential", "scope": "in_scope", "borough": "Brooklyn", "bridge": false, "tunnel": false, "status": "inventoried"}, "geometry": {"type": "LineString", "coordinates": [[-73.948373, 40.726548], [-73.9484149, 40.7266214], [-73.9492724, 40.7281266], [-73.9492908, 40.7281592], [-73.949321, 40.728213]]}}, {"type": "Feature", "id": "SEG-1b21c8c09d", "properties": {"id": "SEG-1b21c8c09d", "name": "", "highway": "service", "scope": "secondary", "borough": "Brooklyn", "bridge": false, "tunnel": false, "status": "inventoried"}, "geometry": {"type": "LineString", "coordinates": [[-73.9414973, 40.7310116], [-73.9411007, 40.7310698]]}}, {"type": "Feature", "id": "SEG-c3072b7f93", "properties": {"id": "SEG-c3072b7f93", "name": "", "highway": "service", "scope": "secondary", "borough": "Brooklyn", "bridge": false, "tunnel": false, "status": "inventoried"}, "geometry": {"type": "LineString", "coordinates": [[-73.9411007, 40.7310698], [-73.9409949, 40.7310853], [-73.9408256, 40.7311152], [-73.940612, 40.7311202], [-73.9405348, 40.7311152]]}}, {"type": "Feature", "id": "SEG-60e1410bcb", "properties": {"id": "SEG-60e1410bcb", "name": "", "highway": "service", "scope": "secondary", "borough": "Brooklyn", "bridge": false, "tunnel": false, "status": "inventoried"}, "geometry": {"type": "LineString", "coordinates": [[-73.9405348, 40.7311152], [-73.9403524, 40.7310492], [-73.9402751, 40.7310031], [-73.9402176, 40.7309458], [-73.9401765, 40.7308786], [-73.9401683, 40.7307827], [-73.9401815, 40.730718], [-73.9402176, 40.7306819], [-73.9403639, 40.7306283]]}}, {"type": "Feature", "id": "SEG-eeed88856f", "properties": {"id": "SEG-eeed88856f", "name": "23rd Street", "highway": "tertiary", "scope": "in_scope", "borough": "Queens", "bridge": false, "tunnel": false, "status": "inventoried"}, "geometry": {"type": "LineString", "coordinates": [[-73.942834, 40.7506555], [-73.9423591, 40.7511675], [-73.9423191, 40.7512103], [-73.9422771, 40.7512566]]}}, {"type": "Feature", "id": "SEG-9f6fa363da", "properties": {"id": "SEG-9f6fa363da", "name": "Queens-Midtown Tunnel", "highway": "motorway", "scope": "in_scope", "borough": "Manhattan", "bridge": false, "tunnel": false, "status": "inventoried"}, "geometry": {"type": "LineString", "coordinates": [[-73.9731959, 40.7455877], [-73.9731205, 40.7455764], [-73.9730406, 40.7455704], [-73.972981, 40.7455688], [-73.9729264, 40.7455685], [-73.9728697, 40.7455715], [-73.972796, 40.7455741], [-73.9727474, 40.7455785], [-73.9726808, 40.745585], [-73.9726185, 40.7455971], [-73.9725572, 40.7456101], [-73.9724392, 40.7456467]]}}, {"type": "Feature", "id": "SEG-2fb45eaed8", "properties": {"id": "SEG-2fb45eaed8", "name": "29th Street", "highway": "residential", "scope": "in_scope", "borough": "Queens", "bridge": false, "tunnel": false, "status": "inventoried"}, "geometry": {"type": "LineString", "coordinates": [[-73.9365909, 40.7511975], [-73.9361192, 40.7517237]]}}, {"type": "Feature", "id": "SEG-e1175caa4a", "properties": {"id": "SEG-e1175caa4a", "name": "Borden Avenue", "highway": "secondary", "scope": "in_scope", "borough": "Queens", "bridge": false, "tunnel": false, "status": "geometry_verified"}, "geometry": {"type": "LineString", "coordinates": [[-73.9521338, 40.7408803], [-73.9520309, 40.7408598]]}}, {"type": "Feature", "id": "SEG-b93824fe8b", "properties": {"id": "SEG-b93824fe8b", "name": "", "highway": "service", "scope": "secondary", "borough": "Queens", "bridge": false, "tunnel": false, "status": "geometry_verified"}, "geometry": {"type": "LineString", "coordinates": [[-73.9567401, 40.7447143], [-73.9567746, 40.7446081]]}}, {"type": "Feature", "id": "SEG-701cf21c43", "properties": {"id": "SEG-701cf21c43", "name": "", "highway": "service", "scope": "secondary", "borough": "Queens", "bridge": false, "tunnel": false, "status": "geometry_verified"}, "geometry": {"type": "LineString", "coordinates": [[-73.9567746, 40.7446081], [-73.9567983, 40.7445362], [-73.9568108, 40.7444985]]}}, {"type": "Feature", "id": "SEG-4ce5f62238", "properties": {"id": "SEG-4ce5f62238", "name": "Sutton Place South", "highway": "residential", "scope": "in_scope", "borough": "Manhattan", "bridge": false, "tunnel": false, "status": "inventoried"}, "geometry": {"type": "LineString", "coordinates": [[-73.9621088, 40.7554632], [-73.9621446, 40.7554457], [-73.9621722, 40.755428], [-73.9621931, 40.7554084], [-73.9623501, 40.7551834]]}}, {"type": "Feature", "id": "SEG-b6beba23ae", "properties": {"id": "SEG-b6beba23ae", "name": "Sutton Place South", "highway": "residential", "scope": "in_scope", "borough": "Manhattan", "bridge": false, "tunnel": false, "status": "inventoried"}, "geometry": {"type": "LineString", "coordinates": [[-73.9623501, 40.7551834], [-73.9624129, 40.7550934]]}}, {"type": "Feature", "id": "SEG-31d1e3df42", "properties": {"id": "SEG-31d1e3df42", "name": "Sutton Place South", "highway": "residential", "scope": "in_scope", "borough": "Manhattan", "bridge": false, "tunnel": false, "status": "inventoried"}, "geometry": {"type": "LineString", "coordinates": [[-73.9624129, 40.7550934], [-73.9624993, 40.7549696], [-73.9625314, 40.7549268], [-73.9625426, 40.7549141], [-73.9625568, 40.7549044], [-73.9625744, 40.7548984], [-73.9625921, 40.7548955], [-73.9626161, 40.7548963], [-73.9626485, 40.7549015], [-73.9627012, 40.7549139], [-73.9629036, 40.7549794]]}}, {"type": "Feature", "id": "SEG-4ff865fbb9", "properties": {"id": "SEG-4ff865fbb9", "name": "West Street", "highway": "residential", "scope": "in_scope", "borough": "Brooklyn", "bridge": false, "tunnel": false, "status": "inventoried"}, "geometry": {"type": "LineString", "coordinates": [[-73.9598151, 40.7332729], [-73.9598257, 40.7333399], [-73.9598396, 40.7334266], [-73.959905, 40.7338353], [-73.959919, 40.7339226], [-73.9599302, 40.733988]]}}, {"type": "Feature", "id": "SEG-4a117f2f21", "properties": {"id": "SEG-4a117f2f21", "name": "Center Boulevard", "highway": "residential", "scope": "in_scope", "borough": "Queens", "bridge": false, "tunnel": false, "status": "geometry_verified"}, "geometry": {"type": "LineString", "coordinates": [[-73.9568933, 40.748525], [-73.9568725, 40.7484764], [-73.9568576, 40.7484402], [-73.9568428, 40.7484058], [-73.9565332, 40.7476933], [-73.9565026, 40.7476217]]}}, {"type": "Feature", "id": "SEG-67a95a27b4", "properties": {"id": "SEG-67a95a27b4", "name": "Pulaski Bridge", "highway": "primary_link", "scope": "in_scope", "borough": "Queens", "bridge": false, "tunnel": false, "status": "geometry_verified"}, "geometry": {"type": "LineString", "coordinates": [[-73.9518215, 40.742981], [-73.9516684, 40.7429264], [-73.951632, 40.7429042], [-73.9516004, 40.7428807], [-73.9515785, 40.7428587], [-73.9515506, 40.7428184], [-73.9515299, 40.7427813], [-73.9514944, 40.7427089]]}}, {"type": "Feature", "id": "SEG-da174ef4ee", "properties": {"id": "SEG-da174ef4ee", "name": "Van Dam Street", "highway": "primary", "scope": "in_scope", "borough": "Queens", "bridge": false, "tunnel": false, "status": "inventoried"}, "geometry": {"type": "LineString", "coordinates": [[-73.9332749, 40.7449382], [-73.9333307, 40.74492], [-73.9333787, 40.7448997], [-73.9333982, 40.7448882], [-73.9334287, 40.7448703], [-73.9334581, 40.7448354], [-73.9335542, 40.7447251]]}}, {"type": "Feature", "id": "SEG-9fe8aeba39", "properties": {"id": "SEG-9fe8aeba39", "name": "Hunters Point Avenue", "highway": "unclassified", "scope": "in_scope", "borough": "Queens", "bridge": false, "tunnel": false, "status": "inventoried"}, "geometry": {"type": "LineString", "coordinates": [[-73.940159, 40.7407752], [-73.9399983, 40.7407477], [-73.9398315, 40.7407202], [-73.939654, 40.7406935], [-73.9394858, 40.7406728], [-73.9387318, 40.7406048]]}}, {"type": "Feature", "id": "SEG-5511d50944", "properties": {"id": "SEG-5511d50944", "name": "Hunters Point Avenue", "highway": "unclassified", "scope": "in_scope", "borough": "Queens", "bridge": false, "tunnel": false, "status": "inventoried"}, "geometry": {"type": "LineString", "coordinates": [[-73.9387318, 40.7406048], [-73.9385316, 40.7405854]]}}, {"type": "Feature", "id": "SEG-a6af61cba2", "properties": {"id": "SEG-a6af61cba2", "name": "", "highway": "service", "scope": "secondary", "borough": "Brooklyn", "bridge": false, "tunnel": false, "status": "inventoried"}, "geometry": {"type": "LineString", "coordinates": [[-73.9605502, 40.7280745], [-73.9605642, 40.7281631]]}}, {"type": "Feature", "id": "SEG-4f588157f3", "properties": {"id": "SEG-4f588157f3", "name": "Jackson Avenue", "highway": "primary", "scope": "in_scope", "borough": "Queens", "bridge": false, "tunnel": false, "status": "inventoried"}, "geometry": {"type": "LineString", "coordinates": [[-73.9433013, 40.7468246], [-73.9433861, 40.7467889], [-73.943615, 40.7466967], [-73.9438229, 40.746613]]}}, {"type": "Feature", "id": "SEG-48d54f7263", "properties": {"id": "SEG-48d54f7263", "name": "42nd Road", "highway": "residential", "scope": "in_scope", "borough": "Queens", "bridge": false, "tunnel": false, "status": "inventoried"}, "geometry": {"type": "LineString", "coordinates": [[-73.940535, 40.749424], [-73.9406062, 40.7494622], [-73.9411719, 40.7497684], [-73.9411989, 40.7497825], [-73.9412869, 40.7498313]]}}, {"type": "Feature", "id": "SEG-e05ca671fe", "properties": {"id": "SEG-e05ca671fe", "name": "Long Island Expressway", "highway": "motorway", "scope": "in_scope", "borough": "Queens", "bridge": false, "tunnel": false, "status": "geometry_verified"}, "geometry": {"type": "LineString", "coordinates": [[-73.9503154, 40.7417057], [-73.9509792, 40.7416045], [-73.9516133, 40.7415106], [-73.9517366, 40.7414922], [-73.9518355, 40.7414791], [-73.9519361, 40.7414677], [-73.9520467, 40.7414627], [-73.9521417, 40.7414615], [-73.9522665, 40.7414669]]}}, {"type": "Feature", "id": "SEG-da484a9dac", "properties": {"id": "SEG-da484a9dac", "name": "30th Street", "highway": "unclassified", "scope": "in_scope", "borough": "Queens", "bridge": false, "tunnel": false, "status": "inventoried"}, "geometry": {"type": "LineString", "coordinates": [[-73.9382029, 40.7405526], [-73.9382146, 40.7404933], [-73.9382544, 40.7402934], [-73.9385764, 40.7386742], [-73.9386213, 40.7384782], [-73.9386311, 40.7384107]]}}, {"type": "Feature", "id": "SEG-74fd75fee1", "properties": {"id": "SEG-74fd75fee1", "name": "Ed Koch Queensboro Bridge Upper Level", "highway": "trunk", "scope": "in_scope", "borough": "Manhattan", "bridge": true, "tunnel": false, "status": "inventoried"}, "geometry": {"type": "LineString", "coordinates": [[-73.9636394, 40.7601874], [-73.9634929, 40.7604147], [-73.9634737, 40.7604341], [-73.9634553, 40.7604493], [-73.9634343, 40.7604642], [-73.963407, 40.7604773], [-73.963377, 40.7604873], [-73.963344, 40.7604938], [-73.9633075, 40.7604989], [-73.9632724, 40.7605009], [-73.9632347, 40.7604985], [-73.9631953, 40.7604914], [-73.9631619, 40.7604827], [-73.9631169, 40.7604672], [-73.9630068, 40.7604231], [-73.9619465, 40.7599564]]}}, {"type": "Feature", "id": "SEG-2ee7481101", "properties": {"id": "SEG-2ee7481101", "name": "Long Island Expressway", "highway": "motorway", "scope": "in_scope", "borough": "Queens", "bridge": true, "tunnel": false, "status": "blocked"}, "geometry": {"type": "LineString", "coordinates": [[-73.9338009, 40.7374619], [-73.9353294, 40.7377601], [-73.9355123, 40.7377929], [-73.9356599, 40.7378175], [-73.9357994, 40.7378374], [-73.9359427, 40.7378547], [-73.9365309, 40.7379212]]}}, {"type": "Feature", "id": "SEG-febebffa2e", "properties": {"id": "SEG-febebffa2e", "name": "Hunters Point Avenue", "highway": "tertiary", "scope": "in_scope", "borough": "Queens", "bridge": false, "tunnel": false, "status": "inventoried"}, "geometry": {"type": "LineString", "coordinates": [[-73.9328412, 40.7388903], [-73.9336406, 40.7392615], [-73.9337105, 40.7392959]]}}, {"type": "Feature", "id": "SEG-a02c859fb4", "properties": {"id": "SEG-a02c859fb4", "name": "10th Street", "highway": "residential", "scope": "in_scope", "borough": "Queens", "bridge": false, "tunnel": false, "status": "inventoried"}, "geometry": {"type": "LineString", "coordinates": [[-73.945676, 40.755657], [-73.9457286, 40.7556037], [-73.9469628, 40.7543477], [-73.9469847, 40.7542976], [-73.9469471, 40.7542513], [-73.9453399, 40.7535523]]}}, {"type": "Feature", "id": "SEG-d1a6eb43a8", "properties": {"id": "SEG-d1a6eb43a8", "name": "10th Street", "highway": "residential", "scope": "in_scope", "borough": "Queens", "bridge": false, "tunnel": false, "status": "inventoried"}, "geometry": {"type": "LineString", "coordinates": [[-73.9453399, 40.7535523], [-73.945324, 40.7535454], [-73.9452686, 40.7535396], [-73.945243, 40.7535547], [-73.9452251, 40.7535653], [-73.9440685, 40.7547609], [-73.944019, 40.75481]]}}, {"type": "Feature", "id": "SEG-a18fdf57ff", "properties": {"id": "SEG-a18fdf57ff", "name": "Greenpoint Avenue", "highway": "primary", "scope": "in_scope", "borough": "Brooklyn", "bridge": true, "tunnel": false, "status": "inventoried"}, "geometry": {"type": "LineString", "coordinates": [[-73.9420147, 40.7327804], [-73.9419155, 40.7327969], [-73.941802, 40.7328159], [-73.9416794, 40.7328421], [-73.9415413, 40.7328753], [-73.9414095, 40.7329105], [-73.941281, 40.7329479], [-73.9411535, 40.7329899], [-73.9410248, 40.7330361], [-73.9406784, 40.7331605], [-73.9400626, 40.7333837], [-73.9396911, 40.7335188], [-73.9395644, 40.7335684], [-73.9394401, 40.7336201], [-73.9393198, 40.733677], [-73.939196, 40.7337377], [-73.9390103, 40.7338313], [-73.9385386, 40.734066]]}}, {"type": "Feature", "id": "SEG-d8784ccd07", "properties": {"id": "SEG-d8784ccd07", "name": "East 52nd Street", "highway": "residential", "scope": "in_scope", "borough": "Manhattan", "bridge": false, "tunnel": false, "status": "inventoried"}, "geometry": {"type": "LineString", "coordinates": [[-73.9652321, 40.7551314], [-73.9651119, 40.7550811], [-73.9636705, 40.754478]]}}, {"type": "Feature", "id": "SEG-6d55794f7f", "properties": {"id": "SEG-6d55794f7f", "name": "East 52nd Street", "highway": "residential", "scope": "in_scope", "borough": "Manhattan", "bridge": false, "tunnel": false, "status": "inventoried"}, "geometry": {"type": "LineString", "coordinates": [[-73.9636705, 40.754478], [-73.9631773, 40.7542717]]}}, {"type": "Feature", "id": "SEG-9fa0fd7599", "properties": {"id": "SEG-9fa0fd7599", "name": "Ed Koch Queensboro Bridge Lower Level", "highway": "trunk", "scope": "in_scope", "borough": "Manhattan", "bridge": true, "tunnel": false, "status": "inventoried"}, "geometry": {"type": "LineString", "coordinates": [[-73.948878, 40.7545046], [-73.9592329, 40.7590014], [-73.960551, 40.7595738]]}}, {"type": "Feature", "id": "SEG-1e893d9aca", "properties": {"id": "SEG-1e893d9aca", "name": "Kingsland Avenue", "highway": "unclassified", "scope": "in_scope", "borough": "Brooklyn", "bridge": false, "tunnel": false, "status": "inventoried"}, "geometry": {"type": "LineString", "coordinates": [[-73.9428072, 40.7326577], [-73.9428291, 40.7327634], [-73.9428354, 40.7327947]]}}, {"type": "Feature", "id": "SEG-136b0f6f30", "properties": {"id": "SEG-136b0f6f30", "name": "East 54th Street", "highway": "residential", "scope": "in_scope", "borough": "Manhattan", "bridge": false, "tunnel": false, "status": "inventoried"}, "geometry": {"type": "LineString", "coordinates": [[-73.9643154, 40.7563888], [-73.9641897, 40.756336], [-73.9632295, 40.755933]]}}, {"type": "Feature", "id": "SEG-16cfa3cefd", "properties": {"id": "SEG-16cfa3cefd", "name": "East 54th Street", "highway": "residential", "scope": "in_scope", "borough": "Manhattan", "bridge": false, "tunnel": false, "status": "inventoried"}, "geometry": {"type": "LineString", "coordinates": [[-73.9632295, 40.755933], [-73.9623536, 40.7555653], [-73.9622028, 40.755502], [-73.9621088, 40.7554632]]}}, {"type": "Feature", "id": "SEG-68d3bf1428", "properties": {"id": "SEG-68d3bf1428", "name": "Monitor Street", "highway": "residential", "scope": "in_scope", "borough": "Brooklyn", "bridge": false, "tunnel": false, "status": "inventoried"}, "geometry": {"type": "LineString", "coordinates": [[-73.942943, 40.7276682], [-73.9429306, 40.7275926], [-73.9426486, 40.7258705], [-73.942636, 40.725793]]}}, {"type": "Feature", "id": "SEG-21e08c02bf", "properties": {"id": "SEG-21e08c02bf", "name": "11th Street", "highway": "secondary", "scope": "in_scope", "borough": "Queens", "bridge": false, "tunnel": false, "status": "geometry_verified"}, "geometry": {"type": "LineString", "coordinates": [[-73.9512578, 40.7432648], [-73.9512287, 40.7434051], [-73.9511916, 40.7435824], [-73.9511803, 40.7436373]]}}, {"type": "Feature", "id": "SEG-779b2e87f3", "properties": {"id": "SEG-779b2e87f3", "name": "", "highway": "service", "scope": "secondary", "borough": "Queens", "bridge": false, "tunnel": false, "status": "inventoried"}, "geometry": {"type": "LineString", "coordinates": [[-73.9339508, 40.7457984], [-73.9339267, 40.7458136], [-73.9338604, 40.7458554], [-73.9338477, 40.7458635], [-73.9338909, 40.7459067]]}}, {"type": "Feature", "id": "SEG-d1c7d39e38", "properties": {"id": "SEG-d1c7d39e38", "name": "", "highway": "service", "scope": "secondary", "borough": "Queens", "bridge": false, "tunnel": false, "status": "inventoried"}, "geometry": {"type": "LineString", "coordinates": [[-73.9338909, 40.7459067], [-73.9339406, 40.7459526]]}}, {"type": "Feature", "id": "SEG-cdc4e32666", "properties": {"id": "SEG-cdc4e32666", "name": "", "highway": "service", "scope": "secondary", "borough": "Queens", "bridge": false, "tunnel": false, "status": "inventoried"}, "geometry": {"type": "LineString", "coordinates": [[-73.9339406, 40.7459526], [-73.9339939, 40.7459982]]}}, {"type": "Feature", "id": "SEG-b2cf09ce0d", "properties": {"id": "SEG-b2cf09ce0d", "name": "West Street", "highway": "residential", "scope": "in_scope", "borough": "Brooklyn", "bridge": false, "tunnel": false, "status": "inventoried"}, "geometry": {"type": "LineString", "coordinates": [[-73.9587654, 40.7268914], [-73.9587762, 40.7269586], [-73.9588695, 40.7275402], [-73.9588788, 40.7275959]]}}, {"type": "Feature", "id": "SEG-8e4d31b02d", "properties": {"id": "SEG-8e4d31b02d", "name": "Borden Avenue", "highway": "primary", "scope": "in_scope", "borough": "Queens", "bridge": false, "tunnel": false, "status": "geometry_verified"}, "geometry": {"type": "LineString", "coordinates": [[-73.9543492, 40.7413061], [-73.9542941, 40.741294], [-73.9541763, 40.7412664], [-73.9539755, 40.7412245]]}}, {"type": "Feature", "id": "SEG-f05b956a06", "properties": {"id": "SEG-f05b956a06", "name": "48th Avenue", "highway": "unclassified", "scope": "in_scope", "borough": "Queens", "bridge": false, "tunnel": false, "status": "inventoried"}, "geometry": {"type": "LineString", "coordinates": [[-73.9352382, 40.7411477], [-73.9351636, 40.7411389], [-73.9345501, 40.741067]]}}, {"type": "Feature", "id": "SEG-7b9575816d", "properties": {"id": "SEG-7b9575816d", "name": "48th Avenue", "highway": "unclassified", "scope": "in_scope", "borough": "Queens", "bridge": false, "tunnel": false, "status": "inventoried"}, "geometry": {"type": "LineString", "coordinates": [[-73.9345501, 40.741067], [-73.9344604, 40.7410565], [-73.934311, 40.741039]]}}, {"type": "Feature", "id": "SEG-816cc5d1d3", "properties": {"id": "SEG-816cc5d1d3", "name": "Calyer Street", "highway": "residential", "scope": "in_scope", "borough": "Brooklyn", "bridge": false, "tunnel": false, "status": "inventoried"}, "geometry": {"type": "LineString", "coordinates": [[-73.9505853, 40.7290212], [-73.950512, 40.7290458], [-73.9499832, 40.7292202], [-73.949911, 40.729244]]}}, {"type": "Feature", "id": "SEG-ce488e9b5c", "properties": {"id": "SEG-ce488e9b5c", "name": "FDR Drive", "highway": "motorway", "scope": "in_scope", "borough": "Manhattan", "bridge": false, "tunnel": true, "status": "blocked"}, "geometry": {"type": "LineString", "coordinates": [[-73.9615511, 40.7553078], [-73.9611045, 40.7556878], [-73.9608648, 40.7559099], [-73.9606336, 40.7561384], [-73.960408, 40.756384], [-73.9601966, 40.7566403], [-73.9599654, 40.7569265], [-73.9590876, 40.7580288]]}}, {"type": "Feature", "id": "SEG-57880915fd", "properties": {"id": "SEG-57880915fd", "name": "30th Street", "highway": "residential", "scope": "in_scope", "borough": "Queens", "bridge": false, "tunnel": false, "status": "inventoried"}, "geometry": {"type": "LineString", "coordinates": [[-73.9327986, 40.7541953], [-73.932855, 40.7541265], [-73.9336378, 40.7531968], [-73.9336614, 40.7531705], [-73.9337053, 40.7531145]]}}, {"type": "Feature", "id": "SEG-bc6220ac64", "properties": {"id": "SEG-bc6220ac64", "name": "East 43rd Street", "highway": "residential", "scope": "in_scope", "borough": "Manhattan", "bridge": false, "tunnel": false, "status": "inventoried"}, "geometry": {"type": "LineString", "coordinates": [[-73.9697413, 40.7496684], [-73.9699431, 40.7497536]]}}, {"type": "Feature", "id": "SEG-186b73e082", "properties": {"id": "SEG-186b73e082", "name": "", "highway": "motorway_link", "scope": "in_scope", "borough": "Queens", "bridge": false, "tunnel": false, "status": "geometry_verified"}, "geometry": {"type": "LineString", "coordinates": [[-73.9508169, 40.7413303], [-73.9500432, 40.7414301], [-73.9499455, 40.7414455], [-73.9498427, 40.7414642], [-73.9497668, 40.741483], [-73.9497006, 40.7415033], [-73.9496429, 40.7415277], [-73.949601, 40.7415511], [-73.9495749, 40.7415679], [-73.9495449, 40.7415969], [-73.9495193, 40.7416251]]}}, {"type": "Feature", "id": "SEG-88e2d138e0", "properties": {"id": "SEG-88e2d138e0", "name": "", "highway": "motorway_link", "scope": "in_scope", "borough": "Manhattan", "bridge": false, "tunnel": false, "status": "inventoried"}, "geometry": {"type": "LineString", "coordinates": [[-73.9619994, 40.755104], [-73.9621041, 40.7550497], [-73.9621935, 40.754994], [-73.9622873, 40.754927], [-73.9623294, 40.7548949], [-73.9623719, 40.7548678], [-73.9624146, 40.7548487], [-73.9624604, 40.7548329], [-73.9625038, 40.7548235], [-73.9625416, 40.754822], [-73.9625781, 40.7548259], [-73.9626285, 40.7548378], [-73.962663, 40.7548496], [-73.9627323, 40.754879], [-73.9629036, 40.7549794]]}}, {"type": "Feature", "id": "SEG-15eb46613e", "properties": {"id": "SEG-15eb46613e", "name": "10th Street", "highway": "residential", "scope": "in_scope", "borough": "Queens", "bridge": false, "tunnel": false, "status": "inventoried"}, "geometry": {"type": "LineString", "coordinates": [[-73.948807, 40.752218], [-73.9487451, 40.7522905], [-73.9477241, 40.7534864], [-73.9476933, 40.7535224], [-73.9476435, 40.7535789]]}}, {"type": "Feature", "id": "SEG-1073905c10", "properties": {"id": "SEG-1073905c10", "name": "35th Street", "highway": "residential", "scope": "in_scope", "borough": "Queens", "bridge": false, "tunnel": false, "status": "inventoried"}, "geometry": {"type": "LineString", "coordinates": [[-73.9330679, 40.7369967], [-73.9331517, 40.7369663], [-73.9338595, 40.7367082], [-73.934262, 40.7365614], [-73.9350671, 40.7362583], [-73.9351226, 40.7362368], [-73.9352012, 40.7362087]]}}, {"type": "Feature", "id": "SEG-aeb6e6c1c5", "properties": {"id": "SEG-aeb6e6c1c5", "name": "Norman Avenue", "highway": "residential", "scope": "in_scope", "borough": "Brooklyn", "bridge": false, "tunnel": false, "status": "inventoried"}, "geometry": {"type": "LineString", "coordinates": [[-73.946715, 40.727094], [-73.9466519, 40.7271158], [-73.9460134, 40.7273361], [-73.9459641, 40.7273531], [-73.9458951, 40.7273769]]}}, {"type": "Feature", "id": "SEG-2ff8016764", "properties": {"id": "SEG-2ff8016764", "name": "44th Avenue", "highway": "residential", "scope": "in_scope", "borough": "Queens", "bridge": false, "tunnel": false, "status": "inventoried"}, "geometry": {"type": "LineString", "coordinates": [[-73.9476295, 40.7496824], [-73.9467917, 40.7495295], [-73.9466666, 40.7495081]]}}, {"type": "Feature", "id": "SEG-e6362e030a", "properties": {"id": "SEG-e6362e030a", "name": "Provost Street", "highway": "tertiary", "scope": "in_scope", "borough": "Brooklyn", "bridge": false, "tunnel": false, "status": "geometry_verified"}, "geometry": {"type": "LineString", "coordinates": [[-73.9498117, 40.7342235], [-73.9499284, 40.7349329]]}}, {"type": "Feature", "id": "SEG-d15172f3d6", "properties": {"id": "SEG-d15172f3d6", "name": "46th Avenue", "highway": "residential", "scope": "in_scope", "borough": "Queens", "bridge": false, "tunnel": false, "status": "geometry_verified"}, "geometry": {"type": "LineString", "coordinates": [[-73.9569473, 40.7477061], [-73.956684, 40.7476561], [-73.9565026, 40.7476217]]}}, {"type": "Feature", "id": "SEG-9c511c760d", "properties": {"id": "SEG-9c511c760d", "name": "", "highway": "service", "scope": "secondary", "borough": "Queens", "bridge": false, "tunnel": false, "status": "geometry_verified"}, "geometry": {"type": "LineString", "coordinates": [[-73.9546876, 40.7435866], [-73.9546656, 40.7436452], [-73.9545865, 40.7438598], [-73.9544711, 40.7438372]]}}, {"type": "Feature", "id": "SEG-e1f1f30461", "properties": {"id": "SEG-e1f1f30461", "name": "41st Avenue", "highway": "residential", "scope": "in_scope", "borough": "Queens", "bridge": false, "tunnel": false, "status": "inventoried"}, "geometry": {"type": "LineString", "coordinates": [[-73.9367394, 40.7499494], [-73.9367135, 40.7500038], [-73.9366251, 40.7508494], [-73.9366065, 40.7510383], [-73.9365965, 40.7511228], [-73.9365909, 40.7511975]]}}, {"type": "Feature", "id": "SEG-6d644f74cd", "properties": {"id": "SEG-6d644f74cd", "name": "Oak Street", "highway": "residential", "scope": "in_scope", "borough": "Brooklyn", "bridge": false, "tunnel": false, "status": "inventoried"}, "geometry": {"type": "LineString", "coordinates": [[-73.9588788, 40.7275959], [-73.958804, 40.7276149], [-73.9574044, 40.7277466], [-73.9573436, 40.727752], [-73.9572483, 40.7277591]]}}, {"type": "Feature", "id": "SEG-5552245b8f", "properties": {"id": "SEG-5552245b8f", "name": "Thomson Avenue", "highway": "primary", "scope": "in_scope", "borough": "Queens", "bridge": false, "tunnel": false, "status": "inventoried"}, "geometry": {"type": "LineString", "coordinates": [[-73.937263, 40.7451821], [-73.9371448, 40.7451676], [-73.9370001, 40.7451514], [-73.9368967, 40.7451397], [-73.9364469, 40.7450864]]}}, {"type": "Feature", "id": "SEG-87d5bedc22", "properties": {"id": "SEG-87d5bedc22", "name": "Thomson Avenue", "highway": "primary", "scope": "in_scope", "borough": "Queens", "bridge": false, "tunnel": false, "status": "inventoried"}, "geometry": {"type": "LineString", "coordinates": [[-73.9364469, 40.7450864], [-73.9363505, 40.7450749]]}}, {"type": "Feature", "id": "SEG-a13beb41e2", "properties": {"id": "SEG-a13beb41e2", "name": "Van Dam Street", "highway": "primary", "scope": "in_scope", "borough": "Queens", "bridge": false, "tunnel": false, "status": "inventoried"}, "geometry": {"type": "LineString", "coordinates": [[-73.9356502, 40.7368893], [-73.9357139, 40.7368248], [-73.93585, 40.7366879]]}}, {"type": "Feature", "id": "SEG-6aaebc7989", "properties": {"id": "SEG-6aaebc7989", "name": "1st Avenue", "highway": "primary", "scope": "in_scope", "borough": "Manhattan", "bridge": false, "tunnel": false, "status": "inventoried"}, "geometry": {"type": "LineString", "coordinates": [[-73.9684095, 40.7507505], [-73.9683613, 40.7508185], [-73.9680263, 40.7512805], [-73.9679588, 40.7513685]]}}, {"type": "Feature", "id": "SEG-962b13b1b4", "properties": {"id": "SEG-962b13b1b4", "name": "49th Avenue", "highway": "unclassified", "scope": "in_scope", "borough": "Queens", "bridge": true, "tunnel": false, "status": "geometry_verified"}, "geometry": {"type": "LineString", "coordinates": [[-73.9480489, 40.7423076], [-73.9473724, 40.7421746], [-73.9473409, 40.7421685], [-73.9469035, 40.7420838]]}}, {"type": "Feature", "id": "SEG-68678ea14f", "properties": {"id": "SEG-68678ea14f", "name": "FDR Drive", "highway": "primary", "scope": "in_scope", "borough": "Manhattan", "bridge": false, "tunnel": false, "status": "inventoried"}, "geometry": {"type": "LineString", "coordinates": [[-73.9692725, 40.74693], [-73.9692879, 40.7469125], [-73.9694257, 40.746756], [-73.9704329, 40.7457826]]}}, {"type": "Feature", "id": "SEG-33cfd2fceb", "properties": {"id": "SEG-33cfd2fceb", "name": "Van Dam Street", "highway": "primary", "scope": "in_scope", "borough": "Queens", "bridge": false, "tunnel": false, "status": "inventoried"}, "geometry": {"type": "LineString", "coordinates": [[-73.9346328, 40.7394412], [-73.9347085, 40.7390583]]}}, {"type": "Feature", "id": "SEG-617175b85c", "properties": {"id": "SEG-617175b85c", "name": "Van Dam Street", "highway": "primary", "scope": "in_scope", "borough": "Queens", "bridge": false, "tunnel": false, "status": "inventoried"}, "geometry": {"type": "LineString", "coordinates": [[-73.9347085, 40.7390583], [-73.9347666, 40.7387644]]}}, {"type": "Feature", "id": "SEG-543668adda", "properties": {"id": "SEG-543668adda", "name": "Van Dam Street", "highway": "primary", "scope": "in_scope", "borough": "Queens", "bridge": false, "tunnel": false, "status": "inventoried"}, "geometry": {"type": "LineString", "coordinates": [[-73.9347666, 40.7387644], [-73.9348063, 40.7385634]]}}, {"type": "Feature", "id": "SEG-3c67666ec7", "properties": {"id": "SEG-3c67666ec7", "name": "", "highway": "service", "scope": "secondary", "borough": "Brooklyn", "bridge": false, "tunnel": false, "status": "inventoried"}, "geometry": {"type": "LineString", "coordinates": [[-73.9561393, 40.7336178], [-73.9561496, 40.7336852], [-73.956183, 40.7339052]]}}, {"type": "Feature", "id": "SEG-234f0bfec4", "properties": {"id": "SEG-234f0bfec4", "name": "37th Avenue", "highway": "residential", "scope": "in_scope", "borough": "Queens", "bridge": false, "tunnel": false, "status": "inventoried"}, "geometry": {"type": "LineString", "coordinates": [[-73.933345, 40.756239], [-73.9332807, 40.7562041], [-73.9326546, 40.7558636], [-73.9325753, 40.7558212]]}}, {"type": "Feature", "id": "SEG-17eca9de94", "properties": {"id": "SEG-17eca9de94", "name": "47th Avenue", "highway": "unclassified", "scope": "in_scope", "borough": "Queens", "bridge": false, "tunnel": false, "status": "inventoried"}, "geometry": {"type": "LineString", "coordinates": [[-73.9395179, 40.7435255], [-73.9394242, 40.7435145], [-73.9390513, 40.7434708], [-73.9385783, 40.7434167], [-73.9384118, 40.7433968]]}}, {"type": "Feature", "id": "SEG-caf05bb9c3", "properties": {"id": "SEG-caf05bb9c3", "name": "51st Avenue", "highway": "primary", "scope": "in_scope", "borough": "Queens", "bridge": false, "tunnel": false, "status": "geometry_verified"}, "geometry": {"type": "LineString", "coordinates": [[-73.9537796, 40.7419294], [-73.9540531, 40.7419732], [-73.9541215, 40.7419836]]}}, {"type": "Feature", "id": "SEG-a7e2e2ef5b", "properties": {"id": "SEG-a7e2e2ef5b", "name": "Borden Avenue", "highway": "secondary", "scope": "in_scope", "borough": "Queens", "bridge": false, "tunnel": false, "status": "geometry_verified"}, "geometry": {"type": "LineString", "coordinates": [[-73.9520309, 40.7408598], [-73.9513288, 40.7407259], [-73.9512618, 40.7407117], [-73.9512079, 40.7407017], [-73.9501436, 40.7404929], [-73.9500696, 40.7404786], [-73.9500227, 40.7404702], [-73.9499161, 40.7404501]]}}, {"type": "Feature", "id": "SEG-eefd0c4d61", "properties": {"id": "SEG-eefd0c4d61", "name": "Nassau Avenue", "highway": "residential", "scope": "in_scope", "borough": "Brooklyn", "bridge": false, "tunnel": false, "status": "inventoried"}, "geometry": {"type": "LineString", "coordinates": [[-73.947425, 40.724885], [-73.9473606, 40.7249061], [-73.9466658, 40.7251357], [-73.946593, 40.7251597]]}}, {"type": "Feature", "id": "SEG-6ef8165aa5", "properties": {"id": "SEG-6ef8165aa5", "name": "", "highway": "service", "scope": "secondary", "borough": "Brooklyn", "bridge": false, "tunnel": false, "status": "inventoried"}, "geometry": {"type": "LineString", "coordinates": [[-73.9509406, 40.7333977], [-73.9509311, 40.7333372], [-73.9509257, 40.733308], [-73.9508917, 40.73311]]}}, {"type": "Feature", "id": "SEG-1ba881fa23", "properties": {"id": "SEG-1ba881fa23", "name": "Kingsland Avenue", "highway": "unclassified", "scope": "in_scope", "borough": "Brooklyn", "bridge": false, "tunnel": false, "status": "inventoried"}, "geometry": {"type": "LineString", "coordinates": [[-73.942962, 40.7335619], [-73.9429937, 40.7337347], [-73.943007, 40.7338066], [-73.9430793, 40.7342841]]}}, {"type": "Feature", "id": "SEG-30fcfd9aff", "properties": {"id": "SEG-30fcfd9aff", "name": "Vernon Boulevard", "highway": "secondary", "scope": "in_scope", "borough": "Queens", "bridge": false, "tunnel": false, "status": "geometry_verified"}, "geometry": {"type": "LineString", "coordinates": [[-73.9534089, 40.7448067], [-73.953431, 40.7447472], [-73.9536223, 40.7441777], [-73.9536413, 40.7441135]]}}, {"type": "Feature", "id": "SEG-13e4dd1f08", "properties": {"id": "SEG-13e4dd1f08", "name": "11th Street", "highway": "secondary", "scope": "in_scope", "borough": "Queens", "bridge": false, "tunnel": false, "status": "geometry_verified"}, "geometry": {"type": "LineString", "coordinates": [[-73.9508224, 40.7450483], [-73.9508427, 40.7449865], [-73.9510321, 40.7444108], [-73.9510504, 40.7443555]]}}, {"type": "Feature", "id": "SEG-be68c515c3", "properties": {"id": "SEG-be68c515c3", "name": "1st Avenue Tunnel", "highway": "primary", "scope": "in_scope", "borough": "Manhattan", "bridge": false, "tunnel": false, "status": "inventoried"}, "geometry": {"type": "LineString", "coordinates": [[-73.9705802, 40.7478303], [-73.9705041, 40.747973], [-73.9699638, 40.7487219]]}}, {"type": "Feature", "id": "SEG-3386a654e5", "properties": {"id": "SEG-3386a654e5", "name": "Hunters Point Avenue", "highway": "unclassified", "scope": "in_scope", "borough": "Queens", "bridge": false, "tunnel": false, "status": "inventoried"}, "geometry": {"type": "LineString", "coordinates": [[-73.9372795, 40.7404678], [-73.9371908, 40.7404597], [-73.9369469, 40.7404373], [-73.9368285, 40.7404245], [-73.9367154, 40.7404108], [-73.9366029, 40.7403955], [-73.9365007, 40.7403775], [-73.9364295, 40.7403658], [-73.9363475, 40.7403476]]}}, {"type": "Feature", "id": "SEG-9476e1fc37", "properties": {"id": "SEG-9476e1fc37", "name": "11th Street", "highway": "unclassified", "scope": "in_scope", "borough": "Queens", "bridge": false, "tunnel": false, "status": "geometry_verified"}, "geometry": {"type": "LineString", "coordinates": [[-73.9522244, 40.7398252], [-73.9522908, 40.7396198]]}}, {"type": "Feature", "id": "SEG-1e7df6434f", "properties": {"id": "SEG-1e7df6434f", "name": "21st Street", "highway": "primary", "scope": "in_scope", "borough": "Queens", "bridge": false, "tunnel": false, "status": "inventoried"}, "geometry": {"type": "LineString", "coordinates": [[-73.941239, 40.755234], [-73.941286, 40.7551852], [-73.9414633, 40.7550014], [-73.9414686, 40.7549959], [-73.9420401, 40.7544034], [-73.9421895, 40.7542485], [-73.9423682, 40.7540633], [-73.94243, 40.753998]]}}, {"type": "Feature", "id": "SEG-387cf14dfd", "properties": {"id": "SEG-387cf14dfd", "name": "East Main Street", "highway": "unclassified", "scope": "in_scope", "borough": "Manhattan", "bridge": false, "tunnel": false, "status": "inventoried"}, "geometry": {"type": "LineString", "coordinates": [[-73.9537902, 40.7575114], [-73.9537069, 40.7573911], [-73.9536865, 40.7573675], [-73.95366, 40.757345], [-73.9536324, 40.7573287], [-73.9532558, 40.7571639], [-73.9531758, 40.7571304], [-73.9531435, 40.757116], [-73.9531158, 40.7570991], [-73.9530915, 40.7570797], [-73.9530721, 40.7570573], [-73.9530553, 40.7570354], [-73.953045, 40.7570066], [-73.9530381, 40.7569818], [-73.9530384, 40.7569578], [-73.9530445, 40.7569345], [-73.9530573, 40.7569101], [-73.9530718, 40.7568919], [-73.9530796, 40.7568849], [-73.9530929, 40.7568732], [-73.9533098, 40.7567284], [-73.9533564, 40.7566926], [-73.9534021, 40.7566529], [-73.9534396, 40.7566163], [-73.9534671, 40.7565833], [-73.9536532, 40.756329], [-73.9538451, 40.7560688], [-73.9538874, 40.7560164], [-73.9539357, 40.7559622], [-73.9540543, 40.7558379], [-73.9540839, 40.7558112], [-73.9541095, 40.7557919], [-73.954132, 40.7557821], [-73.9541675, 40.7557752], [-73.9542313, 40.7557692], [-73.954271, 40.7557654]]}}, {"type": "Feature", "id": "SEG-8171953789", "properties": {"id": "SEG-8171953789", "name": "Meserole Avenue", "highway": "residential", "scope": "in_scope", "borough": "Brooklyn", "bridge": false, "tunnel": false, "status": "inventoried"}, "geometry": {"type": "LineString", "coordinates": [[-73.950978, 40.727664], [-73.9510491, 40.7276404], [-73.951699, 40.7274329], [-73.9517523, 40.7274159], [-73.9518273, 40.727392]]}}, {"type": "Feature", "id": "SEG-191f90a139", "properties": {"id": "SEG-191f90a139", "name": "12th Street", "highway": "residential", "scope": "in_scope", "borough": "Queens", "bridge": false, "tunnel": false, "status": "inventoried"}, "geometry": {"type": "LineString", "coordinates": [[-73.9459348, 40.7528399], [-73.9459851, 40.7527853], [-73.9471418, 40.7515439], [-73.9471757, 40.7515076], [-73.9472424, 40.751436]]}}, {"type": "Feature", "id": "SEG-17c64cec39", "properties": {"id": "SEG-17c64cec39", "name": "43rd Road", "highway": "residential", "scope": "in_scope", "borough": "Queens", "bridge": false, "tunnel": false, "status": "inventoried"}, "geometry": {"type": "LineString", "coordinates": [[-73.949464, 40.7514585], [-73.9495315, 40.7515039], [-73.9501132, 40.7519017], [-73.9501716, 40.7519416]]}}, {"type": "Feature", "id": "SEG-d940425cf7", "properties": {"id": "SEG-d940425cf7", "name": "47th Avenue", "highway": "residential", "scope": "in_scope", "borough": "Queens", "bridge": false, "tunnel": false, "status": "geometry_verified"}, "geometry": {"type": "LineString", "coordinates": [[-73.9555147, 40.7459516], [-73.9555963, 40.7459682], [-73.9564572, 40.7461349], [-73.9565111, 40.7461454], [-73.9566576, 40.7461746]]}}, {"type": "Feature", "id": "SEG-ef054b3f57", "properties": {"id": "SEG-ef054b3f57", "name": "11th Street", "highway": "secondary", "scope": "in_scope", "borough": "Queens", "bridge": false, "tunnel": false, "status": "geometry_verified"}, "geometry": {"type": "LineString", "coordinates": [[-73.9503553, 40.7464287], [-73.9503764, 40.7463664], [-73.9505685, 40.7457983], [-73.9505893, 40.745737]]}}, {"type": "Feature", "id": "SEG-3c53021b9c", "properties": {"id": "SEG-3c53021b9c", "name": "32nd Place", "highway": "unclassified", "scope": "in_scope", "borough": "Queens", "bridge": false, "tunnel": false, "status": "inventoried"}, "geometry": {"type": "LineString", "coordinates": [[-73.9326468, 40.7446215], [-73.9326651, 40.744529], [-73.9326794, 40.744456], [-73.9328485, 40.7435977]]}}, {"type": "Feature", "id": "SEG-a068854a99", "properties": {"id": "SEG-a068854a99", "name": "32nd Place", "highway": "unclassified", "scope": "in_scope", "borough": "Queens", "bridge": false, "tunnel": false, "status": "inventoried"}, "geometry": {"type": "LineString", "coordinates": [[-73.9328485, 40.7435977], [-73.9329978, 40.7428545], [-73.9330136, 40.7427745]]}}, {"type": "Feature", "id": "SEG-c53c2c87c2", "properties": {"id": "SEG-c53c2c87c2", "name": "44th Drive", "highway": "tertiary", "scope": "in_scope", "borough": "Queens", "bridge": false, "tunnel": false, "status": "geometry_verified"}, "geometry": {"type": "LineString", "coordinates": [[-73.9450503, 40.7476667], [-73.9451573, 40.7476859], [-73.9452014, 40.7476954], [-73.9455985, 40.7477784], [-73.9469057, 40.7480271], [-73.947176, 40.7480779], [-73.9472441, 40.7480907], [-73.9473607, 40.748113]]}}, {"type": "Feature", "id": "SEG-a60cb819ba", "properties": {"id": "SEG-a60cb819ba", "name": "Queens Plaza South", "highway": "secondary", "scope": "in_scope", "borough": "Queens", "bridge": false, "tunnel": false, "status": "inventoried"}, "geometry": {"type": "LineString", "coordinates": [[-73.9379528, 40.7493205], [-73.9376509, 40.7490141], [-73.9375831, 40.7489908], [-73.9373948, 40.7489275]]}}, {"type": "Feature", "id": "SEG-b504a1df8c", "properties": {"id": "SEG-b504a1df8c", "name": "24th Street", "highway": "residential", "scope": "in_scope", "borough": "Queens", "bridge": false, "tunnel": false, "status": "inventoried"}, "geometry": {"type": "LineString", "coordinates": [[-73.937549, 40.75516], [-73.9375964, 40.7551085], [-73.9386069, 40.7540101], [-73.9386607, 40.7539516], [-73.93871, 40.753898]]}}, {"type": "Feature", "id": "SEG-3e14af6a95", "properties": {"id": "SEG-3e14af6a95", "name": "50th Avenue", "highway": "tertiary", "scope": "in_scope", "borough": "Queens", "bridge": false, "tunnel": false, "status": "geometry_verified"}, "geometry": {"type": "LineString", "coordinates": [[-73.9522145, 40.7423708], [-73.9523707, 40.7424007], [-73.9525692, 40.7424407], [-73.9526102, 40.7424487], [-73.9527543, 40.7424742]]}}, {"type": "Feature", "id": "SEG-97148526e1", "properties": {"id": "SEG-97148526e1", "name": "Provost Street", "highway": "tertiary", "scope": "in_scope", "borough": "Brooklyn", "bridge": false, "tunnel": false, "status": "geometry_verified"}, "geometry": {"type": "LineString", "coordinates": [[-73.9500402, 40.7356404], [-73.950157, 40.736348]]}}, {"type": "Feature", "id": "SEG-1913f8b68b", "properties": {"id": "SEG-1913f8b68b", "name": "Manhattan Avenue", "highway": "tertiary", "scope": "in_scope", "borough": "Brooklyn", "bridge": false, "tunnel": false, "status": "inventoried"}, "geometry": {"type": "LineString", "coordinates": [[-73.9543818, 40.7309123], [-73.9543929, 40.7309733], [-73.9544805, 40.7315311], [-73.9544849, 40.7315581], [-73.9544971, 40.7316233]]}}, {"type": "Feature", "id": "SEG-a479613a33", "properties": {"id": "SEG-a479613a33", "name": "41st Avenue", "highway": "residential", "scope": "in_scope", "borough": "Queens", "bridge": false, "tunnel": false, "status": "inventoried"}, "geometry": {"type": "LineString", "coordinates": [[-73.938333, 40.75182], [-73.9382745, 40.751789], [-73.9381682, 40.7517326], [-73.9379165, 40.7515991], [-73.9376303, 40.7514474], [-73.9375913, 40.7514268], [-73.937562, 40.751411]]}}, {"type": "Feature", "id": "SEG-35451bed32", "properties": {"id": "SEG-35451bed32", "name": "11th Street", "highway": "secondary", "scope": "in_scope", "borough": "Queens", "bridge": false, "tunnel": false, "status": "inventoried"}, "geometry": {"type": "LineString", "coordinates": [[-73.9494153, 40.7492998], [-73.9494345, 40.749242], [-73.9496116, 40.7487039], [-73.9496234, 40.7486635], [-73.9496291, 40.7485546]]}}, {"type": "Feature", "id": "SEG-c07623a7de", "properties": {"id": "SEG-c07623a7de", "name": "", "highway": "trunk_link", "scope": "in_scope", "borough": "Queens", "bridge": false, "tunnel": false, "status": "inventoried"}, "geometry": {"type": "LineString", "coordinates": [[-73.9377196, 40.7495248], [-73.9378737, 40.7497501]]}}, {"type": "Feature", "id": "SEG-5a8926ce25", "properties": {"id": "SEG-5a8926ce25", "name": "Norman Avenue", "highway": "residential", "scope": "in_scope", "borough": "Brooklyn", "bridge": false, "tunnel": false, "status": "inventoried"}, "geometry": {"type": "LineString", "coordinates": [[-73.944808, 40.7274931], [-73.944737, 40.7274989], [-73.9439608, 40.7275735], [-73.9438743, 40.7275817]]}}, {"type": "Feature", "id": "SEG-5a09636c6d", "properties": {"id": "SEG-5a09636c6d", "name": "Jackson Avenue", "highway": "primary", "scope": "in_scope", "borough": "Queens", "bridge": false, "tunnel": false, "status": "geometry_verified"}, "geometry": {"type": "LineString", "coordinates": [[-73.9518215, 40.742981], [-73.9517175, 40.743], [-73.9515838, 40.7430628], [-73.9515424, 40.7430842], [-73.9514078, 40.7431897]]}}, {"type": "Feature", "id": "SEG-d0168523ae", "properties": {"id": "SEG-d0168523ae", "name": "Borden Avenue", "highway": "secondary", "scope": "in_scope", "borough": "Queens", "bridge": false, "tunnel": false, "status": "inventoried"}, "geometry": {"type": "LineString", "coordinates": [[-73.9338663, 40.7375966], [-73.934303, 40.7376698], [-73.9348313, 40.7377661], [-73.9349617, 40.7377897]]}}, {"type": "Feature", "id": "SEG-20aa77de36", "properties": {"id": "SEG-20aa77de36", "name": "Wharf Drive", "highway": "residential", "scope": "in_scope", "borough": "Brooklyn", "bridge": false, "tunnel": false, "status": "inventoried"}, "geometry": {"type": "LineString", "coordinates": [[-73.960181, 40.7274495], [-73.9601721, 40.7273977], [-73.9601427, 40.7272305], [-73.9599605, 40.7268617], [-73.9599562, 40.726772], [-73.9600145, 40.7266337], [-73.9600207, 40.7265638], [-73.9599841, 40.7264483], [-73.9599298, 40.7263388], [-73.959835, 40.7262076], [-73.959788, 40.7260833]]}}, {"type": "Feature", "id": "SEG-ede071360f", "properties": {"id": "SEG-ede071360f", "name": "27th Street", "highway": "residential", "scope": "in_scope", "borough": "Queens", "bridge": false, "tunnel": false, "status": "inventoried"}, "geometry": {"type": "LineString", "coordinates": [[-73.93717, 40.753079], [-73.9371189, 40.7531346], [-73.9367026, 40.7535871], [-73.9360908, 40.7542521], [-73.9360526, 40.7542936], [-73.936009, 40.754341]]}}, {"type": "Feature", "id": "SEG-8494d57da0", "properties": {"id": "SEG-8494d57da0", "name": "Thomson Avenue", "highway": "primary", "scope": "in_scope", "borough": "Queens", "bridge": false, "tunnel": false, "status": "inventoried"}, "geometry": {"type": "LineString", "coordinates": [[-73.9432435, 40.7467351], [-73.9432092, 40.7466825], [-73.9430891, 40.746507], [-73.9430672, 40.7464776], [-73.94304, 40.7464498], [-73.9430091, 40.7464223], [-73.9429846, 40.746404], [-73.9429512, 40.746386], [-73.9429161, 40.7463718], [-73.9428808, 40.7463621], [-73.9428053, 40.7463427]]}}, {"type": "Feature", "id": "SEG-d290b1b39e", "properties": {"id": "SEG-d290b1b39e", "name": "Van Dam Street", "highway": "primary", "scope": "in_scope", "borough": "Queens", "bridge": false, "tunnel": false, "status": "inventoried"}, "geometry": {"type": "LineString", "coordinates": [[-73.9339429, 40.7428834], [-73.9339572, 40.7427984], [-73.9341355, 40.7418998], [-73.934294, 40.7411221], [-73.934311, 40.741039]]}}, {"type": "Feature", "id": "SEG-3919d6087b", "properties": {"id": "SEG-3919d6087b", "name": "Hunter Street", "highway": "residential", "scope": "in_scope", "borough": "Queens", "bridge": false, "tunnel": false, "status": "inventoried"}, "geometry": {"type": "LineString", "coordinates": [[-73.9432473, 40.7477084], [-73.9435997, 40.7475375], [-73.943636, 40.7475195], [-73.9436624, 40.7475029], [-73.9436857, 40.7474818], [-73.9437029, 40.7474614], [-73.9437156, 40.7474383], [-73.9437238, 40.7474113]]}}, {"type": "Feature", "id": "SEG-57cccd7eba", "properties": {"id": "SEG-57cccd7eba", "name": "29th Street", "highway": "residential", "scope": "in_scope", "borough": "Queens", "bridge": false, "tunnel": false, "status": "inventoried"}, "geometry": {"type": "LineString", "coordinates": [[-73.9344657, 40.7535337], [-73.9344271, 40.7535794], [-73.9336189, 40.7545399], [-73.9335642, 40.7546055]]}}, {"type": "Feature", "id": "SEG-83f3c7c4b4", "properties": {"id": "SEG-83f3c7c4b4", "name": "21st Street", "highway": "primary", "scope": "in_scope", "borough": "Queens", "bridge": false, "tunnel": false, "status": "geometry_verified"}, "geometry": {"type": "LineString", "coordinates": [[-73.9495193, 40.7416251], [-73.9494995, 40.7416536], [-73.9494779, 40.7416946], [-73.9494622, 40.7417284], [-73.9494536, 40.7417529], [-73.9494127, 40.7418686], [-73.9493814, 40.7419659], [-73.9493033, 40.7422093], [-73.9492952, 40.7423276]]}}, {"type": "Feature", "id": "SEG-4c1c231001", "properties": {"id": "SEG-4c1c231001", "name": "24th Street", "highway": "residential", "scope": "in_scope", "borough": "Queens", "bridge": false, "tunnel": false, "status": "inventoried"}, "geometry": {"type": "LineString", "coordinates": [[-73.9420716, 40.7502504], [-73.942121, 40.7501952], [-73.9426484, 40.7496158]]}}, {"type": "Feature", "id": "SEG-0eb6c440fb", "properties": {"id": "SEG-0eb6c440fb", "name": "24th Street", "highway": "residential", "scope": "in_scope", "borough": "Queens", "bridge": false, "tunnel": false, "status": "inventoried"}, "geometry": {"type": "LineString", "coordinates": [[-73.9426484, 40.7496158], [-73.9428732, 40.7493719], [-73.9428848, 40.7493593], [-73.9429402, 40.7493003]]}}, {"type": "Feature", "id": "SEG-ca43aa3b66", "properties": {"id": "SEG-ca43aa3b66", "name": "46th Avenue", "highway": "residential", "scope": "in_scope", "borough": "Queens", "bridge": false, "tunnel": false, "status": "geometry_verified"}, "geometry": {"type": "LineString", "coordinates": [[-73.9550486, 40.7473367], [-73.9551346, 40.7473526], [-73.9563421, 40.7475903], [-73.9565026, 40.7476217]]}}, {"type": "Feature", "id": "SEG-8dc93c528b", "properties": {"id": "SEG-8dc93c528b", "name": "22nd Street", "highway": "residential", "scope": "in_scope", "borough": "Queens", "bridge": false, "tunnel": false, "status": "inventoried"}, "geometry": {"type": "LineString", "coordinates": [[-73.9427036, 40.7520575], [-73.942744, 40.7520162], [-73.9430581, 40.7516817], [-73.943109, 40.7516275]]}}, {"type": "Feature", "id": "SEG-431dcec360", "properties": {"id": "SEG-431dcec360", "name": "", "highway": "service", "scope": "secondary", "borough": "Queens", "bridge": false, "tunnel": false, "status": "inventoried"}, "geometry": {"type": "LineString", "coordinates": [[-73.9394276, 40.749329], [-73.9393341, 40.7492825], [-73.9393152, 40.7492566]]}}, {"type": "Feature", "id": "SEG-086a3cee40", "properties": {"id": "SEG-086a3cee40", "name": "Ed Koch Queensboro Bridge Lower Roadway", "highway": "trunk", "scope": "in_scope", "borough": "Manhattan", "bridge": true, "tunnel": false, "status": "inventoried"}, "geometry": {"type": "LineString", "coordinates": [[-73.9618856, 40.7600372], [-73.9606274, 40.759458], [-73.9489648, 40.7543912]]}}, {"type": "Feature", "id": "SEG-88c28ef587", "properties": {"id": "SEG-88c28ef587", "name": "Borden Avenue", "highway": "unclassified", "scope": "in_scope", "borough": "Queens", "bridge": false, "tunnel": false, "status": "inventoried"}, "geometry": {"type": "LineString", "coordinates": [[-73.9398575, 40.7388316], [-73.9401302, 40.7389406], [-73.9401894, 40.7389643], [-73.9404232, 40.739064], [-73.9405692, 40.7391261]]}}, {"type": "Feature", "id": "SEG-e4243e1f35", "properties": {"id": "SEG-e4243e1f35", "name": "48th Avenue", "highway": "unclassified", "scope": "in_scope", "borough": "Queens", "bridge": false, "tunnel": false, "status": "inventoried"}, "geometry": {"type": "LineString", "coordinates": [[-73.9361669, 40.7412509], [-73.9360847, 40.7412418], [-73.9353216, 40.7411569], [-73.9352382, 40.7411477]]}}, {"type": "Feature", "id": "SEG-4f7e300584", "properties": {"id": "SEG-4f7e300584", "name": "44th Road", "highway": "residential", "scope": "in_scope", "borough": "Queens", "bridge": false, "tunnel": false, "status": "inventoried"}, "geometry": {"type": "LineString", "coordinates": [[-73.9471114, 40.7488584], [-73.9472271, 40.7488807], [-73.9493105, 40.7492827], [-73.9494153, 40.7492998]]}}, {"type": "Feature", "id": "SEG-938ef62c95", "properties": {"id": "SEG-938ef62c95", "name": "24th Street", "highway": "residential", "scope": "in_scope", "borough": "Queens", "bridge": false, "tunnel": false, "status": "inventoried"}, "geometry": {"type": "LineString", "coordinates": [[-73.9429402, 40.7493003], [-73.9429999, 40.7492305], [-73.9430237, 40.7492029], [-73.9437983, 40.7483153], [-73.9438233, 40.7482844], [-73.9438682, 40.7482328]]}}, {"type": "Feature", "id": "SEG-97918f39dc", "properties": {"id": "SEG-97918f39dc", "name": "", "highway": "motorway_link", "scope": "in_scope", "borough": "Queens", "bridge": false, "tunnel": false, "status": "geometry_verified"}, "geometry": {"type": "LineString", "coordinates": [[-73.9510988, 40.7421447], [-73.9510715, 40.7421148], [-73.9510525, 40.7420911], [-73.9510391, 40.7420668], [-73.9510323, 40.7420503], [-73.9510283, 40.7420288]]}}, {"type": "Feature", "id": "SEG-fcc0b7b217", "properties": {"id": "SEG-fcc0b7b217", "name": "Vernon Boulevard", "highway": "secondary", "scope": "in_scope", "borough": "Queens", "bridge": false, "tunnel": false, "status": "geometry_verified"}, "geometry": {"type": "LineString", "coordinates": [[-73.9539828, 40.7424505], [-73.9540202, 40.7425899], [-73.9540314, 40.7426248], [-73.9540567, 40.7426587], [-73.9540991, 40.7427367]]}}, {"type": "Feature", "id": "SEG-d87a7bb850", "properties": {"id": "SEG-d87a7bb850", "name": "Long Island Expressway", "highway": "motorway", "scope": "in_scope", "borough": "Queens", "bridge": false, "tunnel": false, "status": "geometry_verified"}, "geometry": {"type": "LineString", "coordinates": [[-73.9522665, 40.7414669], [-73.9525047, 40.7414857], [-73.9527326, 40.741508], [-73.9529078, 40.7415229], [-73.9531151, 40.7415362]]}}, {"type": "Feature", "id": "SEG-c9e29f1001", "properties": {"id": "SEG-c9e29f1001", "name": "40th Avenue", "highway": "residential", "scope": "in_scope", "borough": "Queens", "bridge": false, "tunnel": false, "status": "inventoried"}, "geometry": {"type": "LineString", "coordinates": [[-73.935614, 40.752282], [-73.9357041, 40.7523088], [-73.9363337, 40.7526365], [-73.936402, 40.752672]]}}, {"type": "Feature", "id": "SEG-ec9d137a14", "properties": {"id": "SEG-ec9d137a14", "name": "Brooklyn-Queens Expressway", "highway": "motorway_link", "scope": "in_scope", "borough": "Brooklyn", "bridge": true, "tunnel": false, "status": "inventoried"}, "geometry": {"type": "LineString", "coordinates": [[-73.9333748, 40.7249041], [-73.9330967, 40.7249665], [-73.9329978, 40.7249909], [-73.9328697, 40.7250239], [-73.9327279, 40.725064], [-73.9325884, 40.7251054], [-73.9324513, 40.7251508], [-73.9323003, 40.7252031], [-73.9318993, 40.7253323]]}}, {"type": "Feature", "id": "SEG-1f3a290136", "properties": {"id": "SEG-1f3a290136", "name": "Manhattan Avenue", "highway": "tertiary", "scope": "in_scope", "borough": "Brooklyn", "bridge": false, "tunnel": false, "status": "inventoried"}, "geometry": {"type": "LineString", "coordinates": [[-73.9532771, 40.7281381], [-73.9533105, 40.7281957], [-73.9534207, 40.7283913], [-73.953665, 40.7288245]]}}, {"type": "Feature", "id": "SEG-b96906a508", "properties": {"id": "SEG-b96906a508", "name": "Borden Avenue", "highway": "secondary", "scope": "in_scope", "borough": "Queens", "bridge": false, "tunnel": false, "status": "inventoried"}, "geometry": {"type": "LineString", "coordinates": [[-73.9407243, 40.73866], [-73.9406589, 40.7386473]]}}, {"type": "Feature", "id": "SEG-c9da53239f", "properties": {"id": "SEG-c9da53239f", "name": "Ed Koch Queensboro Bridge Lower Roadway", "highway": "trunk", "scope": "in_scope", "borough": "Manhattan", "bridge": false, "tunnel": false, "status": "inventoried"}, "geometry": {"type": "LineString", "coordinates": [[-73.9639388, 40.7606981], [-73.9638531, 40.7606945], [-73.9637521, 40.7606856], [-73.96365, 40.7606767], [-73.9634234, 40.7606474], [-73.96336, 40.7606385], [-73.9632966, 40.7606252], [-73.9632285, 40.7606065], [-73.9631757, 40.7605896], [-73.9631205, 40.7605691], [-73.9618856, 40.7600372]]}}, {"type": "Feature", "id": "SEG-fce21bb71d", "properties": {"id": "SEG-fce21bb71d", "name": "Jackson Avenue", "highway": "primary", "scope": "in_scope", "borough": "Queens", "bridge": false, "tunnel": false, "status": "geometry_verified"}, "geometry": {"type": "LineString", "coordinates": [[-73.9465388, 40.7454691], [-73.9461769, 40.7456135]]}}, {"type": "Feature", "id": "SEG-937f7e5999", "properties": {"id": "SEG-937f7e5999", "name": "23rd Street", "highway": "tertiary", "scope": "in_scope", "borough": "Queens", "bridge": false, "tunnel": false, "status": "inventoried"}, "geometry": {"type": "LineString", "coordinates": [[-73.94426, 40.7490431], [-73.9439092, 40.7494494], [-73.9437933, 40.7495836], [-73.9437707, 40.7496098], [-73.9437075, 40.7496814]]}}, {"type": "Feature", "id": "SEG-02f1a8ac7c", "properties": {"id": "SEG-02f1a8ac7c", "name": "Borden Avenue", "highway": "residential", "scope": "in_scope", "borough": "Queens", "bridge": false, "tunnel": false, "status": "geometry_verified"}, "geometry": {"type": "LineString", "coordinates": [[-73.957283, 40.7417311], [-73.9572515, 40.7417592], [-73.9572241, 40.741786], [-73.9572074, 40.7418038], [-73.9571898, 40.7418311], [-73.9571762, 40.7418582], [-73.957171, 40.7418809], [-73.9571698, 40.7419073], [-73.957175, 40.7419407], [-73.9571873, 40.7419772], [-73.9572059, 40.7420357]]}}, {"type": "Feature", "id": "SEG-b6974b8060", "properties": {"id": "SEG-b6974b8060", "name": "Borden Avenue", "highway": "secondary", "scope": "in_scope", "borough": "Queens", "bridge": false, "tunnel": false, "status": "inventoried"}, "geometry": {"type": "LineString", "coordinates": [[-73.9406589, 40.7386473], [-73.9403124, 40.7385462], [-73.9400286, 40.7384935]]}}, {"type": "Feature", "id": "SEG-b68a9d44be", "properties": {"id": "SEG-b68a9d44be", "name": "29th Street", "highway": "residential", "scope": "in_scope", "borough": "Queens", "bridge": false, "tunnel": false, "status": "inventoried"}, "geometry": {"type": "LineString", "coordinates": [[-73.935614, 40.752282], [-73.9355686, 40.7523356], [-73.9347665, 40.753206]]}}, {"type": "Feature", "id": "SEG-3125d69951", "properties": {"id": "SEG-3125d69951", "name": "29th Street", "highway": "residential", "scope": "in_scope", "borough": "Queens", "bridge": false, "tunnel": false, "status": "inventoried"}, "geometry": {"type": "LineString", "coordinates": [[-73.9347665, 40.753206], [-73.9347046, 40.7532733], [-73.9345222, 40.7534725], [-73.9344657, 40.7535337]]}}, {"type": "Feature", "id": "SEG-828c5010d6", "properties": {"id": "SEG-828c5010d6", "name": "Jackson Avenue", "highway": "primary", "scope": "in_scope", "borough": "Queens", "bridge": false, "tunnel": false, "status": "inventoried"}, "geometry": {"type": "LineString", "coordinates": [[-73.9389193, 40.7483715], [-73.9390404, 40.7483289], [-73.9391782, 40.7482804]]}}, {"type": "Feature", "id": "SEG-7e077dc74e", "properties": {"id": "SEG-7e077dc74e", "name": "Nassau Avenue", "highway": "residential", "scope": "in_scope", "borough": "Brooklyn", "bridge": false, "tunnel": false, "status": "inventoried"}, "geometry": {"type": "LineString", "coordinates": [[-73.9454318, 40.7255309], [-73.9453507, 40.7255381], [-73.944632, 40.7256042], [-73.9445869, 40.7256083], [-73.944498, 40.725616]]}}, {"type": "Feature", "id": "SEG-f312204c4e", "properties": {"id": "SEG-f312204c4e", "name": "39th Avenue", "highway": "residential", "scope": "in_scope", "borough": "Queens", "bridge": false, "tunnel": false, "status": "inventoried"}, "geometry": {"type": "LineString", "coordinates": [[-73.937549, 40.75516], [-73.937485, 40.7551266], [-73.9368487, 40.7547943], [-73.936789, 40.7547625]]}}, {"type": "Feature", "id": "SEG-f5bccee9ce", "properties": {"id": "SEG-f5bccee9ce", "name": "11th Street", "highway": "unclassified", "scope": "in_scope", "borough": "Queens", "bridge": false, "tunnel": false, "status": "geometry_verified"}, "geometry": {"type": "LineString", "coordinates": [[-73.9526072, 40.7398986], [-73.9522244, 40.7398252]]}}, {"type": "Feature", "id": "SEG-2aceb063a1", "properties": {"id": "SEG-2aceb063a1", "name": "", "highway": "service", "scope": "secondary", "borough": "Queens", "bridge": false, "tunnel": false, "status": "blocked"}, "geometry": {"type": "LineString", "coordinates": [[-73.9533432, 40.7414312], [-73.952838, 40.74143]]}}, {"type": "Feature", "id": "SEG-96b99a3d38", "properties": {"id": "SEG-96b99a3d38", "name": "", "highway": "service", "scope": "secondary", "borough": "Brooklyn", "bridge": false, "tunnel": false, "status": "geometry_verified"}, "geometry": {"type": "LineString", "coordinates": [[-73.9518616, 40.7354658], [-73.9518706, 40.735527], [-73.9518955, 40.7356967]]}}, {"type": "Feature", "id": "SEG-528603fe87", "properties": {"id": "SEG-528603fe87", "name": "Queens-Midtown Tunnel", "highway": "motorway", "scope": "in_scope", "borough": "Manhattan", "bridge": false, "tunnel": true, "status": "blocked"}, "geometry": {"type": "LineString", "coordinates": [[-73.9540773, 40.7415443], [-73.9544235, 40.7415275], [-73.9547055, 40.7415281], [-73.9549746, 40.7415309], [-73.9552647, 40.7415637], [-73.9555608, 40.7416084], [-73.9591574, 40.7422951], [-73.959549, 40.7423849], [-73.9599634, 40.7425074], [-73.9602476, 40.7426309], [-73.9605523, 40.7427643], [-73.9608337, 40.7429176], [-73.9610921, 40.7430765], [-73.9678973, 40.7477156], [-73.9680865, 40.7478174], [-73.9682925, 40.7479118], [-73.9684981, 40.7479838], [-73.9686984, 40.7480398], [-73.968931, 40.7480856], [-73.9691557, 40.7481043], [-73.9694, 40.7481051], [-73.9696229, 40.7480856], [-73.9698565, 40.7480496], [-73.9700778, 40.7479912], [-73.9702706, 40.7479227], [-73.9704697, 40.7478161], [-73.9706935, 40.7476776], [-73.9708347, 40.7475681], [-73.9709712, 40.7474252], [-73.9710581, 40.7472887]]}}, {"type": "Feature", "id": "SEG-8e1a12849a", "properties": {"id": "SEG-8e1a12849a", "name": "India Street", "highway": "residential", "scope": "in_scope", "borough": "Brooklyn", "bridge": false, "tunnel": false, "status": "inventoried"}, "geometry": {"type": "LineString", "coordinates": [[-73.9595841, 40.7318577], [-73.9595072, 40.7318651], [-73.958105, 40.7319982], [-73.9580481, 40.7320036], [-73.9579446, 40.7320134]]}}, {"type": "Feature", "id": "SEG-492085e0d9", "properties": {"id": "SEG-492085e0d9", "name": "West Loop Road", "highway": "unclassified", "scope": "in_scope", "borough": "Manhattan", "bridge": false, "tunnel": false, "status": "inventoried"}, "geometry": {"type": "LineString", "coordinates": [[-73.954271, 40.7557654], [-73.9543056, 40.7557531], [-73.9544144, 40.7556966], [-73.954481, 40.7556619], [-73.9545565, 40.7556202], [-73.9546233, 40.7555763], [-73.9546942, 40.7555254], [-73.9547607, 40.7554707], [-73.9548185, 40.7554144], [-73.9548756, 40.7553568], [-73.9549462, 40.7552812], [-73.9552753, 40.7549281], [-73.9554153, 40.7547801], [-73.9554502, 40.7547447], [-73.9557467, 40.7544236], [-73.9562284, 40.753902], [-73.9562632, 40.7538672], [-73.9564069, 40.7537109], [-73.9565039, 40.7536101], [-73.9566001, 40.7535139], [-73.9567093, 40.7534106], [-73.9568316, 40.7532957], [-73.9569416, 40.7531956], [-73.9569977, 40.7531431], [-73.9570538, 40.7530879], [-73.9572612, 40.7528852], [-73.9572759, 40.7528718], [-73.9572883, 40.7528625], [-73.9573074, 40.7528526], [-73.9573286, 40.7528449], [-73.9573505, 40.7528421], [-73.95737, 40.7528425], [-73.9573927, 40.7528454], [-73.9574057, 40.7528494], [-73.9574274, 40.7528582], [-73.9575427, 40.7529149], [-73.9578776, 40.7530702], [-73.9579348, 40.7531003], [-73.9581885, 40.753235], [-73.9582637, 40.7532774], [-73.9584288, 40.7533795], [-73.958484, 40.7534137], [-73.9585203, 40.7534377], [-73.9585294, 40.7534487], [-73.9585381, 40.7534631], [-73.9585425, 40.7534794], [-73.9585426, 40.7534964], [-73.9585399, 40.7535138], [-73.9585335, 40.7535329], [-73.9585232, 40.753553], [-73.9585096, 40.7535733], [-73.9584898, 40.7535917], [-73.9584213, 40.7536468], [-73.95832, 40.7537331], [-73.9582839, 40.7537674], [-73.9582519, 40.7538012], [-73.9582176, 40.7538406], [-73.9580358, 40.7540533], [-73.957954, 40.7541569], [-73.9578934, 40.7542354], [-73.9578159, 40.7543433], [-73.9577391, 40.7544548], [-73.9576658, 40.7545585], [-73.9575951, 40.754657], [-73.9574749, 40.7548192], [-73.9574469, 40.754855], [-73.9573429, 40.7549836], [-73.957247, 40.7550961], [-73.9571416, 40.755212], [-73.9570264, 40.7553349], [-73.9569172, 40.7554523], [-73.9568833, 40.7554878], [-73.9560172, 40.7564104], [-73.9559294, 40.7565043], [-73.9558969, 40.7565392], [-73.9558339, 40.7566077]]}}, {"type": "Feature", "id": "SEG-67ee9e5201", "properties": {"id": "SEG-67ee9e5201", "name": "Jackson Avenue", "highway": "primary", "scope": "in_scope", "borough": "Queens", "bridge": false, "tunnel": false, "status": "inventoried"}, "geometry": {"type": "LineString", "coordinates": [[-73.940584, 40.7477306], [-73.9402709, 40.7478395], [-73.939982, 40.7479424], [-73.9397894, 40.748008], [-73.9397488, 40.748034]]}}, {"type": "Feature", "id": "SEG-acf7211197", "properties": {"id": "SEG-acf7211197", "name": "27th Street", "highway": "unclassified", "scope": "in_scope", "borough": "Queens", "bridge": false, "tunnel": false, "status": "inventoried"}, "geometry": {"type": "LineString", "coordinates": [[-73.9427603, 40.7397953], [-73.9429462, 40.7392415], [-73.9429602, 40.7392038], [-73.9429947, 40.739111]]}}, {"type": "Feature", "id": "SEG-665d527b60", "properties": {"id": "SEG-665d527b60", "name": "", "highway": "motorway_link", "scope": "in_scope", "borough": "Queens", "bridge": false, "tunnel": false, "status": "inventoried"}, "geometry": {"type": "LineString", "coordinates": [[-73.930661, 40.7369917], [-73.931584, 40.7372287], [-73.9321423, 40.7373539], [-73.932301, 40.7373876], [-73.9324503, 40.737413], [-73.9325852, 40.7374281], [-73.9327339, 40.7374425], [-73.9328843, 40.7374559], [-73.9330606, 40.7374712], [-73.9332291, 40.7374903], [-73.9333965, 40.7375154], [-73.9338663, 40.7375966]]}}, {"type": "Feature", "id": "SEG-f8d662882a", "properties": {"id": "SEG-f8d662882a", "name": "43rd Avenue", "highway": "secondary", "scope": "in_scope", "borough": "Queens", "bridge": false, "tunnel": false, "status": "inventoried"}, "geometry": {"type": "LineString", "coordinates": [[-73.94566, 40.7506535], [-73.9455353, 40.750595], [-73.9446843, 40.7501655]]}}, {"type": "Feature", "id": "SEG-ffb4c7efcc", "properties": {"id": "SEG-ffb4c7efcc", "name": "", "highway": "secondary", "scope": "in_scope", "borough": "Queens", "bridge": false, "tunnel": false, "status": "inventoried"}, "geometry": {"type": "LineString", "coordinates": [[-73.9399264, 40.7387367], [-73.9399957, 40.7385691], [-73.9400128, 40.7385356], [-73.9400286, 40.7384935]]}}, {"type": "Feature", "id": "SEG-c448dddb71", "properties": {"id": "SEG-c448dddb71", "name": "Manhattan Avenue", "highway": "tertiary", "scope": "in_scope", "borough": "Brooklyn", "bridge": false, "tunnel": false, "status": "inventoried"}, "geometry": {"type": "LineString", "coordinates": [[-73.9526928, 40.7271105], [-73.9527242, 40.727166], [-73.9528385, 40.727368], [-73.9531265, 40.7278707], [-73.9532444, 40.7280803], [-73.9532771, 40.7281381]]}}, {"type": "Feature", "id": "SEG-f7d9dada6b", "properties": {"id": "SEG-f7d9dada6b", "name": "51st Avenue", "highway": "unclassified", "scope": "in_scope", "borough": "Queens", "bridge": false, "tunnel": false, "status": "geometry_verified"}, "geometry": {"type": "LineString", "coordinates": [[-73.9473805, 40.7406907], [-73.947491, 40.7407125], [-73.9496907, 40.7411365]]}}, {"type": "Feature", "id": "SEG-eab6d0a4e2", "properties": {"id": "SEG-eab6d0a4e2", "name": "Thomson Avenue", "highway": "primary", "scope": "in_scope", "borough": "Queens", "bridge": false, "tunnel": false, "status": "inventoried"}, "geometry": {"type": "LineString", "coordinates": [[-73.9417221, 40.7461432], [-73.94118, 40.7460248], [-73.9408345, 40.745948]]}}, {"type": "Feature", "id": "SEG-7f26a16465", "properties": {"id": "SEG-7f26a16465", "name": "Bridgewater Street", "highway": "secondary", "scope": "in_scope", "borough": "Brooklyn", "bridge": false, "tunnel": false, "status": "inventoried"}, "geometry": {"type": "LineString", "coordinates": [[-73.9362535, 40.7274928], [-73.937243, 40.727794]]}}, {"type": "Feature", "id": "SEG-2ec0cb177b", "properties": {"id": "SEG-2ec0cb177b", "name": "Dupont Street", "highway": "residential", "scope": "in_scope", "borough": "Brooklyn", "bridge": false, "tunnel": false, "status": "geometry_verified"}, "geometry": {"type": "LineString", "coordinates": [[-73.9529675, 40.7360817], [-73.9530484, 40.736074], [-73.9550783, 40.735882], [-73.9551909, 40.7358732]]}}, {"type": "Feature", "id": "SEG-c0568dcd7f", "properties": {"id": "SEG-c0568dcd7f", "name": "Queensboro Plaza", "highway": "trunk", "scope": "in_scope", "borough": "Queens", "bridge": false, "tunnel": false, "status": "inventoried"}, "geometry": {"type": "LineString", "coordinates": [[-73.9389617, 40.7499391], [-73.9389239, 40.7499184], [-73.9388597, 40.7498902], [-73.9384877, 40.7497293], [-73.9382653, 40.7496158], [-73.9380665, 40.7495011]]}}, {"type": "Feature", "id": "SEG-19bb2a8b61", "properties": {"id": "SEG-19bb2a8b61", "name": "Bradley Avenue", "highway": "unclassified", "scope": "in_scope", "borough": "Queens", "bridge": false, "tunnel": false, "status": "inventoried"}, "geometry": {"type": "LineString", "coordinates": [[-73.9361574, 40.7376836], [-73.9361085, 40.7376052], [-73.936033, 40.737486]]}}, {"type": "Feature", "id": "SEG-d08c128285", "properties": {"id": "SEG-d08c128285", "name": "FDR Drive", "highway": "motorway", "scope": "in_scope", "borough": "Manhattan", "bridge": false, "tunnel": false, "status": "inventoried"}, "geometry": {"type": "LineString", "coordinates": [[-73.9619994, 40.755104], [-73.9621602, 40.7549581], [-73.9622515, 40.7548652], [-73.9623314, 40.754777], [-73.9626987, 40.7543344], [-73.9634115, 40.7535447], [-73.9635797, 40.7533579], [-73.9637348, 40.7531937]]}}, {"type": "Feature", "id": "SEG-e5d23c2c66", "properties": {"id": "SEG-e5d23c2c66", "name": "Brooklyn-Queens Expressway", "highway": "motorway", "scope": "in_scope", "borough": "Brooklyn", "bridge": true, "tunnel": false, "status": "inventoried"}, "geometry": {"type": "LineString", "coordinates": [[-73.9390318, 40.7234193], [-73.9400002, 40.7228899], [-73.9401215, 40.7228218], [-73.9402336, 40.7227542], [-73.9403467, 40.7226861], [-73.9404719, 40.7226055], [-73.9405978, 40.7225189], [-73.9406905, 40.7224543], [-73.9407878, 40.7223869], [-73.9409008, 40.7223044], [-73.9413302, 40.7219923], [-73.941448, 40.7219069], [-73.9415449, 40.7218363], [-73.9416523, 40.7217588], [-73.9417605, 40.7216833], [-73.9418615, 40.7216139], [-73.9419809, 40.7215342], [-73.9420886, 40.721467], [-73.9421981, 40.7214016], [-73.9423019, 40.7213413], [-73.9424221, 40.7212738], [-73.9434048, 40.7207084], [-73.9443836, 40.720143], [-73.9448746, 40.719847], [-73.945361, 40.7195511], [-73.9458411, 40.7192578], [-73.9463148, 40.7189644]]}}, {"type": "Feature", "id": "SEG-5a8d0f4c40", "properties": {"id": "SEG-5a8d0f4c40", "name": "Banker Street", "highway": "residential", "scope": "in_scope", "borough": "Brooklyn", "bridge": false, "tunnel": false, "status": "inventoried"}, "geometry": {"type": "LineString", "coordinates": [[-73.955129, 40.7243295], [-73.9551702, 40.7244022], [-73.9560353, 40.7259265], [-73.9560686, 40.7259882]]}}, {"type": "Feature", "id": "SEG-ae6f5e26e4", "properties": {"id": "SEG-ae6f5e26e4", "name": "Vernon Boulevard", "highway": "primary", "scope": "in_scope", "borough": "Queens", "bridge": false, "tunnel": false, "status": "geometry_verified"}, "geometry": {"type": "LineString", "coordinates": [[-73.9542669, 40.7415252], [-73.9542345, 40.7416087], [-73.9542138, 40.741662]]}}, {"type": "Feature", "id": "SEG-f421432a70", "properties": {"id": "SEG-f421432a70", "name": "Sutton Street", "highway": "residential", "scope": "in_scope", "borough": "Brooklyn", "bridge": false, "tunnel": false, "status": "inventoried"}, "geometry": {"type": "LineString", "coordinates": [[-73.941043, 40.727841], [-73.9410316, 40.7277713], [-73.9407576, 40.7260932], [-73.9407508, 40.7260518], [-73.940738, 40.725973]]}}, {"type": "Feature", "id": "SEG-bb990c7818", "properties": {"id": "SEG-bb990c7818", "name": "Skillman Avenue", "highway": "unclassified", "scope": "in_scope", "borough": "Queens", "bridge": false, "tunnel": false, "status": "inventoried"}, "geometry": {"type": "LineString", "coordinates": [[-73.9403225, 40.7444157], [-73.9392628, 40.7447578]]}}, {"type": "Feature", "id": "SEG-b4c153c172", "properties": {"id": "SEG-b4c153c172", "name": "21st Street", "highway": "primary", "scope": "in_scope", "borough": "Queens", "bridge": false, "tunnel": false, "status": "geometry_verified"}, "geometry": {"type": "LineString", "coordinates": [[-73.9480715, 40.7459865], [-73.9480962, 40.7459174], [-73.948279, 40.7453582], [-73.9483009, 40.7452936]]}}, {"type": "Feature", "id": "SEG-5c0ddae688", "properties": {"id": "SEG-5c0ddae688", "name": "Northern Boulevard", "highway": "primary", "scope": "in_scope", "borough": "Queens", "bridge": false, "tunnel": false, "status": "inventoried"}, "geometry": {"type": "LineString", "coordinates": [[-73.936619, 40.7493056], [-73.936493, 40.7494004]]}}, {"type": "Feature", "id": "SEG-2749163293", "properties": {"id": "SEG-2749163293", "name": "47th Avenue", "highway": "unclassified", "scope": "in_scope", "borough": "Queens", "bridge": false, "tunnel": false, "status": "inventoried"}, "geometry": {"type": "LineString", "coordinates": [[-73.9418105, 40.7438438], [-73.9417983, 40.7438248], [-73.9417865, 40.7438106], [-73.9417725, 40.7438], [-73.9417587, 40.7437925], [-73.9417375, 40.7437841], [-73.9415775, 40.7437646], [-73.9405418, 40.7436425], [-73.9404587, 40.7436324]]}}, {"type": "Feature", "id": "SEG-b9f4ec9761", "properties": {"id": "SEG-b9f4ec9761", "name": "Van Dam Street", "highway": "primary", "scope": "in_scope", "borough": "Queens", "bridge": false, "tunnel": false, "status": "inventoried"}, "geometry": {"type": "LineString", "coordinates": [[-73.9345846, 40.7396908], [-73.9346005, 40.7396108], [-73.9346328, 40.7394412]]}}, {"type": "Feature", "id": "SEG-3fa9cb2992", "properties": {"id": "SEG-3fa9cb2992", "name": "Vernon Boulevard", "highway": "secondary", "scope": "in_scope", "borough": "Queens", "bridge": false, "tunnel": false, "status": "geometry_verified"}, "geometry": {"type": "LineString", "coordinates": [[-73.9531773, 40.7455002], [-73.9531967, 40.7454395], [-73.9533853, 40.7448712], [-73.9534089, 40.7448067]]}}, {"type": "Feature", "id": "SEG-76a1be2d86", "properties": {"id": "SEG-76a1be2d86", "name": "Jackson Avenue", "highway": "primary", "scope": "in_scope", "borough": "Queens", "bridge": false, "tunnel": false, "status": "geometry_verified"}, "geometry": {"type": "LineString", "coordinates": [[-73.9485012, 40.7447002], [-73.9483577, 40.7447621], [-73.948204, 40.7448206], [-73.948085, 40.7448673], [-73.9475086, 40.7450853]]}}, {"type": "Feature", "id": "SEG-1c40cf9411", "properties": {"id": "SEG-1c40cf9411", "name": "Manhattan Avenue", "highway": "tertiary", "scope": "in_scope", "borough": "Brooklyn", "bridge": false, "tunnel": false, "status": "inventoried"}, "geometry": {"type": "LineString", "coordinates": [[-73.950978, 40.724097], [-73.9510201, 40.7241714], [-73.9515835, 40.7251666], [-73.9517026, 40.7253766], [-73.951736, 40.725436]]}}, {"type": "Feature", "id": "SEG-7145ea1933", "properties": {"id": "SEG-7145ea1933", "name": "", "highway": "service", "scope": "secondary", "borough": "Queens", "bridge": false, "tunnel": false, "status": "inventoried"}, "geometry": {"type": "LineString", "coordinates": [[-73.9504954, 40.7540712], [-73.9506924, 40.7538463]]}}, {"type": "Feature", "id": "SEG-20afecd84f", "properties": {"id": "SEG-20afecd84f", "name": "Brooklyn-Queens Expressway", "highway": "motorway", "scope": "in_scope", "borough": "Brooklyn", "bridge": true, "tunnel": false, "status": "inventoried"}, "geometry": {"type": "LineString", "coordinates": [[-73.9344658, 40.7249086], [-73.9348371, 40.7248084]]}}, {"type": "Feature", "id": "SEG-ea7f69e788", "properties": {"id": "SEG-ea7f69e788", "name": "Diamond Street", "highway": "residential", "scope": "in_scope", "borough": "Brooklyn", "bridge": false, "tunnel": false, "status": "inventoried"}, "geometry": {"type": "LineString", "coordinates": [[-73.948495, 40.728485], [-73.9484646, 40.7284317], [-73.9475844, 40.7268931], [-73.947544, 40.726822]]}}, {"type": "Feature", "id": "SEG-448e2a2af4", "properties": {"id": "SEG-448e2a2af4", "name": "", "highway": "service", "scope": "secondary", "borough": "Brooklyn", "bridge": false, "tunnel": false, "status": "inventoried"}, "geometry": {"type": "LineString", "coordinates": [[-73.9516923, 40.7326069], [-73.9516821, 40.7325461], [-73.9516568, 40.7324022], [-73.9518181, 40.7323872], [-73.951914, 40.7323783]]}}, {"type": "Feature", "id": "SEG-d5bd2c8358", "properties": {"id": "SEG-d5bd2c8358", "name": "McGuinness Boulevard", "highway": "primary", "scope": "in_scope", "borough": "Brooklyn", "bridge": false, "tunnel": false, "status": "inventoried"}, "geometry": {"type": "LineString", "coordinates": [[-73.9517118, 40.7311668], [-73.9517213, 40.7312258], [-73.9517365, 40.731319], [-73.9517598, 40.7314509], [-73.9518204, 40.7318119], [-73.9518301, 40.7318727]]}}, {"type": "Feature", "id": "SEG-b0646287ca", "properties": {"id": "SEG-b0646287ca", "name": "Jackson Avenue", "highway": "primary", "scope": "in_scope", "borough": "Queens", "bridge": false, "tunnel": false, "status": "inventoried"}, "geometry": {"type": "LineString", "coordinates": [[-73.9391782, 40.7482804], [-73.939292, 40.7482407], [-73.9395953, 40.7481346]]}}, {"type": "Feature", "id": "SEG-52884cbc4d", "properties": {"id": "SEG-52884cbc4d", "name": "11th Street", "highway": "secondary", "scope": "in_scope", "borough": "Queens", "bridge": false, "tunnel": false, "status": "geometry_verified"}, "geometry": {"type": "LineString", "coordinates": [[-73.9504959, 40.7457192], [-73.950475, 40.7457826], [-73.9502886, 40.7463487], [-73.9502674, 40.746413]]}}, {"type": "Feature", "id": "SEG-1e06aca17c", "properties": {"id": "SEG-1e06aca17c", "name": "Brooklyn-Queens Expressway", "highway": "motorway", "scope": "in_scope", "borough": "Brooklyn", "bridge": false, "tunnel": false, "status": "inventoried"}, "geometry": {"type": "LineString", "coordinates": [[-73.9334779, 40.7251698], [-73.9344658, 40.7249086]]}}, {"type": "Feature", "id": "SEG-311e5fa818", "properties": {"id": "SEG-311e5fa818", "name": "", "highway": "service", "scope": "secondary", "borough": "Brooklyn", "bridge": false, "tunnel": false, "status": "inventoried"}, "geometry": {"type": "LineString", "coordinates": [[-73.957411, 40.7259924], [-73.957516, 40.7260006], [-73.9575416, 40.7260026], [-73.9576339, 40.7260098], [-73.9576194, 40.7261764]]}}, {"type": "Feature", "id": "SEG-bc2d8e011d", "properties": {"id": "SEG-bc2d8e011d", "name": "47th Avenue", "highway": "unclassified", "scope": "in_scope", "borough": "Queens", "bridge": false, "tunnel": false, "status": "inventoried"}, "geometry": {"type": "LineString", "coordinates": [[-73.9339429, 40.7428834], [-73.9337987, 40.7428666], [-73.9330981, 40.7427844], [-73.9330136, 40.7427745]]}}, {"type": "Feature", "id": "SEG-27fade716e", "properties": {"id": "SEG-27fade716e", "name": "Beekman Place", "highway": "residential", "scope": "in_scope", "borough": "Manhattan", "bridge": false, "tunnel": false, "status": "inventoried"}, "geometry": {"type": "LineString", "coordinates": [[-73.964811, 40.753314], [-73.9647683, 40.7533711], [-73.9644119, 40.7538481], [-73.9643836, 40.753886], [-73.964347, 40.753935]]}}, {"type": "Feature", "id": "SEG-4d950e82c7", "properties": {"id": "SEG-4d950e82c7", "name": "Ed Koch Queensboro Bridge Upper Level", "highway": "trunk", "scope": "in_scope", "borough": "Queens", "bridge": true, "tunnel": false, "status": "inventoried"}, "geometry": {"type": "LineString", "coordinates": [[-73.9429365, 40.7512912], [-73.943396, 40.7508071]]}}, {"type": "Feature", "id": "SEG-55999166f6", "properties": {"id": "SEG-55999166f6", "name": "40th Avenue", "highway": "residential", "scope": "in_scope", "borough": "Queens", "bridge": false, "tunnel": false, "status": "inventoried"}, "geometry": {"type": "LineString", "coordinates": [[-73.94205, 40.755649], [-73.9419855, 40.7556158], [-73.9413717, 40.7553019], [-73.941239, 40.755234]]}}, {"type": "Feature", "id": "SEG-3e134b2602", "properties": {"id": "SEG-3e134b2602", "name": "Van Dam Street", "highway": "primary", "scope": "in_scope", "borough": "Queens", "bridge": false, "tunnel": false, "status": "inventoried"}, "geometry": {"type": "LineString", "coordinates": [[-73.9352998, 40.7372257], [-73.9355854, 40.7369628], [-73.9356502, 40.7368893]]}}, {"type": "Feature", "id": "SEG-c9078d347c", "properties": {"id": "SEG-c9078d347c", "name": "McGuinness Boulevard", "highway": "primary", "scope": "in_scope", "borough": "Brooklyn", "bridge": false, "tunnel": false, "status": "inventoried"}, "geometry": {"type": "LineString", "coordinates": [[-73.9491851, 40.7262788], [-73.9491524, 40.726219], [-73.9491354, 40.726188], [-73.9487123, 40.7254485], [-73.9484839, 40.7250504], [-73.9482966, 40.7247239], [-73.948276, 40.7246897], [-73.9482326, 40.7246177]]}}, {"type": "Feature", "id": "SEG-f77eb208c4", "properties": {"id": "SEG-f77eb208c4", "name": "Vernon Boulevard", "highway": "secondary", "scope": "in_scope", "borough": "Queens", "bridge": false, "tunnel": false, "status": "inventoried"}, "geometry": {"type": "LineString", "coordinates": [[-73.9503997, 40.7530182], [-73.9504554, 40.752954], [-73.9508358, 40.7525128], [-73.9509023, 40.7524399]]}}, {"type": "Feature", "id": "SEG-4aabf6b953", "properties": {"id": "SEG-4aabf6b953", "name": "Greenpoint Avenue", "highway": "primary", "scope": "in_scope", "borough": "Brooklyn", "bridge": false, "tunnel": false, "status": "inventoried"}, "geometry": {"type": "LineString", "coordinates": [[-73.9479074, 40.7309065], [-73.9480166, 40.7308675]]}}, {"type": "Feature", "id": "SEG-414b28a2a4", "properties": {"id": "SEG-414b28a2a4", "name": "Greenpoint Avenue", "highway": "primary", "scope": "in_scope", "borough": "Brooklyn", "bridge": false, "tunnel": false, "status": "inventoried"}, "geometry": {"type": "LineString", "coordinates": [[-73.9480166, 40.7308675], [-73.9480856, 40.7308415], [-73.9481589, 40.7308156]]}}, {"type": "Feature", "id": "SEG-62dfb28a13", "properties": {"id": "SEG-62dfb28a13", "name": "Greenpoint Avenue", "highway": "primary", "scope": "in_scope", "borough": "Brooklyn", "bridge": false, "tunnel": false, "status": "inventoried"}, "geometry": {"type": "LineString", "coordinates": [[-73.9481589, 40.7308156], [-73.9482101, 40.730802], [-73.9482594, 40.7307918], [-73.9483038, 40.7307844], [-73.9483604, 40.730778], [-73.9485754, 40.7307574]]}}, {"type": "Feature", "id": "SEG-729753f7bb", "properties": {"id": "SEG-729753f7bb", "name": "Greenpoint Avenue", "highway": "primary", "scope": "in_scope", "borough": "Brooklyn", "bridge": false, "tunnel": false, "status": "inventoried"}, "geometry": {"type": "LineString", "coordinates": [[-73.9485754, 40.7307574], [-73.9487891, 40.730739]]}}, {"type": "Feature", "id": "SEG-03abac4977", "properties": {"id": "SEG-03abac4977", "name": "Greenpoint Avenue", "highway": "residential", "scope": "in_scope", "borough": "Brooklyn", "bridge": false, "tunnel": false, "status": "inventoried"}, "geometry": {"type": "LineString", "coordinates": [[-73.959233, 40.7297295], [-73.959331, 40.7297191], [-73.9593891, 40.7297129], [-73.9601672, 40.7296299]]}}, {"type": "Feature", "id": "SEG-6b4a23c0ee", "properties": {"id": "SEG-6b4a23c0ee", "name": "41st Avenue", "highway": "secondary", "scope": "in_scope", "borough": "Queens", "bridge": false, "tunnel": false, "status": "inventoried"}, "geometry": {"type": "LineString", "coordinates": [[-73.940616, 40.753037], [-73.9405382, 40.7529951], [-73.9399477, 40.7526807], [-73.939871, 40.75264]]}}, {"type": "Feature", "id": "SEG-d7a15a283b", "properties": {"id": "SEG-d7a15a283b", "name": "Greenpoint Avenue", "highway": "primary", "scope": "in_scope", "borough": "Brooklyn", "bridge": false, "tunnel": false, "status": "inventoried"}, "geometry": {"type": "LineString", "coordinates": [[-73.9464124, 40.7314406], [-73.9465272, 40.7314033], [-73.9465803, 40.7313861], [-73.9479074, 40.7309065]]}}, {"type": "Feature", "id": "SEG-5a660e2741", "properties": {"id": "SEG-5a660e2741", "name": "10th Street", "highway": "residential", "scope": "in_scope", "borough": "Queens", "bridge": false, "tunnel": false, "status": "inventoried"}, "geometry": {"type": "LineString", "coordinates": [[-73.94435, 40.756875], [-73.9444138, 40.7568167], [-73.9444257, 40.7568055], [-73.9456118, 40.755716], [-73.945676, 40.755657]]}}, {"type": "Feature", "id": "SEG-a6f538f464", "properties": {"id": "SEG-a6f538f464", "name": "Vernon Boulevard", "highway": "secondary", "scope": "in_scope", "borough": "Queens", "bridge": false, "tunnel": false, "status": "inventoried"}, "geometry": {"type": "LineString", "coordinates": [[-73.9522338, 40.7498436], [-73.9522251, 40.7495327], [-73.9522114, 40.7491655], [-73.9522085, 40.7490527]]}}, {"type": "Feature", "id": "SEG-e1498071b9", "properties": {"id": "SEG-e1498071b9", "name": "", "highway": "service", "scope": "secondary", "borough": "Queens", "bridge": false, "tunnel": false, "status": "inventoried"}, "geometry": {"type": "LineString", "coordinates": [[-73.9394487, 40.7363542], [-73.9395264, 40.7363199], [-73.9396432, 40.7362704], [-73.9397378, 40.7362374], [-73.9398457, 40.736216], [-73.9399396, 40.7362074], [-73.9399879, 40.7361947]]}}, {"type": "Feature", "id": "SEG-dc51f69def", "properties": {"id": "SEG-dc51f69def", "name": "9th Street", "highway": "residential", "scope": "in_scope", "borough": "Queens", "bridge": false, "tunnel": false, "status": "inventoried"}, "geometry": {"type": "LineString", "coordinates": [[-73.949596, 40.752609], [-73.949655, 40.7525405], [-73.9501277, 40.7519936], [-73.9501716, 40.7519416]]}}, {"type": "Feature", "id": "SEG-704e1aa20e", "properties": {"id": "SEG-704e1aa20e", "name": "Oak Street", "highway": "residential", "scope": "in_scope", "borough": "Brooklyn", "bridge": false, "tunnel": false, "status": "inventoried"}, "geometry": {"type": "LineString", "coordinates": [[-73.9611963, 40.7274211], [-73.9602992, 40.7274394], [-73.960181, 40.7274495]]}}, {"type": "Feature", "id": "SEG-a849d36fcc", "properties": {"id": "SEG-a849d36fcc", "name": "", "highway": "motorway_link", "scope": "in_scope", "borough": "Queens", "bridge": false, "tunnel": false, "status": "geometry_verified"}, "geometry": {"type": "LineString", "coordinates": [[-73.9527328, 40.7413438], [-73.9524682, 40.7412646], [-73.9523587, 40.7412258], [-73.9522811, 40.7411943], [-73.9521973, 40.7411545], [-73.9521502, 40.7411312], [-73.9521112, 40.7411036], [-73.952095, 40.7410848], [-73.9520833, 40.741062], [-73.9520808, 40.7410432], [-73.9520836, 40.7410235], [-73.9520887, 40.7410086], [-73.9521024, 40.7409688], [-73.9521338, 40.7408803]]}}, {"type": "Feature", "id": "SEG-fe897fcf7e", "properties": {"id": "SEG-fe897fcf7e", "name": "Borden Avenue", "highway": "secondary", "scope": "in_scope", "borough": "Queens", "bridge": false, "tunnel": false, "status": "inventoried"}, "geometry": {"type": "LineString", "coordinates": [[-73.9367993, 40.7380463], [-73.9368928, 40.7380585], [-73.9370075, 40.7380733], [-73.9372514, 40.7381084], [-73.9374207, 40.738135], [-73.9375939, 40.7381632], [-73.9376564, 40.7381765], [-73.9377342, 40.7381931]]}}, {"type": "Feature", "id": "SEG-bfa1ad8b58", "properties": {"id": "SEG-bfa1ad8b58", "name": "Norman Avenue", "highway": "residential", "scope": "in_scope", "borough": "Brooklyn", "bridge": false, "tunnel": false, "status": "inventoried"}, "geometry": {"type": "LineString", "coordinates": [[-73.945735, 40.7274038], [-73.9456573, 40.7274112], [-73.9456, 40.7274167], [-73.9448991, 40.727484], [-73.944808, 40.7274931]]}}, {"type": "Feature", "id": "SEG-ecbd9033c1", "properties": {"id": "SEG-ecbd9033c1", "name": "", "highway": "service", "scope": "secondary", "borough": "Queens", "bridge": false, "tunnel": false, "status": "inventoried"}, "geometry": {"type": "LineString", "coordinates": [[-73.9342755, 40.751668], [-73.9342545, 40.7517113], [-73.934224, 40.7517622]]}}, {"type": "Feature", "id": "SEG-06599950b4", "properties": {"id": "SEG-06599950b4", "name": "Greenpoint Avenue", "highway": "unclassified", "scope": "in_scope", "borough": "Queens", "bridge": false, "tunnel": false, "status": "inventoried"}, "geometry": {"type": "LineString", "coordinates": [[-73.9389494, 40.733749], [-73.9388137, 40.7338052], [-73.9380288, 40.7341182], [-73.9379962, 40.7341338], [-73.9379657, 40.7341515], [-73.9378712, 40.7342114]]}}, {"type": "Feature", "id": "SEG-07826063e8", "properties": {"id": "SEG-07826063e8", "name": "Queensboro Plaza", "highway": "trunk", "scope": "in_scope", "borough": "Queens", "bridge": false, "tunnel": false, "status": "inventoried"}, "geometry": {"type": "LineString", "coordinates": [[-73.9380918, 40.7498394], [-73.9386862, 40.750082], [-73.9387697, 40.7501172], [-73.9388549, 40.7501525], [-73.9395283, 40.7504319], [-73.9395999, 40.7504616], [-73.9396677, 40.7504895], [-73.9403589, 40.7507764], [-73.940643, 40.7508942]]}}, {"type": "Feature", "id": "SEG-c1f5a93c2f", "properties": {"id": "SEG-c1f5a93c2f", "name": "Kent Street", "highway": "residential", "scope": "in_scope", "borough": "Brooklyn", "bridge": false, "tunnel": false, "status": "inventoried"}, "geometry": {"type": "LineString", "coordinates": [[-73.9543818, 40.7309123], [-73.954261, 40.7309232], [-73.9519483, 40.7311441], [-73.9518504, 40.7311535]]}}, {"type": "Feature", "id": "SEG-07514cd15c", "properties": {"id": "SEG-07514cd15c", "name": "", "highway": "service", "scope": "secondary", "borough": "Brooklyn", "bridge": false, "tunnel": false, "status": "inventoried"}, "geometry": {"type": "LineString", "coordinates": [[-73.9448437, 40.7336147], [-73.9449589, 40.7336029], [-73.9450032, 40.7335948], [-73.9450286, 40.7335815], [-73.9450367, 40.7335602], [-73.945034, 40.7335317], [-73.9449515, 40.7330373]]}}, {"type": "Feature", "id": "SEG-dfe116a95e", "properties": {"id": "SEG-dfe116a95e", "name": "53rd Avenue", "highway": "unclassified", "scope": "in_scope", "borough": "Queens", "bridge": false, "tunnel": false, "status": "geometry_verified"}, "geometry": {"type": "LineString", "coordinates": [[-73.9520389, 40.7403553], [-73.9516927, 40.7402887], [-73.9516326, 40.7402738], [-73.9515851, 40.7402569], [-73.9515244, 40.7402332], [-73.9514544, 40.7401993], [-73.9512152, 40.7400908], [-73.9511443, 40.7400536], [-73.9510788, 40.7400127], [-73.9510011, 40.7399626], [-73.9509023, 40.739899], [-73.9508, 40.7398268], [-73.9506694, 40.7397309]]}}, {"type": "Feature", "id": "SEG-1c5f13f351", "properties": {"id": "SEG-1c5f13f351", "name": "", "highway": "service", "scope": "secondary", "borough": "Brooklyn", "bridge": false, "tunnel": false, "status": "inventoried"}, "geometry": {"type": "LineString", "coordinates": [[-73.9428969, 40.7302241], [-73.9431286, 40.7302009], [-73.9432195, 40.7308048]]}}, {"type": "Feature", "id": "SEG-6a84b5ebee", "properties": {"id": "SEG-6a84b5ebee", "name": "", "highway": "service", "scope": "secondary", "borough": "Brooklyn", "bridge": false, "tunnel": false, "status": "inventoried"}, "geometry": {"type": "LineString", "coordinates": [[-73.9432195, 40.7308048], [-73.9433756, 40.7318425], [-73.9431687, 40.7318571], [-73.942948, 40.7318793], [-73.942775, 40.7306639], [-73.9429603, 40.7306483]]}}, {"type": "Feature", "id": "SEG-5e7e173f3b", "properties": {"id": "SEG-5e7e173f3b", "name": "East 42nd Street", "highway": "primary", "scope": "in_scope", "borough": "Manhattan", "bridge": false, "tunnel": false, "status": "inventoried"}, "geometry": {"type": "LineString", "coordinates": [[-73.9721997, 40.7498334], [-73.9720631, 40.7497715], [-73.9720082, 40.7497481], [-73.9718154, 40.749665], [-73.9705351, 40.749124], [-73.9700536, 40.7489203], [-73.9699706, 40.7488839]]}}, {"type": "Feature", "id": "SEG-1acda0595d", "properties": {"id": "SEG-1acda0595d", "name": "Franklin Street", "highway": "secondary", "scope": "in_scope", "borough": "Brooklyn", "bridge": false, "tunnel": false, "status": "inventoried"}, "geometry": {"type": "LineString", "coordinates": [[-73.9574871, 40.7255696], [-73.957411, 40.7259924]]}}, {"type": "Feature", "id": "SEG-988af4701b", "properties": {"id": "SEG-988af4701b", "name": "Franklin Street", "highway": "secondary", "scope": "in_scope", "borough": "Brooklyn", "bridge": false, "tunnel": false, "status": "inventoried"}, "geometry": {"type": "LineString", "coordinates": [[-73.957411, 40.7259924], [-73.9573666, 40.7262393], [-73.9573562, 40.7263057]]}}, {"type": "Feature", "id": "SEG-f3e72a7383", "properties": {"id": "SEG-f3e72a7383", "name": "Jackson Avenue", "highway": "primary", "scope": "in_scope", "borough": "Queens", "bridge": false, "tunnel": false, "status": "geometry_verified"}, "geometry": {"type": "LineString", "coordinates": [[-73.9537796, 40.7419294], [-73.9528498, 40.7424257], [-73.9527543, 40.7424742]]}}, {"type": "Feature", "id": "SEG-36d62f0daf", "properties": {"id": "SEG-36d62f0daf", "name": "23rd Street", "highway": "residential", "scope": "in_scope", "borough": "Queens", "bridge": false, "tunnel": false, "status": "inventoried"}, "geometry": {"type": "LineString", "coordinates": [[-73.9418628, 40.7516905], [-73.9418219, 40.7517336], [-73.9412574, 40.7523433], [-73.9406612, 40.7529881], [-73.940616, 40.753037]]}}, {"type": "Feature", "id": "SEG-d782462710", "properties": {"id": "SEG-d782462710", "name": "Meeker Avenue", "highway": "unclassified", "scope": "in_scope", "borough": "Brooklyn", "bridge": false, "tunnel": false, "status": "inventoried"}, "geometry": {"type": "LineString", "coordinates": [[-73.9325128, 40.7279096], [-73.93374, 40.7270882], [-73.9338551, 40.7270138], [-73.9340585, 40.7268826], [-73.934146, 40.7268262]]}}, {"type": "Feature", "id": "SEG-972ed88382", "properties": {"id": "SEG-972ed88382", "name": "Queens-Midtown Tunnel", "highway": "motorway", "scope": "in_scope", "borough": "Manhattan", "bridge": false, "tunnel": false, "status": "inventoried"}, "geometry": {"type": "LineString", "coordinates": [[-73.9731246, 40.7459379], [-73.973174, 40.7459412], [-73.9732401, 40.745952], [-73.973311, 40.7459674], [-73.9733717, 40.745983], [-73.9734218, 40.745999], [-73.9734792, 40.7460197], [-73.973633, 40.7460737], [-73.9739093, 40.7461806], [-73.9741058, 40.7462544]]}}, {"type": "Feature", "id": "SEG-69084afed9", "properties": {"id": "SEG-69084afed9", "name": "", "highway": "service", "scope": "secondary", "borough": "Queens", "bridge": false, "tunnel": false, "status": "inventoried"}, "geometry": {"type": "LineString", "coordinates": [[-73.933723, 40.7460534], [-73.9337777, 40.7459904]]}}, {"type": "Feature", "id": "SEG-236a6c85ee", "properties": {"id": "SEG-236a6c85ee", "name": "47th Road", "highway": "residential", "scope": "in_scope", "borough": "Queens", "bridge": false, "tunnel": false, "status": "geometry_verified"}, "geometry": {"type": "LineString", "coordinates": [[-73.9557423, 40.7452614], [-73.9556673, 40.7452468], [-73.9535186, 40.7448289], [-73.9534089, 40.7448067]]}}, {"type": "Feature", "id": "SEG-b9f1f518cb", "properties": {"id": "SEG-b9f1f518cb", "name": "Saint Calixtus Avenue", "highway": "service", "scope": "secondary", "borough": "Queens", "bridge": false, "tunnel": false, "status": "inventoried"}, "geometry": {"type": "LineString", "coordinates": [[-73.9333353, 40.7311877], [-73.9332538, 40.7313118], [-73.9331451, 40.7315067], [-73.9330808, 40.7316211], [-73.9330543, 40.7316715], [-73.9330324, 40.7317239], [-73.9330078, 40.7317936], [-73.9329836, 40.7318704], [-73.9329638, 40.7319404], [-73.932888, 40.7321764], [-73.9328679, 40.732226], [-73.9328434, 40.7322698], [-73.9328187, 40.7323054], [-73.9327964, 40.7323297], [-73.9327816, 40.7323435], [-73.9327493, 40.7323584], [-73.9325979, 40.7324244], [-73.9323479, 40.7325435]]}}, {"type": "Feature", "id": "SEG-216841da1f", "properties": {"id": "SEG-216841da1f", "name": "", "highway": "service", "scope": "secondary", "borough": "Brooklyn", "bridge": false, "tunnel": false, "status": "geometry_verified"}, "geometry": {"type": "LineString", "coordinates": [[-73.952324, 40.737661], [-73.9522134, 40.7379018], [-73.952558, 40.737975]]}}, {"type": "Feature", "id": "SEG-b5569aea56", "properties": {"id": "SEG-b5569aea56", "name": "", "highway": "service", "scope": "secondary", "borough": "Brooklyn", "bridge": false, "tunnel": false, "status": "geometry_verified"}, "geometry": {"type": "LineString", "coordinates": [[-73.952558, 40.737975], [-73.9525091, 40.7377149]]}}, {"type": "Feature", "id": "SEG-7ad9f27956", "properties": {"id": "SEG-7ad9f27956", "name": "Russell Street", "highway": "residential", "scope": "in_scope", "borough": "Brooklyn", "bridge": false, "tunnel": false, "status": "inventoried"}, "geometry": {"type": "LineString", "coordinates": [[-73.944498, 40.725616], [-73.9445109, 40.7256967], [-73.9447957, 40.7274185], [-73.944808, 40.7274931]]}}, {"type": "Feature", "id": "SEG-096db25d3b", "properties": {"id": "SEG-096db25d3b", "name": "Eckford Street", "highway": "residential", "scope": "in_scope", "borough": "Brooklyn", "bridge": false, "tunnel": false, "status": "inventoried"}, "geometry": {"type": "LineString", "coordinates": [[-73.949083, 40.724336], [-73.9491239, 40.7244077], [-73.9499939, 40.7259373], [-73.950029, 40.725999]]}}, {"type": "Feature", "id": "SEG-8e3b7c9adb", "properties": {"id": "SEG-8e3b7c9adb", "name": "Northern Boulevard", "highway": "primary", "scope": "in_scope", "borough": "Queens", "bridge": false, "tunnel": false, "status": "inventoried"}, "geometry": {"type": "LineString", "coordinates": [[-73.934743, 40.750979], [-73.9346899, 40.7510201], [-73.9346064, 40.7510813], [-73.9345418, 40.751126], [-73.9344675, 40.7511735], [-73.9341795, 40.7513535]]}}, {"type": "Feature", "id": "SEG-4218e73370", "properties": {"id": "SEG-4218e73370", "name": "Northern Boulevard", "highway": "primary", "scope": "in_scope", "borough": "Queens", "bridge": false, "tunnel": false, "status": "inventoried"}, "geometry": {"type": "LineString", "coordinates": [[-73.9341795, 40.7513535], [-73.9340482, 40.7514348], [-73.9339102, 40.7515082], [-73.9337792, 40.7515694]]}}, {"type": "Feature", "id": "SEG-654c9e92c1", "properties": {"id": "SEG-654c9e92c1", "name": "Newel Street", "highway": "residential", "scope": "in_scope", "borough": "Brooklyn", "bridge": false, "tunnel": false, "status": "inventoried"}, "geometry": {"type": "LineString", "coordinates": [[-73.949911, 40.729244], [-73.9499466, 40.7293067], [-73.9502074, 40.7297654], [-73.9505797, 40.7304202], [-73.9505988, 40.7304602], [-73.9506277, 40.7305542]]}}, {"type": "Feature", "id": "SEG-35ffafd9d4", "properties": {"id": "SEG-35ffafd9d4", "name": "40th Avenue", "highway": "residential", "scope": "in_scope", "borough": "Queens", "bridge": false, "tunnel": false, "status": "inventoried"}, "geometry": {"type": "LineString", "coordinates": [[-73.9337792, 40.7515694], [-73.9338723, 40.7516248], [-73.9339331, 40.7516517], [-73.934224, 40.7517622]]}}, {"type": "Feature", "id": "SEG-9d7f3a9ad3", "properties": {"id": "SEG-9d7f3a9ad3", "name": "40th Avenue", "highway": "residential", "scope": "in_scope", "borough": "Queens", "bridge": false, "tunnel": false, "status": "inventoried"}, "geometry": {"type": "LineString", "coordinates": [[-73.934224, 40.7517622], [-73.9346865, 40.7519378], [-73.9347568, 40.7519655]]}}, {"type": "Feature", "id": "SEG-b6e46a0ead", "properties": {"id": "SEG-b6e46a0ead", "name": "Newel Street", "highway": "residential", "scope": "in_scope", "borough": "Brooklyn", "bridge": false, "tunnel": false, "status": "inventoried"}, "geometry": {"type": "LineString", "coordinates": [[-73.947425, 40.724885], [-73.9474649, 40.724955], [-73.9483393, 40.7264889], [-73.948373, 40.726548]]}}, {"type": "Feature", "id": "SEG-c52be981ac", "properties": {"id": "SEG-c52be981ac", "name": "", "highway": "service", "scope": "secondary", "borough": "Queens", "bridge": false, "tunnel": false, "status": "geometry_verified"}, "geometry": {"type": "LineString", "coordinates": [[-73.9472004, 40.7415472], [-73.9472989, 40.7415651], [-73.9473118, 40.7415748], [-73.9473235, 40.741593], [-73.9473267, 40.7416071], [-73.9472563, 40.7418444], [-73.9472365, 40.7418658], [-73.947212, 40.7418735], [-73.9471805, 40.7418695], [-73.947137, 40.7417881]]}}, {"type": "Feature", "id": "SEG-f4dbcd8a71", "properties": {"id": "SEG-f4dbcd8a71", "name": "Meeker Avenue", "highway": "secondary", "scope": "in_scope", "borough": "Brooklyn", "bridge": false, "tunnel": false, "status": "inventoried"}, "geometry": {"type": "LineString", "coordinates": [[-73.935398, 40.725907], [-73.9354604, 40.7258586], [-73.936469, 40.7250759], [-73.936591, 40.7249813], [-73.9366318, 40.7249495], [-73.9367886, 40.7248208]]}}, {"type": "Feature", "id": "SEG-bacde3eafe", "properties": {"id": "SEG-bacde3eafe", "name": "21st Street", "highway": "primary", "scope": "in_scope", "borough": "Queens", "bridge": true, "tunnel": false, "status": "geometry_verified"}, "geometry": {"type": "LineString", "coordinates": [[-73.9489241, 40.7434268], [-73.9489621, 40.7433145], [-73.9491605, 40.7427278]]}}, {"type": "Feature", "id": "SEG-43dddacebc", "properties": {"id": "SEG-43dddacebc", "name": "Pearson Street", "highway": "residential", "scope": "in_scope", "borough": "Queens", "bridge": false, "tunnel": false, "status": "geometry_verified"}, "geometry": {"type": "LineString", "coordinates": [[-73.9448564, 40.7460905], [-73.9448165, 40.7460328], [-73.9447917, 40.745997], [-73.9446916, 40.7458526]]}}, {"type": "Feature", "id": "SEG-b6e84e4a47", "properties": {"id": "SEG-b6e84e4a47", "name": "Pearson Street", "highway": "residential", "scope": "in_scope", "borough": "Queens", "bridge": false, "tunnel": false, "status": "geometry_verified"}, "geometry": {"type": "LineString", "coordinates": [[-73.9446916, 40.7458526], [-73.9446306, 40.7457665]]}}, {"type": "Feature", "id": "SEG-38dc682a17", "properties": {"id": "SEG-38dc682a17", "name": "Pearson Street", "highway": "residential", "scope": "in_scope", "borough": "Queens", "bridge": false, "tunnel": false, "status": "geometry_verified"}, "geometry": {"type": "LineString", "coordinates": [[-73.9446306, 40.7457665], [-73.9446106, 40.7457364]]}}, {"type": "Feature", "id": "SEG-91061bb8f0", "properties": {"id": "SEG-91061bb8f0", "name": "Pearson Street", "highway": "residential", "scope": "in_scope", "borough": "Queens", "bridge": false, "tunnel": false, "status": "geometry_verified"}, "geometry": {"type": "LineString", "coordinates": [[-73.9446106, 40.7457364], [-73.9441533, 40.7450744], [-73.9441304, 40.7450408], [-73.9437637, 40.7445107]]}}, {"type": "Feature", "id": "SEG-95a4d37061", "properties": {"id": "SEG-95a4d37061", "name": "", "highway": "service", "scope": "secondary", "borough": "Brooklyn", "bridge": false, "tunnel": false, "status": "inventoried"}, "geometry": {"type": "LineString", "coordinates": [[-73.9484804, 40.730494], [-73.9483859, 40.7305118]]}}, {"type": "Feature", "id": "SEG-c4cd45798b", "properties": {"id": "SEG-c4cd45798b", "name": "", "highway": "service", "scope": "secondary", "borough": "Brooklyn", "bridge": false, "tunnel": false, "status": "inventoried"}, "geometry": {"type": "LineString", "coordinates": [[-73.9483859, 40.7305118], [-73.9482937, 40.7305291], [-73.948114, 40.7305892], [-73.9480266, 40.7306091]]}}, {"type": "Feature", "id": "SEG-95939c8525", "properties": {"id": "SEG-95939c8525", "name": "", "highway": "service", "scope": "secondary", "borough": "Brooklyn", "bridge": false, "tunnel": false, "status": "inventoried"}, "geometry": {"type": "LineString", "coordinates": [[-73.9480266, 40.7306091], [-73.9479891, 40.730623]]}}, {"type": "Feature", "id": "SEG-29f03f01b7", "properties": {"id": "SEG-29f03f01b7", "name": "Jackson Avenue", "highway": "primary", "scope": "in_scope", "borough": "Queens", "bridge": false, "tunnel": false, "status": "geometry_verified"}, "geometry": {"type": "LineString", "coordinates": [[-73.9527543, 40.7424742], [-73.9526766, 40.7425254], [-73.9523902, 40.7426909]]}}, {"type": "Feature", "id": "SEG-096d87da94", "properties": {"id": "SEG-096d87da94", "name": "1st Avenue", "highway": "primary", "scope": "in_scope", "borough": "Manhattan", "bridge": false, "tunnel": false, "status": "inventoried"}, "geometry": {"type": "LineString", "coordinates": [[-73.9652321, 40.7551314], [-73.9651876, 40.7551926], [-73.9650048, 40.7554432], [-73.9648231, 40.7556925], [-73.9647728, 40.7557614]]}}, {"type": "Feature", "id": "SEG-62d54c6c4d", "properties": {"id": "SEG-62d54c6c4d", "name": "", "highway": "motorway_link", "scope": "in_scope", "borough": "Brooklyn", "bridge": false, "tunnel": false, "status": "inventoried"}, "geometry": {"type": "LineString", "coordinates": [[-73.9343172, 40.7245885], [-73.9334774, 40.7247841], [-73.9333375, 40.7248166]]}}, {"type": "Feature", "id": "SEG-368739965a", "properties": {"id": "SEG-368739965a", "name": "Huron Street", "highway": "residential", "scope": "in_scope", "borough": "Brooklyn", "bridge": false, "tunnel": false, "status": "inventoried"}, "geometry": {"type": "LineString", "coordinates": [[-73.9596984, 40.7325667], [-73.959796, 40.7325575], [-73.9598474, 40.7325524], [-73.9614364, 40.7323947], [-73.9614779, 40.7323906], [-73.9615826, 40.7323802], [-73.9616528, 40.7323732]]}}, {"type": "Feature", "id": "SEG-6a644347b4", "properties": {"id": "SEG-6a644347b4", "name": "Manhattan Avenue", "highway": "tertiary", "scope": "in_scope", "borough": "Brooklyn", "bridge": false, "tunnel": false, "status": "geometry_verified"}, "geometry": {"type": "LineString", "coordinates": [[-73.9549621, 40.734465], [-73.9549495, 40.7343912], [-73.9549439, 40.7343572], [-73.9548999, 40.7340879], [-73.954854, 40.7338073], [-73.9548439, 40.7337436]]}}, {"type": "Feature", "id": "SEG-250f136a47", "properties": {"id": "SEG-250f136a47", "name": "Northern Boulevard", "highway": "primary", "scope": "in_scope", "borough": "Queens", "bridge": false, "tunnel": false, "status": "inventoried"}, "geometry": {"type": "LineString", "coordinates": [[-73.9373948, 40.7489275], [-73.9372177, 40.7489838], [-73.9371852, 40.7489946], [-73.9368845, 40.7491282], [-73.9367877, 40.7491713], [-73.9367411, 40.7492084], [-73.936619, 40.7493056]]}}, {"type": "Feature", "id": "SEG-c448d478a2", "properties": {"id": "SEG-c448d478a2", "name": "Gale Avenue", "highway": "unclassified", "scope": "in_scope", "borough": "Queens", "bridge": false, "tunnel": false, "status": "inventoried"}, "geometry": {"type": "LineString", "coordinates": [[-73.9339164, 40.7383172], [-73.9342687, 40.7388779]]}}, {"type": "Feature", "id": "SEG-8b4ef1e86d", "properties": {"id": "SEG-8b4ef1e86d", "name": "Gale Avenue", "highway": "unclassified", "scope": "in_scope", "borough": "Queens", "bridge": false, "tunnel": false, "status": "inventoried"}, "geometry": {"type": "LineString", "coordinates": [[-73.9342687, 40.7388779], [-73.9343565, 40.7390177], [-73.9343745, 40.7390458]]}}, {"type": "Feature", "id": "SEG-8f4731ec5e", "properties": {"id": "SEG-8f4731ec5e", "name": "Gale Avenue", "highway": "unclassified", "scope": "in_scope", "borough": "Queens", "bridge": false, "tunnel": false, "status": "inventoried"}, "geometry": {"type": "LineString", "coordinates": [[-73.9343745, 40.7390458], [-73.9343998, 40.7390862]]}}, {"type": "Feature", "id": "SEG-377ddb3ac8", "properties": {"id": "SEG-377ddb3ac8", "name": "Gale Avenue", "highway": "unclassified", "scope": "in_scope", "borough": "Queens", "bridge": false, "tunnel": false, "status": "inventoried"}, "geometry": {"type": "LineString", "coordinates": [[-73.9343998, 40.7390862], [-73.9345322, 40.7392865], [-73.9346328, 40.7394412]]}}, {"type": "Feature", "id": "SEG-2c5d3a8a3d", "properties": {"id": "SEG-2c5d3a8a3d", "name": "44th Drive", "highway": "tertiary", "scope": "in_scope", "borough": "Queens", "bridge": false, "tunnel": false, "status": "inventoried"}, "geometry": {"type": "LineString", "coordinates": [[-73.9516444, 40.7489444], [-73.9520572, 40.7490255], [-73.9520982, 40.7490333], [-73.9522085, 40.7490527]]}}, {"type": "Feature", "id": "SEG-c034b6df03", "properties": {"id": "SEG-c034b6df03", "name": "Vernon Boulevard", "highway": "secondary", "scope": "in_scope", "borough": "Queens", "bridge": false, "tunnel": false, "status": "inventoried"}, "geometry": {"type": "LineString", "coordinates": [[-73.9493907, 40.7541784], [-73.9494532, 40.7541127], [-73.9497969, 40.7537192]]}}, {"type": "Feature", "id": "SEG-262c08e0c8", "properties": {"id": "SEG-262c08e0c8", "name": "Vernon Boulevard", "highway": "secondary", "scope": "in_scope", "borough": "Queens", "bridge": false, "tunnel": false, "status": "inventoried"}, "geometry": {"type": "LineString", "coordinates": [[-73.9497969, 40.7537192], [-73.9501288, 40.7533334]]}}, {"type": "Feature", "id": "SEG-409cb35c93", "properties": {"id": "SEG-409cb35c93", "name": "Vernon Boulevard", "highway": "secondary", "scope": "in_scope", "borough": "Queens", "bridge": false, "tunnel": false, "status": "inventoried"}, "geometry": {"type": "LineString", "coordinates": [[-73.9501288, 40.7533334], [-73.9502942, 40.7531396]]}}, {"type": "Feature", "id": "SEG-09dab60a29", "properties": {"id": "SEG-09dab60a29", "name": "Vernon Boulevard", "highway": "secondary", "scope": "in_scope", "borough": "Queens", "bridge": false, "tunnel": false, "status": "inventoried"}, "geometry": {"type": "LineString", "coordinates": [[-73.9502942, 40.7531396], [-73.950335, 40.7530932], [-73.9503997, 40.7530182]]}}, {"type": "Feature", "id": "SEG-179d9cee90", "properties": {"id": "SEG-179d9cee90", "name": "East 49th Street", "highway": "secondary", "scope": "in_scope", "borough": "Manhattan", "bridge": false, "tunnel": false, "status": "inventoried"}, "geometry": {"type": "LineString", "coordinates": [[-73.9666622, 40.7532753], [-73.9667167, 40.7532981], [-73.9667489, 40.7533112], [-73.9669829, 40.753413], [-73.9684774, 40.754041], [-73.9688487, 40.754197], [-73.968978, 40.754251]]}}, {"type": "Feature", "id": "SEG-cd6e15f6f6", "properties": {"id": "SEG-cd6e15f6f6", "name": "Ed Koch Queensboro Bridge Lower Level", "highway": "trunk", "scope": "in_scope", "borough": "Queens", "bridge": true, "tunnel": false, "status": "inventoried"}, "geometry": {"type": "LineString", "coordinates": [[-73.941878, 40.7514253], [-73.9426652, 40.7518149], [-73.9436852, 40.7522541], [-73.9456052, 40.7530893], [-73.948878, 40.7545046]]}}, {"type": "Feature", "id": "SEG-89aa1aa19a", "properties": {"id": "SEG-89aa1aa19a", "name": "", "highway": "motorway_link", "scope": "in_scope", "borough": "Queens", "bridge": false, "tunnel": false, "status": "geometry_verified"}, "geometry": {"type": "LineString", "coordinates": [[-73.9517016, 40.7411915], [-73.9516127, 40.7412277], [-73.9514507, 40.7412868]]}}, {"type": "Feature", "id": "SEG-db456ee8bb", "properties": {"id": "SEG-db456ee8bb", "name": "", "highway": "service", "scope": "secondary", "borough": "Brooklyn", "bridge": false, "tunnel": false, "status": "geometry_verified"}, "geometry": {"type": "LineString", "coordinates": [[-73.950372, 40.7376316], [-73.9509554, 40.7378043], [-73.9511462, 40.7374408]]}}, {"type": "Feature", "id": "SEG-0f54a001a0", "properties": {"id": "SEG-0f54a001a0", "name": "", "highway": "service", "scope": "secondary", "borough": "Brooklyn", "bridge": false, "tunnel": false, "status": "geometry_verified"}, "geometry": {"type": "LineString", "coordinates": [[-73.9511462, 40.7374408], [-73.9512116, 40.7373518], [-73.951312, 40.7371708], [-73.9513276, 40.7371408], [-73.9513577, 40.737084]]}}, {"type": "Feature", "id": "SEG-7448a1cf76", "properties": {"id": "SEG-7448a1cf76", "name": "Skillman Avenue", "highway": "residential", "scope": "in_scope", "borough": "Queens", "bridge": false, "tunnel": false, "status": "inventoried"}, "geometry": {"type": "LineString", "coordinates": [[-73.9322774, 40.7464862], [-73.9332677, 40.7462774]]}}, {"type": "Feature", "id": "SEG-8cbfcbce3f", "properties": {"id": "SEG-8cbfcbce3f", "name": "", "highway": "service", "scope": "secondary", "borough": "Brooklyn", "bridge": false, "tunnel": false, "status": "inventoried"}, "geometry": {"type": "LineString", "coordinates": [[-73.9479891, 40.730623], [-73.9478964, 40.7306544]]}}, {"type": "Feature", "id": "SEG-eac56279e9", "properties": {"id": "SEG-eac56279e9", "name": "", "highway": "residential", "scope": "in_scope", "borough": "Queens", "bridge": false, "tunnel": false, "status": "geometry_verified"}, "geometry": {"type": "LineString", "coordinates": [[-73.9510573, 40.7428631], [-73.9505816, 40.7427518], [-73.9504735, 40.7427318]]}}, {"type": "Feature", "id": "SEG-20aa7399ac", "properties": {"id": "SEG-20aa7399ac", "name": "41st Avenue", "highway": "residential", "scope": "in_scope", "borough": "Queens", "bridge": false, "tunnel": false, "status": "inventoried"}, "geometry": {"type": "LineString", "coordinates": [[-73.9391219, 40.7522423], [-73.9390422, 40.7521994], [-73.9388853, 40.7521155], [-73.9387498, 40.752043], [-73.938333, 40.75182]]}}, {"type": "Feature", "id": "SEG-0f5a60616e", "properties": {"id": "SEG-0f5a60616e", "name": "", "highway": "service", "scope": "secondary", "borough": "Brooklyn", "bridge": false, "tunnel": true, "status": "blocked"}, "geometry": {"type": "LineString", "coordinates": [[-73.9563274, 40.7375851], [-73.9564614, 40.7377249]]}}, {"type": "Feature", "id": "SEG-7ded34102e", "properties": {"id": "SEG-7ded34102e", "name": "", "highway": "motorway_link", "scope": "in_scope", "borough": "Queens", "bridge": false, "tunnel": false, "status": "geometry_verified"}, "geometry": {"type": "LineString", "coordinates": [[-73.9514158, 40.7416743], [-73.951508, 40.7416871]]}}, {"type": "Feature", "id": "SEG-29b6d9188c", "properties": {"id": "SEG-29b6d9188c", "name": "West Street", "highway": "residential", "scope": "in_scope", "borough": "Brooklyn", "bridge": false, "tunnel": false, "status": "inventoried"}, "geometry": {"type": "LineString", "coordinates": [[-73.9596984, 40.7325667], [-73.959708, 40.7326323], [-73.9597994, 40.7331774], [-73.9598055, 40.7332135], [-73.9598151, 40.7332729]]}}, {"type": "Feature", "id": "SEG-7a2f4e48c2", "properties": {"id": "SEG-7a2f4e48c2", "name": "44th Drive", "highway": "unclassified", "scope": "in_scope", "borough": "Queens", "bridge": false, "tunnel": false, "status": "inventoried"}, "geometry": {"type": "LineString", "coordinates": [[-73.9522085, 40.7490527], [-73.9523288, 40.7490746], [-73.9527738, 40.7491503], [-73.9539866, 40.7493558]]}}, {"type": "Feature", "id": "SEG-d7ddd73e31", "properties": {"id": "SEG-d7ddd73e31", "name": "44th Drive", "highway": "unclassified", "scope": "in_scope", "borough": "Queens", "bridge": false, "tunnel": false, "status": "inventoried"}, "geometry": {"type": "LineString", "coordinates": [[-73.9539866, 40.7493558], [-73.9543388, 40.7494155]]}}, {"type": "Feature", "id": "SEG-080e4e758b", "properties": {"id": "SEG-080e4e758b", "name": "31st Place", "highway": "unclassified", "scope": "in_scope", "borough": "Queens", "bridge": false, "tunnel": false, "status": "inventoried"}, "geometry": {"type": "LineString", "coordinates": [[-73.9354496, 40.7400756], [-73.9354622, 40.7400073], [-73.935476, 40.7399586], [-73.93552, 40.7397397], [-73.9358635, 40.7380056], [-73.9358769, 40.7379376]]}}, {"type": "Feature", "id": "SEG-7d2bb05e22", "properties": {"id": "SEG-7d2bb05e22", "name": "Vernon Boulevard", "highway": "secondary", "scope": "in_scope", "borough": "Queens", "bridge": false, "tunnel": false, "status": "geometry_verified"}, "geometry": {"type": "LineString", "coordinates": [[-73.9536756, 40.7440068], [-73.9536979, 40.7439403], [-73.9537137, 40.7438934], [-73.9537637, 40.7437445], [-73.9538364, 40.743528], [-73.95385, 40.7434874], [-73.9538694, 40.7434296]]}}, {"type": "Feature", "id": "SEG-e110ddf4dd", "properties": {"id": "SEG-e110ddf4dd", "name": "", "highway": "service", "scope": "secondary", "borough": "Brooklyn", "bridge": false, "tunnel": false, "status": "inventoried"}, "geometry": {"type": "LineString", "coordinates": [[-73.9472211, 40.728905], [-73.947253, 40.7289668], [-73.9472862, 40.7290312], [-73.9471011, 40.7291074], [-73.9474002, 40.7295658]]}}, {"type": "Feature", "id": "SEG-a540838d05", "properties": {"id": "SEG-a540838d05", "name": "", "highway": "motorway_link", "scope": "in_scope", "borough": "Queens", "bridge": false, "tunnel": false, "status": "geometry_verified"}, "geometry": {"type": "LineString", "coordinates": [[-73.9514158, 40.7416743], [-73.9516045, 40.7416083]]}}, {"type": "Feature", "id": "SEG-72c3065581", "properties": {"id": "SEG-72c3065581", "name": "Russell Street", "highway": "residential", "scope": "in_scope", "borough": "Brooklyn", "bridge": false, "tunnel": false, "status": "inventoried"}, "geometry": {"type": "LineString", "coordinates": [[-73.945116, 40.729349], [-73.9451285, 40.7294259], [-73.945319, 40.730601]]}}, {"type": "Feature", "id": "SEG-ebc916f7ca", "properties": {"id": "SEG-ebc916f7ca", "name": "56th Avenue", "highway": "residential", "scope": "in_scope", "borough": "Queens", "bridge": false, "tunnel": false, "status": "inventoried"}, "geometry": {"type": "LineString", "coordinates": [[-73.9600015, 40.7390828], [-73.9601122, 40.7391424], [-73.96117, 40.7397079], [-73.9612284, 40.7397392], [-73.9613169, 40.7397865]]}}, {"type": "Feature", "id": "SEG-52a3d49e65", "properties": {"id": "SEG-52a3d49e65", "name": "27th Street", "highway": "unclassified", "scope": "in_scope", "borough": "Queens", "bridge": false, "tunnel": false, "status": "inventoried"}, "geometry": {"type": "LineString", "coordinates": [[-73.9418218, 40.7416958], [-73.9422394, 40.7412954], [-73.9422566, 40.7412778], [-73.942268, 40.741261], [-73.9422798, 40.7412394], [-73.9422986, 40.7411894]]}}, {"type": "Feature", "id": "SEG-0a80f96ec1", "properties": {"id": "SEG-0a80f96ec1", "name": "", "highway": "service", "scope": "secondary", "borough": "Queens", "bridge": false, "tunnel": false, "status": "inventoried"}, "geometry": {"type": "LineString", "coordinates": [[-73.939884, 40.7363], [-73.9400211, 40.7365064]]}}, {"type": "Feature", "id": "SEG-9f9e12779a", "properties": {"id": "SEG-9f9e12779a", "name": "Jackson Avenue", "highway": "primary", "scope": "in_scope", "borough": "Queens", "bridge": false, "tunnel": false, "status": "geometry_verified"}, "geometry": {"type": "LineString", "coordinates": [[-73.9438229, 40.746613], [-73.9439634, 40.7465516], [-73.9441425, 40.746475], [-73.944807, 40.7462071], [-73.9454341, 40.7459586], [-73.9454985, 40.74592], [-73.9456423, 40.7458232]]}}, {"type": "Feature", "id": "SEG-6b1fbdf2e7", "properties": {"id": "SEG-6b1fbdf2e7", "name": "48th Avenue", "highway": "unclassified", "scope": "in_scope", "borough": "Queens", "bridge": false, "tunnel": false, "status": "inventoried"}, "geometry": {"type": "LineString", "coordinates": [[-73.9370928, 40.741356], [-73.9370158, 40.7413472], [-73.9362531, 40.7412607], [-73.9361669, 40.7412509]]}}, {"type": "Feature", "id": "SEG-ba3ab12507", "properties": {"id": "SEG-ba3ab12507", "name": "", "highway": "motorway_link", "scope": "in_scope", "borough": "Manhattan", "bridge": true, "tunnel": false, "status": "inventoried"}, "geometry": {"type": "LineString", "coordinates": [[-73.9688516, 40.7484591], [-73.9689536, 40.7485027]]}}, {"type": "Feature", "id": "SEG-6c6083bdb1", "properties": {"id": "SEG-6c6083bdb1", "name": "Thomson Avenue", "highway": "primary", "scope": "in_scope", "borough": "Queens", "bridge": true, "tunnel": false, "status": "inventoried"}, "geometry": {"type": "LineString", "coordinates": [[-73.9403233, 40.745835], [-73.9399335, 40.7457495]]}}, {"type": "Feature", "id": "SEG-de549ade29", "properties": {"id": "SEG-de549ade29", "name": "53rd Avenue", "highway": "unclassified", "scope": "in_scope", "borough": "Queens", "bridge": false, "tunnel": false, "status": "geometry_verified"}, "geometry": {"type": "LineString", "coordinates": [[-73.9524307, 40.7404306], [-73.9522096, 40.7403881], [-73.9520389, 40.7403553]]}}, {"type": "Feature", "id": "SEG-2457d3dd46", "properties": {"id": "SEG-2457d3dd46", "name": "", "highway": "service", "scope": "secondary", "borough": "Queens", "bridge": false, "tunnel": false, "status": "inventoried"}, "geometry": {"type": "LineString", "coordinates": [[-73.9340881, 40.7457024], [-73.934011, 40.7457517], [-73.9339639, 40.7457819], [-73.9339508, 40.7457984]]}}, {"type": "Feature", "id": "SEG-3320ec2c24", "properties": {"id": "SEG-3320ec2c24", "name": "East 53rd Street", "highway": "secondary", "scope": "in_scope", "borough": "Manhattan", "bridge": false, "tunnel": false, "status": "inventoried"}, "geometry": {"type": "LineString", "coordinates": [[-73.9647728, 40.7557614], [-73.9649202, 40.7558231], [-73.9664114, 40.7564469], [-73.9670304, 40.7567059], [-73.9671663, 40.7567628]]}}, {"type": "Feature", "id": "SEG-86010850e4", "properties": {"id": "SEG-86010850e4", "name": "Skillman Avenue", "highway": "unclassified", "scope": "in_scope", "borough": "Queens", "bridge": false, "tunnel": false, "status": "inventoried"}, "geometry": {"type": "LineString", "coordinates": [[-73.9429806, 40.7433777], [-73.9421183, 40.743722]]}}, {"type": "Feature", "id": "SEG-decb6ec1fd", "properties": {"id": "SEG-decb6ec1fd", "name": "East 55th Street", "highway": "residential", "scope": "in_scope", "borough": "Manhattan", "bridge": false, "tunnel": false, "status": "inventoried"}, "geometry": {"type": "LineString", "coordinates": [[-73.9612132, 40.7558954], [-73.9614926, 40.7560143], [-73.9616198, 40.7560685]]}}, {"type": "Feature", "id": "SEG-145403a12e", "properties": {"id": "SEG-145403a12e", "name": "", "highway": "service", "scope": "secondary", "borough": "Queens", "bridge": false, "tunnel": false, "status": "inventoried"}, "geometry": {"type": "LineString", "coordinates": [[-73.9339206, 40.746015], [-73.9338094, 40.7460368], [-73.933723, 40.7460534]]}}, {"type": "Feature", "id": "SEG-39aa5bfe4e", "properties": {"id": "SEG-39aa5bfe4e", "name": "Skillman Avenue", "highway": "unclassified", "scope": "in_scope", "borough": "Queens", "bridge": false, "tunnel": false, "status": "inventoried"}, "geometry": {"type": "LineString", "coordinates": [[-73.9392628, 40.7447578], [-73.9383302, 40.7450576], [-73.9379634, 40.7451805]]}}, {"type": "Feature", "id": "SEG-d602003d19", "properties": {"id": "SEG-d602003d19", "name": "Calyer Street", "highway": "residential", "scope": "in_scope", "borough": "Brooklyn", "bridge": false, "tunnel": false, "status": "inventoried"}, "geometry": {"type": "LineString", "coordinates": [[-73.949911, 40.729244], [-73.9498416, 40.729267], [-73.949083, 40.729518]]}}, {"type": "Feature", "id": "SEG-c21849dd83", "properties": {"id": "SEG-c21849dd83", "name": "21st Street", "highway": "primary", "scope": "in_scope", "borough": "Queens", "bridge": false, "tunnel": false, "status": "geometry_verified"}, "geometry": {"type": "LineString", "coordinates": [[-73.9487635, 40.743912], [-73.9489241, 40.7434268]]}}, {"type": "Feature", "id": "SEG-9ea118efec", "properties": {"id": "SEG-9ea118efec", "name": "Greenpoint Avenue", "highway": "unclassified", "scope": "in_scope", "borough": "Brooklyn", "bridge": false, "tunnel": false, "status": "inventoried"}, "geometry": {"type": "LineString", "coordinates": [[-73.9428354, 40.7327947], [-73.9427767, 40.7328043], [-73.9427316, 40.7328144], [-73.9426946, 40.7328236], [-73.9426528, 40.7328383], [-73.9412984, 40.733324], [-73.9412454, 40.7333369], [-73.941194, 40.7333444], [-73.9411347, 40.7333489], [-73.9410458, 40.7333535]]}}, {"type": "Feature", "id": "SEG-1505080853", "properties": {"id": "SEG-1505080853", "name": "FDR Drive", "highway": "motorway", "scope": "in_scope", "borough": "Manhattan", "bridge": false, "tunnel": false, "status": "inventoried"}, "geometry": {"type": "LineString", "coordinates": [[-73.9633333, 40.7534038], [-73.9631248, 40.7536643], [-73.9629565, 40.753867], [-73.962153, 40.7547781], [-73.9620654, 40.7548739], [-73.9619816, 40.7549552], [-73.9618906, 40.7550406], [-73.9617861, 40.7551259], [-73.9616668, 40.7552167], [-73.9615511, 40.7553078]]}}, {"type": "Feature", "id": "SEG-2e0db63478", "properties": {"id": "SEG-2e0db63478", "name": "Queens Boulevard", "highway": "primary", "scope": "in_scope", "borough": "Queens", "bridge": false, "tunnel": false, "status": "inventoried"}, "geometry": {"type": "LineString", "coordinates": [[-73.9328784, 40.7449682], [-73.9331924, 40.7450081], [-73.933355, 40.7450474]]}}, {"type": "Feature", "id": "SEG-0a58e97536", "properties": {"id": "SEG-0a58e97536", "name": "Huron Street", "highway": "residential", "scope": "in_scope", "borough": "Brooklyn", "bridge": false, "tunnel": false, "status": "inventoried"}, "geometry": {"type": "LineString", "coordinates": [[-73.9580639, 40.7327225], [-73.9581603, 40.732714], [-73.9595642, 40.7325804], [-73.9596176, 40.7325754], [-73.9596984, 40.7325667]]}}, {"type": "Feature", "id": "SEG-30af6c7b25", "properties": {"id": "SEG-30af6c7b25", "name": "", "highway": "service", "scope": "secondary", "borough": "Queens", "bridge": false, "tunnel": false, "status": "inventoried"}, "geometry": {"type": "LineString", "coordinates": [[-73.9369283, 40.7499399], [-73.9369662, 40.7500008], [-73.9369737, 40.7500117]]}}, {"type": "Feature", "id": "SEG-67f34b65e4", "properties": {"id": "SEG-67f34b65e4", "name": "Provost Street", "highway": "tertiary", "scope": "in_scope", "borough": "Brooklyn", "bridge": false, "tunnel": false, "status": "geometry_verified"}, "geometry": {"type": "LineString", "coordinates": [[-73.9499284, 40.7349329], [-73.9499895, 40.735319]]}}, {"type": "Feature", "id": "SEG-027d375d99", "properties": {"id": "SEG-027d375d99", "name": "Provost Street", "highway": "tertiary", "scope": "in_scope", "borough": "Brooklyn", "bridge": false, "tunnel": false, "status": "geometry_verified"}, "geometry": {"type": "LineString", "coordinates": [[-73.9499895, 40.735319], [-73.9500264, 40.7355528], [-73.9500402, 40.7356404]]}}, {"type": "Feature", "id": "SEG-da59e4e109", "properties": {"id": "SEG-da59e4e109", "name": "Russell Street", "highway": "residential", "scope": "in_scope", "borough": "Brooklyn", "bridge": false, "tunnel": false, "status": "inventoried"}, "geometry": {"type": "LineString", "coordinates": [[-73.945319, 40.730601], [-73.9454895, 40.7316129], [-73.9454976, 40.7316605], [-73.945517, 40.7317578]]}}, {"type": "Feature", "id": "SEG-8d085d94fd", "properties": {"id": "SEG-8d085d94fd", "name": "Meserole Avenue", "highway": "residential", "scope": "in_scope", "borough": "Brooklyn", "bridge": false, "tunnel": false, "status": "inventoried"}, "geometry": {"type": "LineString", "coordinates": [[-73.949321, 40.728213], [-73.9493887, 40.7281907], [-73.9499102, 40.7280186], [-73.9499997, 40.7279887]]}}, {"type": "Feature", "id": "SEG-350618bf68", "properties": {"id": "SEG-350618bf68", "name": "45th Avenue", "highway": "residential", "scope": "in_scope", "borough": "Queens", "bridge": false, "tunnel": false, "status": "geometry_verified"}, "geometry": {"type": "LineString", "coordinates": [[-73.9498113, 40.7477976], [-73.9498872, 40.7478119]]}}, {"type": "Feature", "id": "SEG-e476ebe9f1", "properties": {"id": "SEG-e476ebe9f1", "name": "Railroad Avenue", "highway": "unclassified", "scope": "in_scope", "borough": "Queens", "bridge": false, "tunnel": false, "status": "inventoried"}, "geometry": {"type": "LineString", "coordinates": [[-73.939124, 40.7340169], [-73.9391184, 40.7339855], [-73.9391091, 40.7339585], [-73.9390927, 40.7339255], [-73.9390715, 40.7338923], [-73.9390366, 40.7338461], [-73.9389961, 40.7337999], [-73.9389494, 40.733749]]}}, {"type": "Feature", "id": "SEG-f066a38a23", "properties": {"id": "SEG-f066a38a23", "name": "22nd Street", "highway": "residential", "scope": "in_scope", "borough": "Queens", "bridge": false, "tunnel": false, "status": "inventoried"}, "geometry": {"type": "LineString", "coordinates": [[-73.938119, 40.757031], [-73.9381739, 40.7569715], [-73.9384503, 40.7566713], [-73.9384809, 40.756638], [-73.939021, 40.7560517], [-73.9390429, 40.7560279], [-73.939087, 40.75598]]}}, {"type": "Feature", "id": "SEG-79391a3847", "properties": {"id": "SEG-79391a3847", "name": "Eckford Street", "highway": "residential", "scope": "in_scope", "borough": "Brooklyn", "bridge": false, "tunnel": false, "status": "inventoried"}, "geometry": {"type": "LineString", "coordinates": [[-73.950029, 40.725999], [-73.9500726, 40.7260755], [-73.9509242, 40.7275696], [-73.9509454, 40.7276067], [-73.950978, 40.727664]]}}, {"type": "Feature", "id": "SEG-414c3f3ecf", "properties": {"id": "SEG-414c3f3ecf", "name": "", "highway": "service", "scope": "secondary", "borough": "Brooklyn", "bridge": false, "tunnel": false, "status": "inventoried"}, "geometry": {"type": "LineString", "coordinates": [[-73.9428969, 40.7302241], [-73.9425489, 40.7302592], [-73.9424903, 40.7302649], [-73.9424096, 40.730278]]}}, {"type": "Feature", "id": "SEG-bc7f5375c6", "properties": {"id": "SEG-bc7f5375c6", "name": "", "highway": "service", "scope": "secondary", "borough": "Brooklyn", "bridge": false, "tunnel": false, "status": "inventoried"}, "geometry": {"type": "LineString", "coordinates": [[-73.958338, 40.7283739], [-73.9583272, 40.7283115], [-73.9583233, 40.7282887], [-73.9583007, 40.728145], [-73.9583623, 40.7281399], [-73.9583221, 40.7279021], [-73.9586721, 40.727868], [-73.9588444, 40.7278557], [-73.9589186, 40.7278464]]}}, {"type": "Feature", "id": "SEG-b0cfa178ab", "properties": {"id": "SEG-b0cfa178ab", "name": "FDR Drive", "highway": "motorway", "scope": "in_scope", "borough": "Manhattan", "bridge": true, "tunnel": false, "status": "inventoried"}, "geometry": {"type": "LineString", "coordinates": [[-73.9713014, 40.7442787], [-73.9711207, 40.7445449], [-73.9709827, 40.7447426], [-73.9708377, 40.7449363], [-73.9707034, 40.7451131], [-73.9705453, 40.7453029], [-73.9703977, 40.7454772], [-73.970352, 40.7455255]]}}, {"type": "Feature", "id": "SEG-baf6b8f453", "properties": {"id": "SEG-baf6b8f453", "name": "Ed Koch Queensboro Bridge Upper Level", "highway": "trunk", "scope": "in_scope", "borough": "Queens", "bridge": true, "tunnel": false, "status": "inventoried"}, "geometry": {"type": "LineString", "coordinates": [[-73.9400436, 40.7460238], [-73.9399763, 40.7458498], [-73.9399335, 40.7457495]]}}, {"type": "Feature", "id": "SEG-1b0ae44ba9", "properties": {"id": "SEG-1b0ae44ba9", "name": "", "highway": "service", "scope": "secondary", "borough": "Brooklyn", "bridge": false, "tunnel": false, "status": "geometry_verified"}, "geometry": {"type": "LineString", "coordinates": [[-73.9579379, 40.7366011], [-73.9579908, 40.7366541], [-73.9580188, 40.7366828], [-73.9581251, 40.7367967], [-73.9581233, 40.7368204], [-73.9581243, 40.7368626], [-73.9581504, 40.7369141]]}}, {"type": "Feature", "id": "SEG-6881aafca5", "properties": {"id": "SEG-6881aafca5", "name": "Davis Street", "highway": "residential", "scope": "in_scope", "borough": "Queens", "bridge": false, "tunnel": false, "status": "geometry_verified"}, "geometry": {"type": "LineString", "coordinates": [[-73.9456423, 40.7458232], [-73.9456445, 40.7457947], [-73.9456448, 40.7457704], [-73.9456412, 40.7457471], [-73.9456343, 40.7457179], [-73.9456174, 40.7456934], [-73.9445742, 40.7441321], [-73.9445549, 40.7441032]]}}, {"type": "Feature", "id": "SEG-05eebd5ae6", "properties": {"id": "SEG-05eebd5ae6", "name": "Purves Street", "highway": "residential", "scope": "in_scope", "borough": "Queens", "bridge": false, "tunnel": false, "status": "inventoried"}, "geometry": {"type": "LineString", "coordinates": [[-73.941496, 40.7475207], [-73.9414362, 40.7474202]]}}, {"type": "Feature", "id": "SEG-5c367aa50f", "properties": {"id": "SEG-5c367aa50f", "name": "Nassau Avenue", "highway": "residential", "scope": "in_scope", "borough": "Brooklyn", "bridge": false, "tunnel": false, "status": "inventoried"}, "geometry": {"type": "LineString", "coordinates": [[-73.9457675, 40.7254246], [-73.9455159, 40.7255053], [-73.9454318, 40.7255309]]}}, {"type": "Feature", "id": "SEG-a589c4a22b", "properties": {"id": "SEG-a589c4a22b", "name": "Manhattan Avenue", "highway": "tertiary", "scope": "in_scope", "borough": "Brooklyn", "bridge": false, "tunnel": false, "status": "inventoried"}, "geometry": {"type": "LineString", "coordinates": [[-73.9546103, 40.7323299], [-73.9546006, 40.7322716], [-73.9545081, 40.7316862], [-73.9544971, 40.7316233]]}}, {"type": "Feature", "id": "SEG-441363326c", "properties": {"id": "SEG-441363326c", "name": "McGuinness Boulevard", "highway": "primary", "scope": "in_scope", "borough": "Brooklyn", "bridge": false, "tunnel": false, "status": "inventoried"}, "geometry": {"type": "LineString", "coordinates": [[-73.9522072, 40.7332738], [-73.9521978, 40.7332169], [-73.9521643, 40.7330231], [-73.9520979, 40.732629], [-73.9520892, 40.7325692]]}}, {"type": "Feature", "id": "SEG-77d03df6c8", "properties": {"id": "SEG-77d03df6c8", "name": "Queensboro Plaza", "highway": "trunk", "scope": "in_scope", "borough": "Queens", "bridge": false, "tunnel": false, "status": "inventoried"}, "geometry": {"type": "LineString", "coordinates": [[-73.9379097, 40.7496075], [-73.9380918, 40.7498394]]}}, {"type": "Feature", "id": "SEG-16e64205d7", "properties": {"id": "SEG-16e64205d7", "name": "", "highway": "service", "scope": "secondary", "borough": "Queens", "bridge": false, "tunnel": false, "status": "inventoried"}, "geometry": {"type": "LineString", "coordinates": [[-73.9433225, 40.7497581], [-73.9429894, 40.7496032], [-73.9429715, 40.7496008], [-73.9429525, 40.7496048], [-73.942843, 40.7497334]]}}, {"type": "Feature", "id": "SEG-fbce73b938", "properties": {"id": "SEG-fbce73b938", "name": "North Basin Road", "highway": "residential", "scope": "in_scope", "borough": "Queens", "bridge": false, "tunnel": false, "status": "geometry_verified"}, "geometry": {"type": "LineString", "coordinates": [[-73.9568933, 40.748525], [-73.9566891, 40.7485526], [-73.9566563, 40.7485546], [-73.9566224, 40.7485537], [-73.9565832, 40.7485475], [-73.9565454, 40.7485396], [-73.9565021, 40.7485276], [-73.9564631, 40.7485156], [-73.9564138, 40.7484989], [-73.9549798, 40.7479231], [-73.9549437, 40.7479055], [-73.9549248, 40.7478921], [-73.9549109, 40.7478766], [-73.9549017, 40.7478607], [-73.9548958, 40.7478462], [-73.9548933, 40.747831], [-73.9548936, 40.7478169], [-73.9548976, 40.7477979], [-73.9550266, 40.7474012], [-73.9550486, 40.7473367]]}}, {"type": "Feature", "id": "SEG-a9ad524634", "properties": {"id": "SEG-a9ad524634", "name": "Brooklyn-Queens Expressway", "highway": "motorway", "scope": "in_scope", "borough": "Brooklyn", "bridge": true, "tunnel": false, "status": "inventoried"}, "geometry": {"type": "LineString", "coordinates": [[-73.9334125, 40.7250034], [-73.9332747, 40.7250353], [-73.9331365, 40.7250698], [-73.9330026, 40.7251042], [-73.9328766, 40.7251393], [-73.9327403, 40.7251776], [-73.9325975, 40.7252213], [-73.9324725, 40.7252626], [-73.9323391, 40.725306], [-73.9322158, 40.7253514], [-73.9320921, 40.7253979], [-73.9319726, 40.7254485], [-73.9318312, 40.7255094], [-73.9317078, 40.7255643], [-73.931595, 40.7256165], [-73.9314795, 40.7256737], [-73.9313574, 40.7257372], [-73.9312578, 40.7257928], [-73.9311448, 40.7258575], [-73.9310227, 40.7259295], [-73.9309149, 40.7259941], [-73.9308181, 40.726057], [-73.9307051, 40.7261364], [-73.9305998, 40.7262106], [-73.9304919, 40.7262908], [-73.930403, 40.7263592], [-73.9303257, 40.7264257], [-73.9302134, 40.726515], [-73.9301242, 40.7265941], [-73.9300432, 40.7266643], [-73.929917, 40.7267703], [-73.9279166, 40.7285023], [-73.9278142, 40.7285968], [-73.927717, 40.7286941], [-73.9276246, 40.7287861], [-73.9275297, 40.7288816], [-73.9274392, 40.7289751], [-73.9273511, 40.7290691], [-73.9272501, 40.7291799], [-73.9271558, 40.7292878], [-73.9270572, 40.7293997], [-73.9269658, 40.7295093], [-73.9268737, 40.7296281], [-73.9267797, 40.729749], [-73.9266748, 40.7298887], [-73.9265877, 40.7300114], [-73.9265013, 40.7301375], [-73.9249503, 40.7324864]]}}, {"type": "Feature", "id": "SEG-ce3efbc7ba", "properties": {"id": "SEG-ce3efbc7ba", "name": "45th Road", "highway": "residential", "scope": "in_scope", "borough": "Queens", "bridge": false, "tunnel": false, "status": "geometry_verified"}, "geometry": {"type": "LineString", "coordinates": [[-73.95248, 40.747575], [-73.9523789, 40.747556], [-73.9502357, 40.7471429], [-73.9501204, 40.7471228]]}}, {"type": "Feature", "id": "SEG-32558a68fb", "properties": {"id": "SEG-32558a68fb", "name": "47th Avenue", "highway": "unclassified", "scope": "in_scope", "borough": "Queens", "bridge": false, "tunnel": false, "status": "inventoried"}, "geometry": {"type": "LineString", "coordinates": [[-73.9384118, 40.7433968], [-73.9377341, 40.7433173], [-73.9376553, 40.7433081]]}}, {"type": "Feature", "id": "SEG-8a86df4eee", "properties": {"id": "SEG-8a86df4eee", "name": "Queens Plaza South", "highway": "secondary", "scope": "in_scope", "borough": "Queens", "bridge": false, "tunnel": false, "status": "inventoried"}, "geometry": {"type": "LineString", "coordinates": [[-73.9414712, 40.7508947], [-73.9411693, 40.7507653], [-73.9409255, 40.7506609], [-73.9408855, 40.7506432], [-73.9407872, 40.7505964], [-73.9407333, 40.750571], [-73.9406478, 40.7505312]]}}, {"type": "Feature", "id": "SEG-45e5d66960", "properties": {"id": "SEG-45e5d66960", "name": "Kingsland Avenue", "highway": "unclassified", "scope": "in_scope", "borough": "Brooklyn", "bridge": false, "tunnel": false, "status": "inventoried"}, "geometry": {"type": "LineString", "coordinates": [[-73.9428354, 40.7327947], [-73.9428513, 40.7328708], [-73.9429439, 40.7334638], [-73.942951, 40.7335023], [-73.942962, 40.7335619]]}}, {"type": "Feature", "id": "SEG-6c88e493da", "properties": {"id": "SEG-6c88e493da", "name": "", "highway": "primary_link", "scope": "in_scope", "borough": "Queens", "bridge": false, "tunnel": false, "status": "geometry_verified"}, "geometry": {"type": "LineString", "coordinates": [[-73.9512128, 40.7429006], [-73.9511921, 40.7429259], [-73.9511725, 40.7429555], [-73.9511585, 40.7429829], [-73.9511493, 40.7430091], [-73.9511039, 40.7432244], [-73.9510762, 40.7433558]]}}, {"type": "Feature", "id": "SEG-9d50aff2a9", "properties": {"id": "SEG-9d50aff2a9", "name": "", "highway": "motorway_link", "scope": "in_scope", "borough": "Queens", "bridge": false, "tunnel": false, "status": "geometry_verified"}, "geometry": {"type": "LineString", "coordinates": [[-73.951508, 40.7416871], [-73.9515472, 40.7416925], [-73.9516292, 40.7416962], [-73.9519975, 40.7417019]]}}, {"type": "Feature", "id": "SEG-56f0c34121", "properties": {"id": "SEG-56f0c34121", "name": "Long Island Expressway", "highway": "motorway", "scope": "in_scope", "borough": "Queens", "bridge": false, "tunnel": false, "status": "geometry_verified"}, "geometry": {"type": "LineString", "coordinates": [[-73.9508243, 40.7415107], [-73.950537, 40.7415696], [-73.9504103, 40.7415843], [-73.9502822, 40.7415935]]}}, {"type": "Feature", "id": "SEG-a351f5b9a2", "properties": {"id": "SEG-a351f5b9a2", "name": "Calyer Street", "highway": "residential", "scope": "in_scope", "borough": "Brooklyn", "bridge": false, "tunnel": false, "status": "inventoried"}, "geometry": {"type": "LineString", "coordinates": [[-73.9462406, 40.7304885], [-73.9461691, 40.7305292], [-73.9454674, 40.730589], [-73.9454089, 40.7305937], [-73.945319, 40.730601]]}}, {"type": "Feature", "id": "SEG-daba6421f2", "properties": {"id": "SEG-daba6421f2", "name": "", "highway": "motorway_link", "scope": "in_scope", "borough": "Queens", "bridge": false, "tunnel": false, "status": "inventoried"}, "geometry": {"type": "LineString", "coordinates": [[-73.9348063, 40.7385634], [-73.9346547, 40.7385511], [-73.9345505, 40.7385434], [-73.9344931, 40.7385366], [-73.9344463, 40.7385287], [-73.9343952, 40.7385141], [-73.9343358, 40.7384934], [-73.9342861, 40.7384703], [-73.9342327, 40.7384402], [-73.9341938, 40.7384117], [-73.9341615, 40.7383834], [-73.9341296, 40.738345], [-73.9341089, 40.7383129], [-73.9340875, 40.7382612], [-73.9340782, 40.7382214], [-73.9340731, 40.7381745], [-73.9340729, 40.7381263], [-73.9340795, 40.7380859], [-73.9340896, 40.738044], [-73.9341067, 40.7380004], [-73.9341333, 40.7379565], [-73.9341641, 40.7379185], [-73.9341986, 40.7378849], [-73.9342341, 40.7378558], [-73.9342689, 40.7378321], [-73.9343017, 40.737813]]}}, {"type": "Feature", "id": "SEG-186a69752e", "properties": {"id": "SEG-186a69752e", "name": "", "highway": "service", "scope": "secondary", "borough": "Brooklyn", "bridge": false, "tunnel": false, "status": "geometry_verified"}, "geometry": {"type": "LineString", "coordinates": [[-73.9520409, 40.7377126], [-73.9511462, 40.7374408]]}}, {"type": "Feature", "id": "SEG-8fc0ca6c9a", "properties": {"id": "SEG-8fc0ca6c9a", "name": "", "highway": "service", "scope": "secondary", "borough": "Brooklyn", "bridge": false, "tunnel": false, "status": "geometry_verified"}, "geometry": {"type": "LineString", "coordinates": [[-73.9511462, 40.7374408], [-73.9505598, 40.7372627], [-73.950372, 40.7376316]]}}, {"type": "Feature", "id": "SEG-ec57f0bef8", "properties": {"id": "SEG-ec57f0bef8", "name": "Borden Avenue", "highway": "secondary", "scope": "in_scope", "borough": "Queens", "bridge": false, "tunnel": false, "status": "geometry_verified"}, "geometry": {"type": "LineString", "coordinates": [[-73.9499161, 40.7404501], [-73.9498605, 40.7404396], [-73.9498063, 40.7404298], [-73.9497424, 40.740418], [-73.9476101, 40.7399992]]}}, {"type": "Feature", "id": "SEG-e97ad5f7a5", "properties": {"id": "SEG-e97ad5f7a5", "name": "1st Avenue", "highway": "primary", "scope": "in_scope", "borough": "Manhattan", "bridge": false, "tunnel": false, "status": "inventoried"}, "geometry": {"type": "LineString", "coordinates": [[-73.9666622, 40.7532753], [-73.9666229, 40.7533326], [-73.9664989, 40.753468], [-73.966407, 40.7535527], [-73.9663741, 40.7535842], [-73.9662667, 40.7536872]]}}, {"type": "Feature", "id": "SEG-59ce759226", "properties": {"id": "SEG-59ce759226", "name": "East 48th Street", "highway": "unclassified", "scope": "in_scope", "borough": "Manhattan", "bridge": false, "tunnel": false, "status": "inventoried"}, "geometry": {"type": "LineString", "coordinates": [[-73.9671907, 40.7521308], [-73.9671061, 40.7521758], [-73.967068, 40.752201], [-73.9670377, 40.7522312], [-73.9670015, 40.752283], [-73.9669654, 40.7523347]]}}, {"type": "Feature", "id": "SEG-ffb4c8713f", "properties": {"id": "SEG-ffb4c8713f", "name": "West Street", "highway": "residential", "scope": "in_scope", "borough": "Brooklyn", "bridge": false, "tunnel": false, "status": "inventoried"}, "geometry": {"type": "LineString", "coordinates": [[-73.9594665, 40.7311471], [-73.9594769, 40.7312129], [-73.9594936, 40.7313135], [-73.9595567, 40.7316948], [-73.9595734, 40.7317954], [-73.9595841, 40.7318577]]}}, {"type": "Feature", "id": "SEG-53e96d56ec", "properties": {"id": "SEG-53e96d56ec", "name": "Franklin Street", "highway": "tertiary", "scope": "in_scope", "borough": "Brooklyn", "bridge": false, "tunnel": false, "status": "inventoried"}, "geometry": {"type": "LineString", "coordinates": [[-73.9584098, 40.7348415], [-73.9584215, 40.7349114], [-73.958426, 40.7349412], [-73.9584974, 40.7353796]]}}, {"type": "Feature", "id": "SEG-678b73a14d", "properties": {"id": "SEG-678b73a14d", "name": "Franklin Street", "highway": "tertiary", "scope": "in_scope", "borough": "Brooklyn", "bridge": false, "tunnel": false, "status": "inventoried"}, "geometry": {"type": "LineString", "coordinates": [[-73.9584974, 40.7353796], [-73.9585164, 40.735495], [-73.9585271, 40.7355605]]}}, {"type": "Feature", "id": "SEG-8e701aa9b4", "properties": {"id": "SEG-8e701aa9b4", "name": "25th Street", "highway": "unclassified", "scope": "in_scope", "borough": "Queens", "bridge": false, "tunnel": false, "status": "geometry_verified"}, "geometry": {"type": "LineString", "coordinates": [[-73.9450691, 40.740241], [-73.9450928, 40.7401718], [-73.9452754, 40.7396467], [-73.9453077, 40.739553]]}}, {"type": "Feature", "id": "SEG-e834848c40", "properties": {"id": "SEG-e834848c40", "name": "11th Street", "highway": "secondary", "scope": "in_scope", "borough": "Queens", "bridge": false, "tunnel": false, "status": "geometry_verified"}, "geometry": {"type": "LineString", "coordinates": [[-73.9511803, 40.7436373], [-73.9511604, 40.7436986], [-73.9511037, 40.7438723], [-73.9510823, 40.7439384], [-73.9510343, 40.7440866], [-73.950974, 40.7442726], [-73.9509526, 40.7443382]]}}, {"type": "Feature", "id": "SEG-a53cf77122", "properties": {"id": "SEG-a53cf77122", "name": "1st Avenue Tunnel", "highway": "primary", "scope": "in_scope", "borough": "Manhattan", "bridge": false, "tunnel": true, "status": "blocked"}, "geometry": {"type": "LineString", "coordinates": [[-73.9699638, 40.7487219], [-73.9675604, 40.7520303]]}}, {"type": "Feature", "id": "SEG-1abf28e259", "properties": {"id": "SEG-1abf28e259", "name": "Leonard Street", "highway": "residential", "scope": "in_scope", "borough": "Brooklyn", "bridge": false, "tunnel": false, "status": "inventoried"}, "geometry": {"type": "LineString", "coordinates": [[-73.9518273, 40.727392], [-73.9517913, 40.7273288], [-73.950917, 40.7257948], [-73.950875, 40.725721]]}}, {"type": "Feature", "id": "SEG-ac83e794ab", "properties": {"id": "SEG-ac83e794ab", "name": "", "highway": "service", "scope": "secondary", "borough": "Brooklyn", "bridge": false, "tunnel": false, "status": "geometry_verified"}, "geometry": {"type": "LineString", "coordinates": [[-73.944897, 40.7339239], [-73.9443769, 40.7339697], [-73.944343, 40.7341224]]}}, {"type": "Feature", "id": "SEG-ccdf96f45e", "properties": {"id": "SEG-ccdf96f45e", "name": "Jackson Avenue", "highway": "primary", "scope": "in_scope", "borough": "Queens", "bridge": false, "tunnel": false, "status": "inventoried"}, "geometry": {"type": "LineString", "coordinates": [[-73.9376434, 40.748832], [-73.9379061, 40.7487367], [-73.9384168, 40.748545], [-73.9385426, 40.7484974], [-73.9389193, 40.7483715]]}}, {"type": "Feature", "id": "SEG-6068b7d622", "properties": {"id": "SEG-6068b7d622", "name": "", "highway": "motorway_link", "scope": "in_scope", "borough": "Manhattan", "bridge": false, "tunnel": false, "status": "inventoried"}, "geometry": {"type": "LineString", "coordinates": [[-73.9646039, 40.7521359], [-73.964003, 40.7527749], [-73.9636299, 40.7531532], [-73.9635777, 40.7532043], [-73.9634768, 40.7532826], [-73.9633333, 40.7534038]]}}, {"type": "Feature", "id": "SEG-01493497a9", "properties": {"id": "SEG-01493497a9", "name": "", "highway": "service", "scope": "secondary", "borough": "Brooklyn", "bridge": false, "tunnel": false, "status": "inventoried"}, "geometry": {"type": "LineString", "coordinates": [[-73.9609817, 40.7280345], [-73.9609978, 40.7281229]]}}, {"type": "Feature", "id": "SEG-f42afa53de", "properties": {"id": "SEG-f42afa53de", "name": "East 53rd Street", "highway": "secondary", "scope": "in_scope", "borough": "Manhattan", "bridge": false, "tunnel": false, "status": "inventoried"}, "geometry": {"type": "LineString", "coordinates": [[-73.9629036, 40.7549794], [-73.9646525, 40.7557111], [-73.9647728, 40.7557614]]}}, {"type": "Feature", "id": "SEG-4307113289", "properties": {"id": "SEG-4307113289", "name": "", "highway": "service", "scope": "secondary", "borough": "Queens", "bridge": false, "tunnel": false, "status": "inventoried"}, "geometry": {"type": "LineString", "coordinates": [[-73.9328195, 40.7478231], [-73.9328328, 40.7477727], [-73.9328755, 40.7477462], [-73.9330424, 40.7477138], [-73.9330653, 40.7476933], [-73.9331316, 40.7475888], [-73.9332378, 40.7475579], [-73.9335232, 40.7474918], [-73.9337736, 40.7474595], [-73.9339575, 40.7474379], [-73.9343293, 40.7473539], [-73.9346934, 40.7472842]]}}, {"type": "Feature", "id": "SEG-1ccf7104a0", "properties": {"id": "SEG-1ccf7104a0", "name": "Jackson Avenue", "highway": "primary", "scope": "in_scope", "borough": "Queens", "bridge": false, "tunnel": false, "status": "inventoried"}, "geometry": {"type": "LineString", "coordinates": [[-73.9395953, 40.7481346], [-73.9398386, 40.7480951], [-73.9406353, 40.7478172]]}}, {"type": "Feature", "id": "SEG-68d0025013", "properties": {"id": "SEG-68d0025013", "name": "Jackson Avenue", "highway": "primary", "scope": "in_scope", "borough": "Queens", "bridge": false, "tunnel": false, "status": "inventoried"}, "geometry": {"type": "LineString", "coordinates": [[-73.9406353, 40.7478172], [-73.9411167, 40.7476576], [-73.9411487, 40.7476475], [-73.9412696, 40.7476037]]}}, {"type": "Feature", "id": "SEG-b15ceb7a1d", "properties": {"id": "SEG-b15ceb7a1d", "name": "Borden Avenue", "highway": "secondary", "scope": "in_scope", "borough": "Queens", "bridge": false, "tunnel": false, "status": "inventoried"}, "geometry": {"type": "LineString", "coordinates": [[-73.9422022, 40.738955], [-73.9413375, 40.7387822], [-73.9409305, 40.7387003], [-73.9408062, 40.738676]]}}, {"type": "Feature", "id": "SEG-50743ce799", "properties": {"id": "SEG-50743ce799", "name": "Pulaski Bridge", "highway": "primary", "scope": "in_scope", "borough": "Queens", "bridge": false, "tunnel": false, "status": "geometry_verified"}, "geometry": {"type": "LineString", "coordinates": [[-73.9514944, 40.7427089], [-73.9515262, 40.7426143], [-73.9516211, 40.7423497]]}}, {"type": "Feature", "id": "SEG-35029559df", "properties": {"id": "SEG-35029559df", "name": "", "highway": "service", "scope": "secondary", "borough": "Manhattan", "bridge": false, "tunnel": false, "status": "inventoried"}, "geometry": {"type": "LineString", "coordinates": [[-73.9624129, 40.7550934], [-73.9624853, 40.7551265], [-73.9625674, 40.7551641], [-73.9625821, 40.755187], [-73.9625768, 40.7552083], [-73.9625473, 40.7552281], [-73.9625097, 40.7552292], [-73.9624275, 40.7552056], [-73.9623501, 40.7551834]]}}, {"type": "Feature", "id": "SEG-b60d80837a", "properties": {"id": "SEG-b60d80837a", "name": "11th Street", "highway": "unclassified", "scope": "in_scope", "borough": "Queens", "bridge": false, "tunnel": false, "status": "geometry_verified"}, "geometry": {"type": "LineString", "coordinates": [[-73.9522718, 40.7409061], [-73.9522964, 40.7408321], [-73.9523769, 40.7405904], [-73.9523887, 40.7405548], [-73.9524003, 40.7405202], [-73.9524307, 40.7404306]]}}, {"type": "Feature", "id": "SEG-81fdab15a2", "properties": {"id": "SEG-81fdab15a2", "name": "1st Avenue", "highway": "primary", "scope": "in_scope", "borough": "Manhattan", "bridge": false, "tunnel": false, "status": "inventoried"}, "geometry": {"type": "LineString", "coordinates": [[-73.9688692, 40.7501172], [-73.9688224, 40.7501831], [-73.9685478, 40.7505566], [-73.9684522, 40.7506902], [-73.9684095, 40.7507505]]}}, {"type": "Feature", "id": "SEG-fb5c1bcdd4", "properties": {"id": "SEG-fb5c1bcdd4", "name": "Malt Drive", "highway": "residential", "scope": "in_scope", "borough": "Queens", "bridge": false, "tunnel": false, "status": "geometry_verified"}, "geometry": {"type": "LineString", "coordinates": [[-73.9596127, 40.7401161], [-73.9595259, 40.7401012], [-73.9594832, 40.7400929], [-73.9579283, 40.7397782], [-73.9579158, 40.7397756], [-73.9578702, 40.7397726], [-73.9578286, 40.7397837], [-73.9577991, 40.7398031], [-73.9577822, 40.7398357], [-73.9576008, 40.7404014], [-73.9575831, 40.7404564]]}}, {"type": "Feature", "id": "SEG-bd5940779e", "properties": {"id": "SEG-bd5940779e", "name": "48th Avenue", "highway": "unclassified", "scope": "in_scope", "borough": "Queens", "bridge": false, "tunnel": false, "status": "inventoried"}, "geometry": {"type": "LineString", "coordinates": [[-73.934311, 40.741039], [-73.9341689, 40.7410222], [-73.9334631, 40.7409384], [-73.9333855, 40.7409291]]}}, {"type": "Feature", "id": "SEG-475a53d266", "properties": {"id": "SEG-475a53d266", "name": "McGuinness Boulevard", "highway": "primary", "scope": "in_scope", "borough": "Brooklyn", "bridge": false, "tunnel": false, "status": "inventoried"}, "geometry": {"type": "LineString", "coordinates": [[-73.9505853, 40.7290212], [-73.9506204, 40.7290832], [-73.9509801, 40.7296937], [-73.9510343, 40.7297871], [-73.9510485, 40.7298146], [-73.9511092, 40.7299196], [-73.9512445, 40.7301565], [-73.9513798, 40.7303934], [-73.9514256, 40.7304718]]}}, {"type": "Feature", "id": "SEG-f0a9e4ea06", "properties": {"id": "SEG-f0a9e4ea06", "name": "25th Street", "highway": "unclassified", "scope": "in_scope", "borough": "Queens", "bridge": false, "tunnel": false, "status": "geometry_verified"}, "geometry": {"type": "LineString", "coordinates": [[-73.9446821, 40.7416478], [-73.9446328, 40.7415459], [-73.9448143, 40.741007], [-73.944839, 40.7409296]]}}, {"type": "Feature", "id": "SEG-44acf80ee2", "properties": {"id": "SEG-44acf80ee2", "name": "", "highway": "service", "scope": "secondary", "borough": "Brooklyn", "bridge": false, "tunnel": false, "status": "geometry_verified"}, "geometry": {"type": "LineString", "coordinates": [[-73.952153, 40.7372488], [-73.9521452, 40.7372611], [-73.9521071, 40.7373228]]}}, {"type": "Feature", "id": "SEG-0338aec18d", "properties": {"id": "SEG-0338aec18d", "name": "21st Street", "highway": "primary", "scope": "in_scope", "borough": "Queens", "bridge": false, "tunnel": false, "status": "geometry_verified"}, "geometry": {"type": "LineString", "coordinates": [[-73.9485012, 40.7447002], [-73.9485537, 40.7445329], [-73.9486231, 40.7443441], [-73.9487635, 40.743912]]}}, {"type": "Feature", "id": "SEG-d2f6730d8d", "properties": {"id": "SEG-d2f6730d8d", "name": "Manhattan Avenue", "highway": "tertiary", "scope": "in_scope", "borough": "Brooklyn", "bridge": false, "tunnel": false, "status": "inventoried"}, "geometry": {"type": "LineString", "coordinates": [[-73.9539583, 40.7295098], [-73.9539803, 40.7295619], [-73.9541226, 40.7298765], [-73.9542282, 40.7301274], [-73.9542532, 40.7302057]]}}, {"type": "Feature", "id": "SEG-98e9d486af", "properties": {"id": "SEG-98e9d486af", "name": "5th Street", "highway": "residential", "scope": "in_scope", "borough": "Queens", "bridge": false, "tunnel": false, "status": "geometry_verified"}, "geometry": {"type": "LineString", "coordinates": [[-73.9550486, 40.7473367], [-73.9550703, 40.7472714], [-73.9551808, 40.7469526], [-73.9552567, 40.7467032], [-73.9552781, 40.7466439]]}}, {"type": "Feature", "id": "SEG-99a6983d78", "properties": {"id": "SEG-99a6983d78", "name": "Box Street", "highway": "tertiary", "scope": "in_scope", "borough": "Brooklyn", "bridge": false, "tunnel": false, "status": "geometry_verified"}, "geometry": {"type": "LineString", "coordinates": [[-73.9554272, 40.7372958], [-73.9553044, 40.7373074], [-73.9533497, 40.7374912], [-73.9532924, 40.7374966], [-73.9532044, 40.7375049]]}}, {"type": "Feature", "id": "SEG-7d8cb24f20", "properties": {"id": "SEG-7d8cb24f20", "name": "21st Street", "highway": "primary", "scope": "in_scope", "borough": "Queens", "bridge": false, "tunnel": false, "status": "inventoried"}, "geometry": {"type": "LineString", "coordinates": [[-73.9451879, 40.7511112], [-73.9451632, 40.7511379], [-73.944555, 40.751785], [-73.9442967, 40.7520457], [-73.944235, 40.752108]]}}, {"type": "Feature", "id": "SEG-172ea3722e", "properties": {"id": "SEG-172ea3722e", "name": "51st Avenue", "highway": "unclassified", "scope": "in_scope", "borough": "Queens", "bridge": false, "tunnel": false, "status": "geometry_verified"}, "geometry": {"type": "LineString", "coordinates": [[-73.9450691, 40.740241], [-73.9451763, 40.7402617], [-73.9472885, 40.7406727], [-73.9473805, 40.7406907]]}}, {"type": "Feature", "id": "SEG-f25fde853c", "properties": {"id": "SEG-f25fde853c", "name": "", "highway": "service", "scope": "secondary", "borough": "Brooklyn", "bridge": false, "tunnel": false, "status": "geometry_verified"}, "geometry": {"type": "LineString", "coordinates": [[-73.9512301, 40.7370457], [-73.9511727, 40.7369188], [-73.951171, 40.7368916], [-73.9512853, 40.7367002]]}}, {"type": "Feature", "id": "SEG-b139a9e85c", "properties": {"id": "SEG-b139a9e85c", "name": "Diamond Street", "highway": "residential", "scope": "in_scope", "borough": "Brooklyn", "bridge": false, "tunnel": false, "status": "inventoried"}, "geometry": {"type": "LineString", "coordinates": [[-73.947544, 40.726822], [-73.9475099, 40.7267627], [-73.9466568, 40.7252697], [-73.946635, 40.7252317], [-73.946593, 40.7251597]]}}, {"type": "Feature", "id": "SEG-06a58104fe", "properties": {"id": "SEG-06a58104fe", "name": "", "highway": "motorway_link", "scope": "in_scope", "borough": "Queens", "bridge": false, "tunnel": false, "status": "geometry_verified"}, "geometry": {"type": "LineString", "coordinates": [[-73.9516045, 40.7416083], [-73.9517385, 40.7415716], [-73.9518516, 40.7415438], [-73.95195, 40.741523], [-73.9522665, 40.7414669]]}}, {"type": "Feature", "id": "SEG-47419f9218", "properties": {"id": "SEG-47419f9218", "name": "Bradley Avenue", "highway": "unclassified", "scope": "in_scope", "borough": "Queens", "bridge": false, "tunnel": false, "status": "inventoried"}, "geometry": {"type": "LineString", "coordinates": [[-73.936033, 40.737486], [-73.9357155, 40.7369978], [-73.9356502, 40.7368893]]}}, {"type": "Feature", "id": "SEG-742a58a913", "properties": {"id": "SEG-742a58a913", "name": "46th Avenue", "highway": "residential", "scope": "in_scope", "borough": "Queens", "bridge": false, "tunnel": false, "status": "geometry_verified"}, "geometry": {"type": "LineString", "coordinates": [[-73.9461769, 40.7456135], [-73.9463974, 40.7456569], [-73.9466521, 40.745713], [-73.9467243, 40.7457276], [-73.9468181, 40.7457467], [-73.9479544, 40.7459645], [-73.9480715, 40.7459865]]}}, {"type": "Feature", "id": "SEG-27a342cf76", "properties": {"id": "SEG-27a342cf76", "name": "28th Street", "highway": "residential", "scope": "in_scope", "borough": "Queens", "bridge": false, "tunnel": false, "status": "inventoried"}, "geometry": {"type": "LineString", "coordinates": [[-73.9396484, 40.7490806], [-73.9397181, 40.7490021]]}}, {"type": "Feature", "id": "SEG-c9f2b3dc2f", "properties": {"id": "SEG-c9f2b3dc2f", "name": "Hausman Street", "highway": "residential", "scope": "in_scope", "borough": "Brooklyn", "bridge": false, "tunnel": false, "status": "inventoried"}, "geometry": {"type": "LineString", "coordinates": [[-73.9384458, 40.7238543], [-73.9384553, 40.7238673], [-73.9384801, 40.7238933], [-73.9385035, 40.7239288], [-73.938517, 40.7239592], [-73.9388605, 40.7260573], [-73.9388661, 40.7260903], [-73.938876, 40.726151]]}}, {"type": "Feature", "id": "SEG-91d765ab36", "properties": {"id": "SEG-91d765ab36", "name": "", "highway": "service", "scope": "secondary", "borough": "Queens", "bridge": false, "tunnel": false, "status": "inventoried"}, "geometry": {"type": "LineString", "coordinates": [[-73.9387318, 40.7406048], [-73.9387335, 40.7406633], [-73.9387351, 40.7407192], [-73.9389006, 40.7409074]]}}, {"type": "Feature", "id": "SEG-59b18659b7", "properties": {"id": "SEG-59b18659b7", "name": "", "highway": "motorway_link", "scope": "in_scope", "borough": "Manhattan", "bridge": false, "tunnel": false, "status": "inventoried"}, "geometry": {"type": "LineString", "coordinates": [[-73.9689536, 40.7485027], [-73.9695442, 40.7487512], [-73.9695795, 40.7487636], [-73.9696113, 40.7487712], [-73.9696432, 40.7487754], [-73.9697356, 40.7487771]]}}, {"type": "Feature", "id": "SEG-6fecfb9f0f", "properties": {"id": "SEG-6fecfb9f0f", "name": "38th Avenue", "highway": "residential", "scope": "in_scope", "borough": "Queens", "bridge": false, "tunnel": false, "status": "inventoried"}, "geometry": {"type": "LineString", "coordinates": [[-73.934335, 40.755015], [-73.934272, 40.7549816], [-73.9336418, 40.7546468], [-73.9335642, 40.7546055]]}}, {"type": "Feature", "id": "SEG-be7d4966b5", "properties": {"id": "SEG-be7d4966b5", "name": "Queens-Midtown Tunnel", "highway": "motorway", "scope": "in_scope", "borough": "Manhattan", "bridge": false, "tunnel": true, "status": "blocked"}, "geometry": {"type": "LineString", "coordinates": [[-73.9724392, 40.7456467], [-73.972202, 40.7457351], [-73.9720286, 40.7458455], [-73.9718932, 40.7459544], [-73.9716966, 40.7461212], [-73.9709009, 40.7472101]]}}, {"type": "Feature", "id": "SEG-ff924ccefa", "properties": {"id": "SEG-ff924ccefa", "name": "Review Avenue", "highway": "secondary", "scope": "in_scope", "borough": "Queens", "bridge": false, "tunnel": false, "status": "inventoried"}, "geometry": {"type": "LineString", "coordinates": [[-73.9385695, 40.7349656], [-73.9387694, 40.735285], [-73.9389657, 40.7355939], [-73.9394275, 40.7363209]]}}, {"type": "Feature", "id": "SEG-72e3ec1d81", "properties": {"id": "SEG-72e3ec1d81", "name": "Review Avenue", "highway": "secondary", "scope": "in_scope", "borough": "Queens", "bridge": false, "tunnel": false, "status": "inventoried"}, "geometry": {"type": "LineString", "coordinates": [[-73.9394275, 40.7363209], [-73.9394487, 40.7363542]]}}, {"type": "Feature", "id": "SEG-d01099a690", "properties": {"id": "SEG-d01099a690", "name": "Review Avenue", "highway": "secondary", "scope": "in_scope", "borough": "Queens", "bridge": false, "tunnel": false, "status": "inventoried"}, "geometry": {"type": "LineString", "coordinates": [[-73.9394487, 40.7363542], [-73.940197, 40.7375322]]}}, {"type": "Feature", "id": "SEG-cfdfc3e7f3", "properties": {"id": "SEG-cfdfc3e7f3", "name": "Review Avenue", "highway": "secondary", "scope": "in_scope", "borough": "Queens", "bridge": false, "tunnel": false, "status": "inventoried"}, "geometry": {"type": "LineString", "coordinates": [[-73.940197, 40.7375322], [-73.940606, 40.738175]]}}, {"type": "Feature", "id": "SEG-43397dbea2", "properties": {"id": "SEG-43397dbea2", "name": "Queens Boulevard", "highway": "primary", "scope": "in_scope", "borough": "Queens", "bridge": false, "tunnel": false, "status": "inventoried"}, "geometry": {"type": "LineString", "coordinates": [[-73.9335163, 40.7451604], [-73.9334134, 40.7450871], [-73.933355, 40.7450474]]}}, {"type": "Feature", "id": "SEG-0f572fc878", "properties": {"id": "SEG-0f572fc878", "name": "49th Avenue", "highway": "unclassified", "scope": "in_scope", "borough": "Queens", "bridge": false, "tunnel": false, "status": "geometry_verified"}, "geometry": {"type": "LineString", "coordinates": [[-73.9469035, 40.7420838], [-73.9466099, 40.7420285], [-73.9463933, 40.741983]]}}, {"type": "Feature", "id": "SEG-601b4e74a3", "properties": {"id": "SEG-601b4e74a3", "name": "27th Street", "highway": "residential", "scope": "in_scope", "borough": "Queens", "bridge": false, "tunnel": false, "status": "inventoried"}, "geometry": {"type": "LineString", "coordinates": [[-73.940535, 40.749424], [-73.9405725, 40.7493842], [-73.9415362, 40.7483639], [-73.9415892, 40.7483179], [-73.9416655, 40.7482416]]}}, {"type": "Feature", "id": "SEG-ac0cb76897", "properties": {"id": "SEG-ac0cb76897", "name": "Skillman Avenue", "highway": "unclassified", "scope": "in_scope", "borough": "Queens", "bridge": false, "tunnel": false, "status": "inventoried"}, "geometry": {"type": "LineString", "coordinates": [[-73.9421183, 40.743722], [-73.9418105, 40.7438438]]}}, {"type": "Feature", "id": "SEG-4bd014d27c", "properties": {"id": "SEG-4bd014d27c", "name": "50th Avenue", "highway": "tertiary", "scope": "in_scope", "borough": "Queens", "bridge": false, "tunnel": false, "status": "geometry_verified"}, "geometry": {"type": "LineString", "coordinates": [[-73.9498212, 40.7418922], [-73.9503006, 40.7419869], [-73.9507008, 40.742066]]}}, {"type": "Feature", "id": "SEG-cce5ed63dc", "properties": {"id": "SEG-cce5ed63dc", "name": "", "highway": "service", "scope": "secondary", "borough": "Queens", "bridge": false, "tunnel": false, "status": "inventoried"}, "geometry": {"type": "LineString", "coordinates": [[-73.9381131, 40.734763], [-73.9379628, 40.7347315]]}}, {"type": "Feature", "id": "SEG-9272d90a79", "properties": {"id": "SEG-9272d90a79", "name": "41st Avenue", "highway": "residential", "scope": "in_scope", "borough": "Queens", "bridge": false, "tunnel": false, "status": "inventoried"}, "geometry": {"type": "LineString", "coordinates": [[-73.9353883, 40.74941], [-73.9359784, 40.749684], [-73.9361305, 40.749714]]}}, {"type": "Feature", "id": "SEG-8c51fdf9de", "properties": {"id": "SEG-8c51fdf9de", "name": "2nd Street", "highway": "residential", "scope": "in_scope", "borough": "Queens", "bridge": false, "tunnel": false, "status": "inventoried"}, "geometry": {"type": "LineString", "coordinates": [[-73.9593763, 40.7408018], [-73.9594037, 40.7407225], [-73.9595328, 40.7403477]]}}, {"type": "Feature", "id": "SEG-e59caeb075", "properties": {"id": "SEG-e59caeb075", "name": "2nd Street", "highway": "residential", "scope": "in_scope", "borough": "Queens", "bridge": false, "tunnel": false, "status": "inventoried"}, "geometry": {"type": "LineString", "coordinates": [[-73.9595328, 40.7403477], [-73.9595564, 40.7402793]]}}, {"type": "Feature", "id": "SEG-1c01f2db7d", "properties": {"id": "SEG-1c01f2db7d", "name": "2nd Street", "highway": "residential", "scope": "in_scope", "borough": "Queens", "bridge": false, "tunnel": false, "status": "inventoried"}, "geometry": {"type": "LineString", "coordinates": [[-73.9595564, 40.7402793], [-73.9595947, 40.740174], [-73.9596127, 40.7401161]]}}, {"type": "Feature", "id": "SEG-38c4a3dd60", "properties": {"id": "SEG-38c4a3dd60", "name": "Queens Plaza South", "highway": "secondary", "scope": "in_scope", "borough": "Queens", "bridge": false, "tunnel": false, "status": "inventoried"}, "geometry": {"type": "LineString", "coordinates": [[-73.948456, 40.7539352], [-73.9476435, 40.7535789]]}}, {"type": "Feature", "id": "SEG-a1a9237e16", "properties": {"id": "SEG-a1a9237e16", "name": "", "highway": "service", "scope": "secondary", "borough": "Queens", "bridge": false, "tunnel": false, "status": "inventoried"}, "geometry": {"type": "LineString", "coordinates": [[-73.9355975, 40.7507819], [-73.9353727, 40.7506685], [-73.9353361, 40.7506501], [-73.9352956, 40.7506297], [-73.9351951, 40.7505748]]}}, {"type": "Feature", "id": "SEG-174663e458", "properties": {"id": "SEG-174663e458", "name": "Vernon Boulevard", "highway": "secondary", "scope": "in_scope", "borough": "Queens", "bridge": false, "tunnel": false, "status": "inventoried"}, "geometry": {"type": "LineString", "coordinates": [[-73.9521933, 40.7485811], [-73.9521935, 40.7485178], [-73.9521948, 40.7484839], [-73.952198, 40.74845], [-73.9522054, 40.7484135], [-73.9522173, 40.7483691], [-73.9522321, 40.7483184], [-73.952248, 40.7482677]]}}, {"type": "Feature", "id": "SEG-19da19523c", "properties": {"id": "SEG-19da19523c", "name": "Franklin Street", "highway": "tertiary", "scope": "in_scope", "borough": "Brooklyn", "bridge": false, "tunnel": false, "status": "inventoried"}, "geometry": {"type": "LineString", "coordinates": [[-73.9580639, 40.7327225], [-73.9580745, 40.732788], [-73.9581676, 40.7333694], [-73.9581783, 40.7334328]]}}, {"type": "Feature", "id": "SEG-eb356f4ff9", "properties": {"id": "SEG-eb356f4ff9", "name": "", "highway": "service", "scope": "secondary", "borough": "Queens", "bridge": false, "tunnel": false, "status": "inventoried"}, "geometry": {"type": "LineString", "coordinates": [[-73.9429005, 40.7432605], [-73.9428334, 40.7432871], [-73.9421105, 40.7435741], [-73.9420352, 40.743604]]}}, {"type": "Feature", "id": "SEG-b2c1ca3f58", "properties": {"id": "SEG-b2c1ca3f58", "name": "", "highway": "service", "scope": "secondary", "borough": "Queens", "bridge": false, "tunnel": false, "status": "inventoried"}, "geometry": {"type": "LineString", "coordinates": [[-73.9497969, 40.7537192], [-73.9498847, 40.7537666], [-73.9499135, 40.7537819], [-73.9499934, 40.7538215]]}}, {"type": "Feature", "id": "SEG-8428390917", "properties": {"id": "SEG-8428390917", "name": "", "highway": "service", "scope": "secondary", "borough": "Queens", "bridge": false, "tunnel": false, "status": "inventoried"}, "geometry": {"type": "LineString", "coordinates": [[-73.9499934, 40.7538215], [-73.9504954, 40.7540712]]}}, {"type": "Feature", "id": "SEG-d95f422927", "properties": {"id": "SEG-d95f422927", "name": "", "highway": "service", "scope": "secondary", "borough": "Queens", "bridge": false, "tunnel": false, "status": "inventoried"}, "geometry": {"type": "LineString", "coordinates": [[-73.9504954, 40.7540712], [-73.9505356, 40.7540913], [-73.950869, 40.7542561], [-73.9511363, 40.7539508], [-73.9513736, 40.7536874], [-73.9504996, 40.7532519]]}}, {"type": "Feature", "id": "SEG-529ae1a3d0", "properties": {"id": "SEG-529ae1a3d0", "name": "5th Street", "highway": "residential", "scope": "in_scope", "borough": "Queens", "bridge": false, "tunnel": false, "status": "geometry_verified"}, "geometry": {"type": "LineString", "coordinates": [[-73.9557423, 40.7452614], [-73.955763, 40.7451995], [-73.9559393, 40.7446772], [-73.9559547, 40.7446316], [-73.9559769, 40.7445659]]}}, {"type": "Feature", "id": "SEG-48071ad1c8", "properties": {"id": "SEG-48071ad1c8", "name": "Gale Avenue", "highway": "unclassified", "scope": "in_scope", "borough": "Queens", "bridge": false, "tunnel": false, "status": "inventoried"}, "geometry": {"type": "LineString", "coordinates": [[-73.9349239, 40.7398393], [-73.9347759, 40.7396321], [-73.9347423, 40.7395859], [-73.9346328, 40.7394412]]}}, {"type": "Feature", "id": "SEG-d973aebb0a", "properties": {"id": "SEG-d973aebb0a", "name": "35th Street", "highway": "residential", "scope": "in_scope", "borough": "Queens", "bridge": false, "tunnel": false, "status": "inventoried"}, "geometry": {"type": "LineString", "coordinates": [[-73.9385695, 40.7349656], [-73.9378982, 40.7352122], [-73.9373507, 40.7354078], [-73.9373183, 40.7354157], [-73.9372845, 40.7354209], [-73.9372504, 40.7354249], [-73.9370583, 40.7354379]]}}, {"type": "Feature", "id": "SEG-c2bef8b918", "properties": {"id": "SEG-c2bef8b918", "name": "Borden Avenue", "highway": "secondary", "scope": "in_scope", "borough": "Queens", "bridge": false, "tunnel": false, "status": "inventoried"}, "geometry": {"type": "LineString", "coordinates": [[-73.9386311, 40.7384107], [-73.9387298, 40.7384393], [-73.93889, 40.7384868], [-73.939052, 40.7385364], [-73.9391778, 40.7385791], [-73.939329, 40.738633], [-73.9394627, 40.7386808], [-73.9395955, 40.7387286], [-73.9398575, 40.7388316]]}}, {"type": "Feature", "id": "SEG-bf77808977", "properties": {"id": "SEG-bf77808977", "name": "", "highway": "service", "scope": "secondary", "borough": "Queens", "bridge": false, "tunnel": false, "status": "inventoried"}, "geometry": {"type": "LineString", "coordinates": [[-73.9379023, 40.7522862], [-73.9378408, 40.752256], [-73.9376376, 40.7521563], [-73.9376141, 40.7521543], [-73.9375865, 40.7521588], [-73.9375219, 40.7522268]]}}, {"type": "Feature", "id": "SEG-02cc20bff3", "properties": {"id": "SEG-02cc20bff3", "name": "Queens Plaza South", "highway": "secondary", "scope": "in_scope", "borough": "Queens", "bridge": false, "tunnel": false, "status": "inventoried"}, "geometry": {"type": "LineString", "coordinates": [[-73.9458631, 40.7529191], [-73.946419, 40.7531564], [-73.9466737, 40.7532651]]}}, {"type": "Feature", "id": "SEG-d672a747ab", "properties": {"id": "SEG-d672a747ab", "name": "Queens-Midtown Tunnel", "highway": "motorway", "scope": "in_scope", "borough": "Queens", "bridge": false, "tunnel": false, "status": "blocked"}, "geometry": {"type": "LineString", "coordinates": [[-73.9540722, 40.7414458], [-73.9539011, 40.7414471], [-73.9537297, 40.7414461], [-73.9535293, 40.7414382], [-73.9533432, 40.7414312]]}}, {"type": "Feature", "id": "SEG-ca5ad5c480", "properties": {"id": "SEG-ca5ad5c480", "name": "Queens-Midtown Tunnel", "highway": "motorway", "scope": "in_scope", "borough": "Queens", "bridge": false, "tunnel": false, "status": "blocked"}, "geometry": {"type": "LineString", "coordinates": [[-73.9533432, 40.7414312], [-73.9529036, 40.7414078], [-73.9522734, 40.7413579], [-73.9520641, 40.7413456], [-73.9519943, 40.7413444], [-73.9518869, 40.741349], [-73.9517893, 40.7413566], [-73.9517166, 40.7413634], [-73.9516344, 40.7413751], [-73.9515274, 40.7413938], [-73.9513336, 40.7414369], [-73.9511462, 40.7414399]]}}, {"type": "Feature", "id": "SEG-fe92b5e124", "properties": {"id": "SEG-fe92b5e124", "name": "West Street", "highway": "residential", "scope": "in_scope", "borough": "Brooklyn", "bridge": false, "tunnel": false, "status": "inventoried"}, "geometry": {"type": "LineString", "coordinates": [[-73.9595841, 40.7318577], [-73.9595947, 40.731923], [-73.9596095, 40.7320138], [-73.959674, 40.7324089], [-73.9596888, 40.7325059], [-73.9596984, 40.7325667]]}}, {"type": "Feature", "id": "SEG-528a48825a", "properties": {"id": "SEG-528a48825a", "name": "Blue Slip", "highway": "residential", "scope": "in_scope", "borough": "Brooklyn", "bridge": false, "tunnel": false, "status": "inventoried"}, "geometry": {"type": "LineString", "coordinates": [[-73.9596268, 40.7367161], [-73.9594458, 40.7366323], [-73.9593428, 40.7365216], [-73.9593262, 40.7365037], [-73.9589763, 40.7361325], [-73.9589649, 40.7361147], [-73.9589215, 40.7360666]]}}, {"type": "Feature", "id": "SEG-9d880f93dc", "properties": {"id": "SEG-9d880f93dc", "name": "51st Avenue", "highway": "residential", "scope": "in_scope", "borough": "Queens", "bridge": false, "tunnel": false, "status": "geometry_verified"}, "geometry": {"type": "LineString", "coordinates": [[-73.9543437, 40.7420235], [-73.9544499, 40.7420442], [-73.9562367, 40.7423927], [-73.9565965, 40.7424629], [-73.9566721, 40.7424777]]}}, {"type": "Feature", "id": "SEG-b065d6278a", "properties": {"id": "SEG-b065d6278a", "name": "Brooklyn-Queens Expressway", "highway": "motorway", "scope": "in_scope", "borough": "Brooklyn", "bridge": true, "tunnel": false, "status": "inventoried"}, "geometry": {"type": "LineString", "coordinates": [[-73.9347807, 40.7246725], [-73.9343989, 40.7247649]]}}, {"type": "Feature", "id": "SEG-d7688c9572", "properties": {"id": "SEG-d7688c9572", "name": "", "highway": "trunk_link", "scope": "in_scope", "borough": "Queens", "bridge": false, "tunnel": false, "status": "inventoried"}, "geometry": {"type": "LineString", "coordinates": [[-73.9379097, 40.7496075], [-73.937864, 40.7495876], [-73.9377196, 40.7495248]]}}, {"type": "Feature", "id": "SEG-79d1081f44", "properties": {"id": "SEG-79d1081f44", "name": "Meserole Avenue", "highway": "residential", "scope": "in_scope", "borough": "Brooklyn", "bridge": false, "tunnel": false, "status": "inventoried"}, "geometry": {"type": "LineString", "coordinates": [[-73.9499997, 40.7279887], [-73.9501326, 40.727944]]}}, {"type": "Feature", "id": "SEG-0d60a82ef6", "properties": {"id": "SEG-0d60a82ef6", "name": "Queens Plaza North", "highway": "tertiary", "scope": "in_scope", "borough": "Queens", "bridge": false, "tunnel": false, "status": "inventoried"}, "geometry": {"type": "LineString", "coordinates": [[-73.940281, 40.7509864], [-73.9403702, 40.751028], [-73.9410644, 40.7513332]]}}, {"type": "Feature", "id": "SEG-1d0c7d880c", "properties": {"id": "SEG-1d0c7d880c", "name": "43rd Avenue", "highway": "secondary", "scope": "in_scope", "borough": "Queens", "bridge": false, "tunnel": false, "status": "inventoried"}, "geometry": {"type": "LineString", "coordinates": [[-73.9464701, 40.7510507], [-73.9463922, 40.7510121], [-73.9457744, 40.7507093], [-73.94566, 40.7506535]]}}, {"type": "Feature", "id": "SEG-7db138d912", "properties": {"id": "SEG-7db138d912", "name": "", "highway": "service", "scope": "secondary", "borough": "Brooklyn", "bridge": false, "tunnel": false, "status": "inventoried"}, "geometry": {"type": "LineString", "coordinates": [[-73.9369418, 40.7259058], [-73.9370247, 40.7258976], [-73.937342, 40.7258685], [-73.9373594, 40.7258648], [-73.9373658, 40.7258532], [-73.937251, 40.7252115], [-73.937246, 40.7252021], [-73.9372294, 40.7252], [-73.9369223, 40.7252339], [-73.9368334, 40.7252426]]}}, {"type": "Feature", "id": "SEG-d9e93b8236", "properties": {"id": "SEG-d9e93b8236", "name": "McGuinness Boulevard", "highway": "tertiary", "scope": "in_scope", "borough": "Brooklyn", "bridge": false, "tunnel": false, "status": "geometry_verified"}, "geometry": {"type": "LineString", "coordinates": [[-73.9530852, 40.7367955], [-73.9530752, 40.7367325], [-73.9529675, 40.7360817]]}}, {"type": "Feature", "id": "SEG-f2a5cf2ecd", "properties": {"id": "SEG-f2a5cf2ecd", "name": "Calyer Street", "highway": "residential", "scope": "in_scope", "borough": "Brooklyn", "bridge": false, "tunnel": false, "status": "inventoried"}, "geometry": {"type": "LineString", "coordinates": [[-73.9532771, 40.7281381], [-73.9531934, 40.7281656], [-73.9524943, 40.7283993], [-73.9524262, 40.728421]]}}, {"type": "Feature", "id": "SEG-1789e7616e", "properties": {"id": "SEG-1789e7616e", "name": "28th Street", "highway": "residential", "scope": "in_scope", "borough": "Queens", "bridge": false, "tunnel": false, "status": "inventoried"}, "geometry": {"type": "LineString", "coordinates": [[-73.937562, 40.751411], [-73.9376083, 40.75136], [-73.9376917, 40.7512683], [-73.9385557, 40.7503182], [-73.9386102, 40.7502624]]}}, {"type": "Feature", "id": "SEG-0b3fbc4604", "properties": {"id": "SEG-0b3fbc4604", "name": "Borden Avenue", "highway": "secondary", "scope": "in_scope", "borough": "Queens", "bridge": false, "tunnel": false, "status": "inventoried"}, "geometry": {"type": "LineString", "coordinates": [[-73.9400286, 40.7384935], [-73.9397957, 40.7384504], [-73.939664, 40.7384245]]}}, {"type": "Feature", "id": "SEG-fa071d539e", "properties": {"id": "SEG-fa071d539e", "name": "40th Avenue", "highway": "residential", "scope": "in_scope", "borough": "Queens", "bridge": false, "tunnel": false, "status": "inventoried"}, "geometry": {"type": "LineString", "coordinates": [[-73.9379572, 40.7535014], [-73.9380162, 40.753532], [-73.9386496, 40.7538658], [-73.93871, 40.753898]]}}, {"type": "Feature", "id": "SEG-ed95bdadbf", "properties": {"id": "SEG-ed95bdadbf", "name": "Northern Boulevard", "highway": "primary", "scope": "in_scope", "borough": "Queens", "bridge": false, "tunnel": false, "status": "inventoried"}, "geometry": {"type": "LineString", "coordinates": [[-73.9361305, 40.749714], [-73.9356707, 40.7501372], [-73.9353659, 40.7504176], [-73.9351951, 40.7505748]]}}, {"type": "Feature", "id": "SEG-8bce92131c", "properties": {"id": "SEG-8bce92131c", "name": "Northern Boulevard", "highway": "primary", "scope": "in_scope", "borough": "Queens", "bridge": false, "tunnel": false, "status": "inventoried"}, "geometry": {"type": "LineString", "coordinates": [[-73.9351951, 40.7505748], [-73.9351502, 40.7506161], [-73.9348025, 40.7509293], [-73.9347832, 40.7509465], [-73.9347731, 40.7509547]]}}, {"type": "Feature", "id": "SEG-b173c31050", "properties": {"id": "SEG-b173c31050", "name": "Northern Boulevard", "highway": "primary", "scope": "in_scope", "borough": "Queens", "bridge": false, "tunnel": false, "status": "inventoried"}, "geometry": {"type": "LineString", "coordinates": [[-73.9347731, 40.7509547], [-73.934743, 40.750979]]}}, {"type": "Feature", "id": "SEG-d834804778", "properties": {"id": "SEG-d834804778", "name": "Queens-Midtown Tunnel", "highway": "motorway", "scope": "in_scope", "borough": "Manhattan", "bridge": false, "tunnel": true, "status": "blocked"}, "geometry": {"type": "LineString", "coordinates": [[-73.9710581, 40.7472887], [-73.9716375, 40.7464587], [-73.9717614, 40.7463283], [-73.9719193, 40.7462104], [-73.9721173, 40.7461037], [-73.9723524, 40.7460159], [-73.9726168, 40.7459557], [-73.9728541, 40.7459325], [-73.9731246, 40.7459379]]}}, {"type": "Feature", "id": "SEG-79b75eed4d", "properties": {"id": "SEG-79b75eed4d", "name": "Borden Avenue", "highway": "primary", "scope": "in_scope", "borough": "Queens", "bridge": false, "tunnel": false, "status": "geometry_verified"}, "geometry": {"type": "LineString", "coordinates": [[-73.9522718, 40.7409061], [-73.9521338, 40.7408803]]}}, {"type": "Feature", "id": "SEG-8e7dfc9b8c", "properties": {"id": "SEG-8e7dfc9b8c", "name": "Crescent Street", "highway": "secondary", "scope": "in_scope", "borough": "Queens", "bridge": false, "tunnel": false, "status": "inventoried"}, "geometry": {"type": "LineString", "coordinates": [[-73.9391219, 40.7522423], [-73.9391716, 40.7521858], [-73.9393394, 40.7520018], [-73.9397384, 40.751572], [-73.9402223, 40.7510507], [-73.940281, 40.7509864]]}}, {"type": "Feature", "id": "SEG-b510e6d2af", "properties": {"id": "SEG-b510e6d2af", "name": "Starr Avenue", "highway": "residential", "scope": "in_scope", "borough": "Queens", "bridge": false, "tunnel": false, "status": "inventoried"}, "geometry": {"type": "LineString", "coordinates": [[-73.9362915, 40.7350026], [-73.9363354, 40.7350699], [-73.9366479, 40.7355569], [-73.9366692, 40.7355899], [-73.9367086, 40.7356567]]}}, {"type": "Feature", "id": "SEG-571bd212c6", "properties": {"id": "SEG-571bd212c6", "name": "", "highway": "motorway_link", "scope": "in_scope", "borough": "Manhattan", "bridge": false, "tunnel": false, "status": "inventoried"}, "geometry": {"type": "LineString", "coordinates": [[-73.9669654, 40.7523347], [-73.9669188, 40.7523635], [-73.9668793, 40.7523804], [-73.9668589, 40.7523851], [-73.9668368, 40.7523879], [-73.9667868, 40.7523892], [-73.9667366, 40.752381], [-73.9666589, 40.7523624], [-73.9665983, 40.7523415], [-73.9665381, 40.7523165], [-73.966495, 40.7522981]]}}, {"type": "Feature", "id": "SEG-9a1f2008a5", "properties": {"id": "SEG-9a1f2008a5", "name": "Manhattan Avenue", "highway": "unclassified", "scope": "in_scope", "borough": "Brooklyn", "bridge": false, "tunnel": false, "status": "geometry_verified"}, "geometry": {"type": "LineString", "coordinates": [[-73.9554177, 40.7387854], [-73.9554658, 40.7390519]]}}, {"type": "Feature", "id": "SEG-56a6168c50", "properties": {"id": "SEG-56a6168c50", "name": "Vernon Boulevard", "highway": "secondary", "scope": "in_scope", "borough": "Queens", "bridge": false, "tunnel": false, "status": "inventoried"}, "geometry": {"type": "LineString", "coordinates": [[-73.9486512, 40.75505], [-73.9487248, 40.7550156], [-73.9487788, 40.7549592], [-73.9488323, 40.7549046], [-73.9489079, 40.7548063], [-73.9489518, 40.7547004]]}}, {"type": "Feature", "id": "SEG-4dcd79924d", "properties": {"id": "SEG-4dcd79924d", "name": "21st Street", "highway": "primary", "scope": "in_scope", "borough": "Queens", "bridge": false, "tunnel": false, "status": "inventoried"}, "geometry": {"type": "LineString", "coordinates": [[-73.94566, 40.7506535], [-73.9455863, 40.7507186], [-73.9452665, 40.7510298], [-73.9451879, 40.7511112]]}}, {"type": "Feature", "id": "SEG-0abec55623", "properties": {"id": "SEG-0abec55623", "name": "Commercial Street", "highway": "tertiary", "scope": "in_scope", "borough": "Brooklyn", "bridge": false, "tunnel": false, "status": "geometry_verified"}, "geometry": {"type": "LineString", "coordinates": [[-73.9582016, 40.7364566], [-73.9581648, 40.7364773], [-73.9579379, 40.7366011]]}}, {"type": "Feature", "id": "SEG-498d25812a", "properties": {"id": "SEG-498d25812a", "name": "Commercial Street", "highway": "tertiary", "scope": "in_scope", "borough": "Brooklyn", "bridge": false, "tunnel": false, "status": "geometry_verified"}, "geometry": {"type": "LineString", "coordinates": [[-73.9579379, 40.7366011], [-73.957699, 40.7367315], [-73.9574702, 40.7368548]]}}, {"type": "Feature", "id": "SEG-fe03a78734", "properties": {"id": "SEG-fe03a78734", "name": "Commercial Street", "highway": "tertiary", "scope": "in_scope", "borough": "Brooklyn", "bridge": false, "tunnel": false, "status": "geometry_verified"}, "geometry": {"type": "LineString", "coordinates": [[-73.9574702, 40.7368548], [-73.9570733, 40.7370681]]}}, {"type": "Feature", "id": "SEG-2eaf23dd37", "properties": {"id": "SEG-2eaf23dd37", "name": "Commercial Street", "highway": "tertiary", "scope": "in_scope", "borough": "Brooklyn", "bridge": false, "tunnel": false, "status": "geometry_verified"}, "geometry": {"type": "LineString", "coordinates": [[-73.9570733, 40.7370681], [-73.9569634, 40.7371303], [-73.9569305, 40.7371418]]}}, {"type": "Feature", "id": "SEG-3743864df5", "properties": {"id": "SEG-3743864df5", "name": "", "highway": "service", "scope": "secondary", "borough": "Queens", "bridge": false, "tunnel": false, "status": "inventoried"}, "geometry": {"type": "LineString", "coordinates": [[-73.9331954, 40.7550589], [-73.9332695, 40.7550901], [-73.9336035, 40.7552307]]}}, {"type": "Feature", "id": "SEG-09ce728fd2", "properties": {"id": "SEG-09ce728fd2", "name": "1st Avenue", "highway": "primary", "scope": "in_scope", "borough": "Manhattan", "bridge": false, "tunnel": false, "status": "inventoried"}, "geometry": {"type": "LineString", "coordinates": [[-73.9674542, 40.7518449], [-73.967348, 40.7519194]]}}, {"type": "Feature", "id": "SEG-38213e960c", "properties": {"id": "SEG-38213e960c", "name": "1st Avenue", "highway": "primary", "scope": "in_scope", "borough": "Manhattan", "bridge": false, "tunnel": false, "status": "inventoried"}, "geometry": {"type": "LineString", "coordinates": [[-73.967348, 40.7519194], [-73.9673177, 40.7519568], [-73.9671907, 40.7521308]]}}, {"type": "Feature", "id": "SEG-682bacabb8", "properties": {"id": "SEG-682bacabb8", "name": "", "highway": "trunk_link", "scope": "in_scope", "borough": "Queens", "bridge": true, "tunnel": false, "status": "inventoried"}, "geometry": {"type": "LineString", "coordinates": [[-73.943396, 40.7508071], [-73.9434804, 40.7507663], [-73.9436577, 40.7505642], [-73.9436831, 40.7505409], [-73.9437084, 40.7505217], [-73.9437351, 40.7505065], [-73.9437591, 40.7504956], [-73.9437904, 40.7504884], [-73.9438249, 40.7504861], [-73.9438604, 40.7504868], [-73.9438991, 40.7504908], [-73.9439388, 40.7504987], [-73.9439712, 40.7505074], [-73.9440088, 40.7505205], [-73.9440498, 40.7505409], [-73.9441859, 40.7506101]]}}, {"type": "Feature", "id": "SEG-1993647e34", "properties": {"id": "SEG-1993647e34", "name": "Borden Avenue", "highway": "secondary_link", "scope": "in_scope", "borough": "Queens", "bridge": false, "tunnel": false, "status": "inventoried"}, "geometry": {"type": "LineString", "coordinates": [[-73.9328443, 40.7375381], [-73.9331413, 40.7375468], [-73.9333472, 40.7375666], [-73.9334396, 40.7375752], [-73.9335341, 40.7375838], [-73.9338663, 40.7375966]]}}, {"type": "Feature", "id": "SEG-d410770116", "properties": {"id": "SEG-d410770116", "name": "Vernon Boulevard", "highway": "secondary", "scope": "in_scope", "borough": "Queens", "bridge": false, "tunnel": false, "status": "geometry_verified"}, "geometry": {"type": "LineString", "coordinates": [[-73.9529451, 40.7461914], [-73.9529645, 40.7461334], [-73.953156, 40.7455616], [-73.9531773, 40.7455002]]}}, {"type": "Feature", "id": "SEG-513d8c4e91", "properties": {"id": "SEG-513d8c4e91", "name": "50th Avenue", "highway": "tertiary", "scope": "in_scope", "borough": "Queens", "bridge": false, "tunnel": false, "status": "geometry_verified"}, "geometry": {"type": "LineString", "coordinates": [[-73.9510988, 40.7421447], [-73.9513076, 40.7421928], [-73.951413, 40.7422151]]}}, {"type": "Feature", "id": "SEG-d301f0de15", "properties": {"id": "SEG-d301f0de15", "name": "North 15th Street", "highway": "residential", "scope": "in_scope", "borough": "Brooklyn", "bridge": false, "tunnel": false, "status": "inventoried"}, "geometry": {"type": "LineString", "coordinates": [[-73.9560625, 40.7241922], [-73.9574377, 40.7250408], [-73.9574819, 40.7250672], [-73.9575478, 40.7251075]]}}, {"type": "Feature", "id": "SEG-0e13b8e4bd", "properties": {"id": "SEG-0e13b8e4bd", "name": "", "highway": "service", "scope": "secondary", "borough": "Manhattan", "bridge": false, "tunnel": false, "status": "inventoried"}, "geometry": {"type": "LineString", "coordinates": [[-73.9632295, 40.755933], [-73.9632769, 40.7558678], [-73.963315, 40.7558129]]}}, {"type": "Feature", "id": "SEG-44d35b1aed", "properties": {"id": "SEG-44d35b1aed", "name": "50th Avenue", "highway": "unclassified", "scope": "in_scope", "borough": "Queens", "bridge": false, "tunnel": false, "status": "geometry_verified"}, "geometry": {"type": "LineString", "coordinates": [[-73.9471493, 40.7413681], [-73.9449308, 40.740947], [-73.944839, 40.7409296]]}}, {"type": "Feature", "id": "SEG-3ac26b1ff5", "properties": {"id": "SEG-3ac26b1ff5", "name": "Freeman Street", "highway": "residential", "scope": "in_scope", "borough": "Brooklyn", "bridge": false, "tunnel": false, "status": "inventoried"}, "geometry": {"type": "LineString", "coordinates": [[-73.9582957, 40.7341475], [-73.9584, 40.7341373], [-73.9597934, 40.7340081], [-73.9598563, 40.7340022], [-73.9599302, 40.733988]]}}, {"type": "Feature", "id": "SEG-c656c6cedb", "properties": {"id": "SEG-c656c6cedb", "name": "", "highway": "service", "scope": "secondary", "borough": "Queens", "bridge": false, "tunnel": false, "status": "blocked"}, "geometry": {"type": "LineString", "coordinates": [[-73.952838, 40.74143], [-73.9529318, 40.7414455], [-73.9530844, 40.7414755], [-73.9534214, 40.7415505]]}}, {"type": "Feature", "id": "SEG-26556e2fe8", "properties": {"id": "SEG-26556e2fe8", "name": "41st Avenue", "highway": "residential", "scope": "in_scope", "borough": "Queens", "bridge": false, "tunnel": false, "status": "inventoried"}, "geometry": {"type": "LineString", "coordinates": [[-73.945676, 40.755657], [-73.9456161, 40.7556264], [-73.9455315, 40.7555831], [-73.9453137, 40.7554718], [-73.945291, 40.7554602], [-73.9452875, 40.7554583]]}}, {"type": "Feature", "id": "SEG-41e10600fc", "properties": {"id": "SEG-41e10600fc", "name": "21st Street", "highway": "primary", "scope": "in_scope", "borough": "Queens", "bridge": false, "tunnel": false, "status": "geometry_verified"}, "geometry": {"type": "LineString", "coordinates": [[-73.9478404, 40.7466807], [-73.9478626, 40.7466126], [-73.9479381, 40.7463863], [-73.9479975, 40.7462084], [-73.9480027, 40.7461927], [-73.948049, 40.7460539], [-73.9480715, 40.7459865]]}}, {"type": "Feature", "id": "SEG-8c0281b216", "properties": {"id": "SEG-8c0281b216", "name": "Oak Street", "highway": "residential", "scope": "in_scope", "borough": "Brooklyn", "bridge": false, "tunnel": false, "status": "inventoried"}, "geometry": {"type": "LineString", "coordinates": [[-73.9549835, 40.727571], [-73.955017, 40.7276271], [-73.9552413, 40.727998], [-73.9554066, 40.7279547], [-73.9554674, 40.7279423], [-73.9555184, 40.7279334], [-73.9555779, 40.7279269], [-73.957105, 40.727771], [-73.9571512, 40.7277664], [-73.9572483, 40.7277591]]}}, {"type": "Feature", "id": "SEG-840e6bda97", "properties": {"id": "SEG-840e6bda97", "name": "Nassau Avenue", "highway": "residential", "scope": "in_scope", "borough": "Brooklyn", "bridge": false, "tunnel": false, "status": "inventoried"}, "geometry": {"type": "LineString", "coordinates": [[-73.942636, 40.725793], [-73.94256, 40.7258], [-73.9417842, 40.7258729], [-73.941687, 40.725882]]}}, {"type": "Feature", "id": "SEG-f5e0a86933", "properties": {"id": "SEG-f5e0a86933", "name": "Norman Avenue", "highway": "residential", "scope": "in_scope", "borough": "Brooklyn", "bridge": false, "tunnel": false, "status": "inventoried"}, "geometry": {"type": "LineString", "coordinates": [[-73.9491851, 40.7262788], [-73.9490536, 40.7263206]]}}, {"type": "Feature", "id": "SEG-3bd598731b", "properties": {"id": "SEG-3bd598731b", "name": "Greenpoint Avenue", "highway": "primary", "scope": "in_scope", "borough": "Brooklyn", "bridge": false, "tunnel": false, "status": "inventoried"}, "geometry": {"type": "LineString", "coordinates": [[-73.9420147, 40.7327804], [-73.9426016, 40.7326918], [-73.9428072, 40.7326577]]}}, {"type": "Feature", "id": "SEG-4499807b01", "properties": {"id": "SEG-4499807b01", "name": "Borden Avenue", "highway": "residential", "scope": "in_scope", "borough": "Queens", "bridge": false, "tunnel": false, "status": "geometry_verified"}, "geometry": {"type": "LineString", "coordinates": [[-73.9572059, 40.7420357], [-73.9572444, 40.7420532], [-73.9572817, 40.7420675], [-73.9573179, 40.7420785], [-73.9573597, 40.7420882], [-73.9576706, 40.7421489], [-73.9576984, 40.7421524], [-73.9577289, 40.7421507], [-73.957764, 40.7421442], [-73.9578355, 40.7421263], [-73.957885, 40.7421147], [-73.9579334, 40.7421079], [-73.9579869, 40.7421057], [-73.9580511, 40.7421035], [-73.9581367, 40.7421047], [-73.9582287, 40.7421065], [-73.958591, 40.7421228]]}}, {"type": "Feature", "id": "SEG-b64a802bf1", "properties": {"id": "SEG-b64a802bf1", "name": "29th Street", "highway": "residential", "scope": "in_scope", "borough": "Queens", "bridge": false, "tunnel": false, "status": "inventoried"}, "geometry": {"type": "LineString", "coordinates": [[-73.9367868, 40.7510037], [-73.9365909, 40.7511975]]}}, {"type": "Feature", "id": "SEG-cfce7bee94", "properties": {"id": "SEG-cfce7bee94", "name": "49th Avenue", "highway": "unclassified", "scope": "in_scope", "borough": "Queens", "bridge": false, "tunnel": false, "status": "geometry_verified"}, "geometry": {"type": "LineString", "coordinates": [[-73.9463933, 40.741983], [-73.9461653, 40.7419343], [-73.9457439, 40.7418542], [-73.9447623, 40.7416628], [-73.9446821, 40.7416478]]}}, {"type": "Feature", "id": "SEG-a42965092c", "properties": {"id": "SEG-a42965092c", "name": "48th Avenue", "highway": "residential", "scope": "in_scope", "borough": "Queens", "bridge": false, "tunnel": false, "status": "geometry_verified"}, "geometry": {"type": "LineString", "coordinates": [[-73.9511803, 40.7436373], [-73.951292, 40.7436586]]}}, {"type": "Feature", "id": "SEG-b89cff67ae", "properties": {"id": "SEG-b89cff67ae", "name": "13th Street", "highway": "residential", "scope": "in_scope", "borough": "Queens", "bridge": false, "tunnel": false, "status": "inventoried"}, "geometry": {"type": "LineString", "coordinates": [[-73.9464701, 40.7510507], [-73.9463989, 40.7511161], [-73.9451885, 40.7523796], [-73.945149, 40.7524208], [-73.9451046, 40.7524881]]}}, {"type": "Feature", "id": "SEG-88be21c3ea", "properties": {"id": "SEG-88be21c3ea", "name": "Paidge Avenue", "highway": "tertiary", "scope": "in_scope", "borough": "Brooklyn", "bridge": false, "tunnel": false, "status": "geometry_verified"}, "geometry": {"type": "LineString", "coordinates": [[-73.9527565, 40.7375222], [-73.9527163, 40.7375111], [-73.95266, 40.7374955], [-73.952613, 40.7374824], [-73.9522456, 40.7373671]]}}, {"type": "Feature", "id": "SEG-3c095fd648", "properties": {"id": "SEG-3c095fd648", "name": "Paidge Avenue", "highway": "tertiary", "scope": "in_scope", "borough": "Brooklyn", "bridge": false, "tunnel": false, "status": "geometry_verified"}, "geometry": {"type": "LineString", "coordinates": [[-73.9522456, 40.7373671], [-73.9521071, 40.7373228]]}}, {"type": "Feature", "id": "SEG-14c0f2044a", "properties": {"id": "SEG-14c0f2044a", "name": "Paidge Avenue", "highway": "tertiary", "scope": "in_scope", "borough": "Brooklyn", "bridge": false, "tunnel": false, "status": "geometry_verified"}, "geometry": {"type": "LineString", "coordinates": [[-73.9521071, 40.7373228], [-73.9518546, 40.7372417], [-73.9518093, 40.7372265]]}}, {"type": "Feature", "id": "SEG-43f695dfd4", "properties": {"id": "SEG-43f695dfd4", "name": "Paidge Avenue", "highway": "tertiary", "scope": "in_scope", "borough": "Brooklyn", "bridge": false, "tunnel": false, "status": "geometry_verified"}, "geometry": {"type": "LineString", "coordinates": [[-73.9518093, 40.7372265], [-73.9513577, 40.737084]]}}, {"type": "Feature", "id": "SEG-f6cc5a182b", "properties": {"id": "SEG-f6cc5a182b", "name": "Paidge Avenue", "highway": "tertiary", "scope": "in_scope", "borough": "Brooklyn", "bridge": false, "tunnel": false, "status": "geometry_verified"}, "geometry": {"type": "LineString", "coordinates": [[-73.9513577, 40.737084], [-73.9513424, 40.7370792], [-73.9512301, 40.7370457]]}}, {"type": "Feature", "id": "SEG-59778e5d32", "properties": {"id": "SEG-59778e5d32", "name": "Queens-Midtown Tunnel", "highway": "motorway", "scope": "in_scope", "borough": "Manhattan", "bridge": false, "tunnel": true, "status": "blocked"}, "geometry": {"type": "LineString", "coordinates": [[-73.9709009, 40.7472101], [-73.9708307, 40.7473003], [-73.9706953, 40.74745], [-73.9705565, 40.7475631], [-73.9703995, 40.7476682], [-73.9702261, 40.747744], [-73.9700239, 40.7478135], [-73.969855, 40.7478578], [-73.9696424, 40.7479035], [-73.9694362, 40.7479193], [-73.9692121, 40.7479187], [-73.9690109, 40.7479079], [-73.9688032, 40.7478752], [-73.9686226, 40.7478263], [-73.9684618, 40.7477706], [-73.9682142, 40.7476555], [-73.9680457, 40.7475675], [-73.9612562, 40.7429365], [-73.9609712, 40.7427688], [-73.9607014, 40.7426265], [-73.9603827, 40.7424848], [-73.9600614, 40.7423689], [-73.9596663, 40.7422505], [-73.959204, 40.7421511], [-73.9557598, 40.7415018], [-73.955488, 40.7414533], [-73.9552477, 40.741418], [-73.9549836, 40.7413902], [-73.9547499, 40.7413834], [-73.9540716, 40.7414195]]}}, {"type": "Feature", "id": "SEG-a31352782c", "properties": {"id": "SEG-a31352782c", "name": "Queens Plaza North", "highway": "tertiary", "scope": "in_scope", "borough": "Queens", "bridge": false, "tunnel": false, "status": "inventoried"}, "geometry": {"type": "LineString", "coordinates": [[-73.9427036, 40.7520575], [-73.9427834, 40.7520925], [-73.943639, 40.7524677], [-73.9437068, 40.7524986], [-73.9438228, 40.7525506]]}}, {"type": "Feature", "id": "SEG-8566e9e5dc", "properties": {"id": "SEG-8566e9e5dc", "name": "38th Avenue", "highway": "residential", "scope": "in_scope", "borough": "Queens", "bridge": false, "tunnel": false, "status": "inventoried"}, "geometry": {"type": "LineString", "coordinates": [[-73.9335642, 40.7546055], [-73.9335027, 40.7545728], [-73.933422, 40.75453]]}}, {"type": "Feature", "id": "SEG-5e874acf2e", "properties": {"id": "SEG-5e874acf2e", "name": "38th Avenue", "highway": "residential", "scope": "in_scope", "borough": "Queens", "bridge": false, "tunnel": false, "status": "inventoried"}, "geometry": {"type": "LineString", "coordinates": [[-73.933422, 40.75453], [-73.9328679, 40.7542325], [-73.9327986, 40.7541953]]}}, {"type": "Feature", "id": "SEG-a51fae0bd4", "properties": {"id": "SEG-a51fae0bd4", "name": "Manhattan Avenue", "highway": "tertiary", "scope": "in_scope", "borough": "Brooklyn", "bridge": false, "tunnel": false, "status": "inventoried"}, "geometry": {"type": "LineString", "coordinates": [[-73.953665, 40.7288245], [-73.9539313, 40.7294557], [-73.9539583, 40.7295098]]}}, {"type": "Feature", "id": "SEG-3d5ec1f221", "properties": {"id": "SEG-3d5ec1f221", "name": "", "highway": "service", "scope": "secondary", "borough": "Queens", "bridge": false, "tunnel": false, "status": "inventoried"}, "geometry": {"type": "LineString", "coordinates": [[-73.9504996, 40.7532519], [-73.9503208, 40.7534481]]}}, {"type": "Feature", "id": "SEG-692c037028", "properties": {"id": "SEG-692c037028", "name": "", "highway": "service", "scope": "secondary", "borough": "Queens", "bridge": false, "tunnel": false, "status": "inventoried"}, "geometry": {"type": "LineString", "coordinates": [[-73.9503208, 40.7534481], [-73.9499934, 40.7538215]]}}, {"type": "Feature", "id": "SEG-67afe49a37", "properties": {"id": "SEG-67afe49a37", "name": "", "highway": "service", "scope": "secondary", "borough": "Queens", "bridge": false, "tunnel": false, "status": "inventoried"}, "geometry": {"type": "LineString", "coordinates": [[-73.9370289, 40.7440409], [-73.9370656, 40.7438651], [-73.937075, 40.7438201], [-73.9370968, 40.7437161], [-73.9371282, 40.7435659], [-73.9371769, 40.7433368], [-73.9371941, 40.7432561]]}}, {"type": "Feature", "id": "SEG-50a9b18aab", "properties": {"id": "SEG-50a9b18aab", "name": "1st Avenue", "highway": "primary", "scope": "in_scope", "borough": "Manhattan", "bridge": false, "tunnel": false, "status": "inventoried"}, "geometry": {"type": "LineString", "coordinates": [[-73.9693844, 40.7494064], [-73.969324, 40.7494908], [-73.9692502, 40.7495922], [-73.9689145, 40.7500537], [-73.9688692, 40.7501172]]}}, {"type": "Feature", "id": "SEG-9353e36f8c", "properties": {"id": "SEG-9353e36f8c", "name": "Railroad Avenue", "highway": "residential", "scope": "in_scope", "borough": "Queens", "bridge": false, "tunnel": false, "status": "inventoried"}, "geometry": {"type": "LineString", "coordinates": [[-73.9343229, 40.7310415], [-73.9344036, 40.7309712], [-73.9351103, 40.7303559], [-73.9353129, 40.7300231], [-73.9353339, 40.7299885], [-73.9354295, 40.7298315], [-73.9350022, 40.7296829], [-73.9336625, 40.7293527]]}}, {"type": "Feature", "id": "SEG-8e3db8c556", "properties": {"id": "SEG-8e3db8c556", "name": "30th Street", "highway": "residential", "scope": "in_scope", "borough": "Queens", "bridge": false, "tunnel": false, "status": "inventoried"}, "geometry": {"type": "LineString", "coordinates": [[-73.9337053, 40.7531145], [-73.9337503, 40.7530648], [-73.9346709, 40.7520594], [-73.9347087, 40.7520173], [-73.9347568, 40.7519655]]}}, {"type": "Feature", "id": "SEG-9bc890f784", "properties": {"id": "SEG-9bc890f784", "name": "48th Avenue", "highway": "unclassified", "scope": "in_scope", "borough": "Queens", "bridge": false, "tunnel": false, "status": "inventoried"}, "geometry": {"type": "LineString", "coordinates": [[-73.9333855, 40.7409291], [-73.933304, 40.7409199], [-73.9325398, 40.74083], [-73.9324558, 40.7408205]]}}, {"type": "Feature", "id": "SEG-1aba2f55a9", "properties": {"id": "SEG-1aba2f55a9", "name": "11th Street", "highway": "secondary", "scope": "in_scope", "borough": "Queens", "bridge": false, "tunnel": false, "status": "inventoried"}, "geometry": {"type": "LineString", "coordinates": [[-73.9488007, 40.7510056], [-73.9488539, 40.7509558], [-73.9488657, 40.7509448], [-73.9491624, 40.7500616], [-73.9491858, 40.7499921]]}}, {"type": "Feature", "id": "SEG-9ef8423cca", "properties": {"id": "SEG-9ef8423cca", "name": "", "highway": "service", "scope": "secondary", "borough": "Brooklyn", "bridge": false, "tunnel": false, "status": "inventoried"}, "geometry": {"type": "LineString", "coordinates": [[-73.9414973, 40.7310116], [-73.941455, 40.7307479], [-73.9414336, 40.7306383], [-73.9414073, 40.7306034], [-73.9413597, 40.7305785], [-73.9412496, 40.7305586], [-73.9408585, 40.7305735], [-73.9407434, 40.730586]]}}, {"type": "Feature", "id": "SEG-e561b7e22d", "properties": {"id": "SEG-e561b7e22d", "name": "East 48th Street", "highway": "unclassified", "scope": "in_scope", "borough": "Manhattan", "bridge": false, "tunnel": false, "status": "inventoried"}, "geometry": {"type": "LineString", "coordinates": [[-73.9669654, 40.7523347], [-73.9668744, 40.7524833], [-73.966856, 40.7525004], [-73.9668375, 40.7525075], [-73.9668138, 40.7525098], [-73.966795, 40.7525073], [-73.9667745, 40.7525011], [-73.9654544, 40.7519528]]}}, {"type": "Feature", "id": "SEG-4c8f784c2f", "properties": {"id": "SEG-4c8f784c2f", "name": "East 48th Street", "highway": "unclassified", "scope": "in_scope", "borough": "Manhattan", "bridge": false, "tunnel": false, "status": "inventoried"}, "geometry": {"type": "LineString", "coordinates": [[-73.9654544, 40.7519528], [-73.9654094, 40.7519428], [-73.9653526, 40.7519373], [-73.965301, 40.7519385], [-73.9652501, 40.7519425], [-73.9652098, 40.7519523], [-73.9651664, 40.751965]]}}, {"type": "Feature", "id": "SEG-32a136a3ca", "properties": {"id": "SEG-32a136a3ca", "name": "East 48th Street", "highway": "unclassified", "scope": "in_scope", "borough": "Manhattan", "bridge": false, "tunnel": false, "status": "inventoried"}, "geometry": {"type": "LineString", "coordinates": [[-73.9651664, 40.751965], [-73.9651286, 40.7519862], [-73.9650895, 40.7520173], [-73.9650539, 40.7520514], [-73.9648346, 40.7522806], [-73.9648126, 40.752304], [-73.964798, 40.7523292], [-73.964791, 40.7523565], [-73.9647889, 40.7523781], [-73.9647953, 40.7524048], [-73.9648047, 40.7524305], [-73.9648208, 40.7524598], [-73.9648432, 40.7524887], [-73.964881, 40.7525179], [-73.9649161, 40.75254]]}}, {"type": "Feature", "id": "SEG-3603f6a701", "properties": {"id": "SEG-3603f6a701", "name": "12th Street", "highway": "residential", "scope": "in_scope", "borough": "Queens", "bridge": false, "tunnel": false, "status": "inventoried"}, "geometry": {"type": "LineString", "coordinates": [[-73.9472424, 40.751436], [-73.9472993, 40.7513702], [-73.9480547, 40.7504962], [-73.9481374, 40.7505527], [-73.9487005, 40.7509372], [-73.9487225, 40.7509522], [-73.9488007, 40.7510056]]}}, {"type": "Feature", "id": "SEG-f962844e54", "properties": {"id": "SEG-f962844e54", "name": "", "highway": "trunk", "scope": "in_scope", "borough": "Queens", "bridge": false, "tunnel": false, "status": "inventoried"}, "geometry": {"type": "LineString", "coordinates": [[-73.9408211, 40.7508772], [-73.9405782, 40.7507705], [-73.940415, 40.7506988], [-73.9397428, 40.7504034], [-73.9396767, 40.7503744], [-73.9396062, 40.7503434], [-73.9392412, 40.750183]]}}, {"type": "Feature", "id": "SEG-7778b663dd", "properties": {"id": "SEG-7778b663dd", "name": "45th Avenue", "highway": "residential", "scope": "in_scope", "borough": "Queens", "bridge": false, "tunnel": false, "status": "geometry_verified"}, "geometry": {"type": "LineString", "coordinates": [[-73.9476083, 40.7473679], [-73.9477285, 40.7473916], [-73.9487899, 40.7476015], [-73.949697, 40.7477749], [-73.9498113, 40.7477976]]}}, {"type": "Feature", "id": "SEG-9c7969e9e4", "properties": {"id": "SEG-9c7969e9e4", "name": "", "highway": "service", "scope": "secondary", "borough": "Manhattan", "bridge": false, "tunnel": false, "status": "inventoried"}, "geometry": {"type": "LineString", "coordinates": [[-73.9668167, 40.7527303], [-73.9666718, 40.7528426], [-73.9665632, 40.7529911], [-73.9665235, 40.7530264], [-73.9664827, 40.7530387], [-73.9664169, 40.7530337], [-73.9662536, 40.7529662]]}}, {"type": "Feature", "id": "SEG-a631629484", "properties": {"id": "SEG-a631629484", "name": "Borden Avenue", "highway": "secondary", "scope": "in_scope", "borough": "Queens", "bridge": false, "tunnel": false, "status": "inventoried"}, "geometry": {"type": "LineString", "coordinates": [[-73.9361574, 40.7376836], [-73.9360069, 40.7376622], [-73.9359352, 40.7376517]]}}, {"type": "Feature", "id": "SEG-d0e0930584", "properties": {"id": "SEG-d0e0930584", "name": "Thomson Avenue", "highway": "primary", "scope": "in_scope", "borough": "Queens", "bridge": false, "tunnel": false, "status": "inventoried"}, "geometry": {"type": "LineString", "coordinates": [[-73.9378334, 40.7452742], [-73.9376818, 40.7452429]]}}, {"type": "Feature", "id": "SEG-1d579e17bf", "properties": {"id": "SEG-1d579e17bf", "name": "43rd Avenue", "highway": "secondary", "scope": "in_scope", "borough": "Queens", "bridge": false, "tunnel": false, "status": "inventoried"}, "geometry": {"type": "LineString", "coordinates": [[-73.9421415, 40.748902], [-73.9422244, 40.7489439], [-73.9429402, 40.7493003]]}}, {"type": "Feature", "id": "SEG-d15f75d6db", "properties": {"id": "SEG-d15f75d6db", "name": "East 49th Street", "highway": "secondary", "scope": "in_scope", "borough": "Manhattan", "bridge": false, "tunnel": false, "status": "inventoried"}, "geometry": {"type": "LineString", "coordinates": [[-73.968978, 40.754251], [-73.9691178, 40.75431], [-73.9693641, 40.754414], [-73.970098, 40.7547237], [-73.9706832, 40.7549707], [-73.9710798, 40.7551386], [-73.9712357, 40.7552045]]}}, {"type": "Feature", "id": "SEG-8befbe6837", "properties": {"id": "SEG-8befbe6837", "name": "Manhattan Avenue", "highway": "tertiary", "scope": "in_scope", "borough": "Brooklyn", "bridge": false, "tunnel": false, "status": "geometry_verified"}, "geometry": {"type": "LineString", "coordinates": [[-73.9554272, 40.7372958], [-73.9554376, 40.737369], [-73.9554788, 40.7376199]]}}, {"type": "Feature", "id": "SEG-a5efcc51bb", "properties": {"id": "SEG-a5efcc51bb", "name": "McGuinness Boulevard", "highway": "primary", "scope": "in_scope", "borough": "Brooklyn", "bridge": false, "tunnel": false, "status": "inventoried"}, "geometry": {"type": "LineString", "coordinates": [[-73.9481125, 40.724658], [-73.9481517, 40.7247313], [-73.9481611, 40.7247483], [-73.9482657, 40.7249343], [-73.9484535, 40.7252605], [-73.9485988, 40.7255151], [-73.9486681, 40.7256366], [-73.9486804, 40.7256587], [-73.948802, 40.7258778], [-73.9488531, 40.7259699], [-73.9488678, 40.7259951], [-73.9490003, 40.7262268], [-73.9490213, 40.7262637], [-73.9490536, 40.7263206]]}}, {"type": "Feature", "id": "SEG-7d29fa3f8e", "properties": {"id": "SEG-7d29fa3f8e", "name": "Jewel Street", "highway": "residential", "scope": "in_scope", "borough": "Brooklyn", "bridge": false, "tunnel": false, "status": "inventoried"}, "geometry": {"type": "LineString", "coordinates": [[-73.946715, 40.727094], [-73.9467567, 40.7271669], [-73.9476147, 40.7286683], [-73.9476392, 40.7287133], [-73.947666, 40.728758]]}}, {"type": "Feature", "id": "SEG-ea8c2fbddf", "properties": {"id": "SEG-ea8c2fbddf", "name": "54th Avenue", "highway": "unclassified", "scope": "in_scope", "borough": "Queens", "bridge": false, "tunnel": false, "status": "geometry_verified"}, "geometry": {"type": "LineString", "coordinates": [[-73.9593763, 40.7408018], [-73.9592959, 40.7407865], [-73.9592464, 40.7407764], [-73.9583745, 40.7406074], [-73.958285, 40.7405901], [-73.9575831, 40.7404564]]}}, {"type": "Feature", "id": "SEG-85ebe447f5", "properties": {"id": "SEG-85ebe447f5", "name": "", "highway": "service", "scope": "secondary", "borough": "Manhattan", "bridge": false, "tunnel": false, "status": "inventoried"}, "geometry": {"type": "LineString", "coordinates": [[-73.9653121, 40.7517028], [-73.9652874, 40.7517339], [-73.9652519, 40.7517827], [-73.9652328, 40.7518283], [-73.9652298, 40.7518563]]}}, {"type": "Feature", "id": "SEG-69851f6093", "properties": {"id": "SEG-69851f6093", "name": "Vernon Boulevard", "highway": "secondary", "scope": "in_scope", "borough": "Queens", "bridge": false, "tunnel": false, "status": "geometry_verified"}, "geometry": {"type": "LineString", "coordinates": [[-73.9536413, 40.7441135], [-73.9536756, 40.7440068]]}}, {"type": "Feature", "id": "SEG-e2f679b362", "properties": {"id": "SEG-e2f679b362", "name": "Long Island Expressway", "highway": "motorway", "scope": "in_scope", "borough": "Queens", "bridge": false, "tunnel": false, "status": "geometry_verified"}, "geometry": {"type": "LineString", "coordinates": [[-73.9511462, 40.7414399], [-73.9508243, 40.7415107]]}}, {"type": "Feature", "id": "SEG-fe9ae55cd1", "properties": {"id": "SEG-fe9ae55cd1", "name": "McGuinness Boulevard", "highway": "primary", "scope": "in_scope", "borough": "Brooklyn", "bridge": false, "tunnel": false, "status": "inventoried"}, "geometry": {"type": "LineString", "coordinates": [[-73.9519481, 40.7325826], [-73.9519578, 40.7326411], [-73.9519871, 40.7328292], [-73.9519924, 40.7328635], [-73.9520223, 40.7330448], [-73.9520535, 40.7332305], [-73.9520628, 40.7332869]]}}, {"type": "Feature", "id": "SEG-2935b96d14", "properties": {"id": "SEG-2935b96d14", "name": "Northern Boulevard", "highway": "primary", "scope": "in_scope", "borough": "Queens", "bridge": false, "tunnel": false, "status": "inventoried"}, "geometry": {"type": "LineString", "coordinates": [[-73.936493, 40.7494004], [-73.9362086, 40.7496427], [-73.9361305, 40.749714]]}}, {"type": "Feature", "id": "SEG-8a84343c4d", "properties": {"id": "SEG-8a84343c4d", "name": "", "highway": "service", "scope": "secondary", "borough": "Queens", "bridge": false, "tunnel": false, "status": "inventoried"}, "geometry": {"type": "LineString", "coordinates": [[-73.9388806, 40.7525099], [-73.9389336, 40.7525371], [-73.9389992, 40.7525699], [-73.9391779, 40.7523652], [-73.9392335, 40.7523014]]}}, {"type": "Feature", "id": "SEG-eac66d0dd0", "properties": {"id": "SEG-eac66d0dd0", "name": "46th Road", "highway": "residential", "scope": "in_scope", "borough": "Queens", "bridge": false, "tunnel": false, "status": "geometry_verified"}, "geometry": {"type": "LineString", "coordinates": [[-73.9483009, 40.7452936], [-73.9481881, 40.7452719], [-73.9477406, 40.7451835], [-73.9476967, 40.7451742], [-73.9476579, 40.7451597], [-73.9476233, 40.7451482], [-73.94758, 40.7451288], [-73.9475443, 40.7451086], [-73.9475086, 40.7450853]]}}, {"type": "Feature", "id": "SEG-ac3cff7138", "properties": {"id": "SEG-ac3cff7138", "name": "31st Street", "highway": "unclassified", "scope": "in_scope", "borough": "Queens", "bridge": false, "tunnel": false, "status": "inventoried"}, "geometry": {"type": "LineString", "coordinates": [[-73.935413, 40.7449676], [-73.9354355, 40.7448566], [-73.9357834, 40.7431771], [-73.9357999, 40.7430957]]}}, {"type": "Feature", "id": "SEG-951bc2a28b", "properties": {"id": "SEG-951bc2a28b", "name": "11th Street", "highway": "secondary", "scope": "in_scope", "borough": "Queens", "bridge": false, "tunnel": false, "status": "geometry_verified"}, "geometry": {"type": "LineString", "coordinates": [[-73.9496291, 40.7485546], [-73.9496729, 40.7484455], [-73.9498671, 40.7478717], [-73.9498872, 40.7478119]]}}, {"type": "Feature", "id": "SEG-2bf22ffb3e", "properties": {"id": "SEG-2bf22ffb3e", "name": "Nassau Avenue", "highway": "residential", "scope": "in_scope", "borough": "Brooklyn", "bridge": false, "tunnel": false, "status": "inventoried"}, "geometry": {"type": "LineString", "coordinates": [[-73.939805, 40.726062], [-73.9397251, 40.7260697], [-73.9395699, 40.7260846], [-73.9392849, 40.7261118], [-73.9392412, 40.726116], [-73.9389628, 40.7261427], [-73.938876, 40.726151]]}}, {"type": "Feature", "id": "SEG-92abb91d75", "properties": {"id": "SEG-92abb91d75", "name": "Apollo Street", "highway": "residential", "scope": "in_scope", "borough": "Brooklyn", "bridge": false, "tunnel": false, "status": "inventoried"}, "geometry": {"type": "LineString", "coordinates": [[-73.938189, 40.7281], [-73.9381596, 40.7281686], [-73.9381416, 40.7282107], [-73.937363, 40.729246]]}}, {"type": "Feature", "id": "SEG-bca1f90cc2", "properties": {"id": "SEG-bca1f90cc2", "name": "25th Street", "highway": "unclassified", "scope": "in_scope", "borough": "Queens", "bridge": false, "tunnel": false, "status": "geometry_verified"}, "geometry": {"type": "LineString", "coordinates": [[-73.944839, 40.7409296], [-73.9448567, 40.7408763], [-73.9450404, 40.7403282], [-73.9450691, 40.740241]]}}, {"type": "Feature", "id": "SEG-b0a60d3f0f", "properties": {"id": "SEG-b0a60d3f0f", "name": "Center Boulevard", "highway": "residential", "scope": "in_scope", "borough": "Queens", "bridge": false, "tunnel": false, "status": "inventoried"}, "geometry": {"type": "LineString", "coordinates": [[-73.9593576, 40.7437507], [-73.9593888, 40.7437209], [-73.9594164, 40.7436883], [-73.9594487, 40.7436558], [-73.9594922, 40.7436078], [-73.9595377, 40.7435471], [-73.9595816, 40.7434831], [-73.9596265, 40.7434136], [-73.9596731, 40.7433265], [-73.9597213, 40.7432325], [-73.9597524, 40.7431686], [-73.959789, 40.7430837]]}}, {"type": "Feature", "id": "SEG-459a4faf9b", "properties": {"id": "SEG-459a4faf9b", "name": "35th Street", "highway": "residential", "scope": "in_scope", "borough": "Queens", "bridge": false, "tunnel": false, "status": "inventoried"}, "geometry": {"type": "LineString", "coordinates": [[-73.9367086, 40.7356567], [-73.9366199, 40.7356889], [-73.9363636, 40.7357818], [-73.9363569, 40.7357843], [-73.9353376, 40.7361598], [-73.9352875, 40.7361777], [-73.9352012, 40.7362087]]}}, {"type": "Feature", "id": "SEG-59e1e66ab6", "properties": {"id": "SEG-59e1e66ab6", "name": "Norman Avenue", "highway": "residential", "scope": "in_scope", "borough": "Brooklyn", "bridge": false, "tunnel": false, "status": "inventoried"}, "geometry": {"type": "LineString", "coordinates": [[-73.948373, 40.726548], [-73.9483096, 40.7265689], [-73.9476186, 40.7267972], [-73.947544, 40.726822]]}}, {"type": "Feature", "id": "SEG-4ad16a75cd", "properties": {"id": "SEG-4ad16a75cd", "name": "", "highway": "trunk_link", "scope": "in_scope", "borough": "Queens", "bridge": false, "tunnel": false, "status": "inventoried"}, "geometry": {"type": "LineString", "coordinates": [[-73.9441859, 40.7506101], [-73.9450714, 40.7510529], [-73.9451879, 40.7511112]]}}, {"type": "Feature", "id": "SEG-07109f2bb4", "properties": {"id": "SEG-07109f2bb4", "name": "Jackson Avenue", "highway": "primary", "scope": "in_scope", "borough": "Queens", "bridge": false, "tunnel": false, "status": "geometry_verified"}, "geometry": {"type": "LineString", "coordinates": [[-73.9496847, 40.7440892], [-73.9497856, 40.7440451], [-73.9499775, 40.7439373], [-73.950387, 40.7437195], [-73.9506198, 40.7435957], [-73.9507136, 40.7435472]]}}, {"type": "Feature", "id": "SEG-1d24611422", "properties": {"id": "SEG-1d24611422", "name": "McGuinness Boulevard", "highway": "primary", "scope": "in_scope", "borough": "Brooklyn", "bridge": false, "tunnel": false, "status": "inventoried"}, "geometry": {"type": "LineString", "coordinates": [[-73.9518301, 40.7318727], [-73.951841, 40.7319365], [-73.9518653, 40.7320837], [-73.951914, 40.7323783]]}}, {"type": "Feature", "id": "SEG-24023d7e1b", "properties": {"id": "SEG-24023d7e1b", "name": "McGuinness Boulevard", "highway": "primary", "scope": "in_scope", "borough": "Brooklyn", "bridge": false, "tunnel": false, "status": "inventoried"}, "geometry": {"type": "LineString", "coordinates": [[-73.951914, 40.7323783], [-73.9519377, 40.7325219], [-73.9519481, 40.7325826]]}}, {"type": "Feature", "id": "SEG-7c7a3d9b0e", "properties": {"id": "SEG-7c7a3d9b0e", "name": "", "highway": "service", "scope": "secondary", "borough": "Brooklyn", "bridge": false, "tunnel": false, "status": "geometry_verified"}, "geometry": {"type": "LineString", "coordinates": [[-73.9498517, 40.7355849], [-73.9496098, 40.7340887]]}}, {"type": "Feature", "id": "SEG-87b2a81bd5", "properties": {"id": "SEG-87b2a81bd5", "name": "", "highway": "service", "scope": "secondary", "borough": "Brooklyn", "bridge": false, "tunnel": false, "status": "geometry_verified"}, "geometry": {"type": "LineString", "coordinates": [[-73.9496098, 40.7340887], [-73.9493845, 40.7326862]]}}, {"type": "Feature", "id": "SEG-9583668bac", "properties": {"id": "SEG-9583668bac", "name": "", "highway": "service", "scope": "secondary", "borough": "Brooklyn", "bridge": false, "tunnel": false, "status": "inventoried"}, "geometry": {"type": "LineString", "coordinates": [[-73.9493845, 40.7326862], [-73.9491579, 40.7313174], [-73.9491445, 40.7312899], [-73.9491123, 40.7312665], [-73.9490654, 40.7312533], [-73.9490131, 40.7312493], [-73.9469612, 40.7314373], [-73.9464955, 40.7315907]]}}, {"type": "Feature", "id": "SEG-badf7d483c", "properties": {"id": "SEG-badf7d483c", "name": "51st Avenue", "highway": "unclassified", "scope": "in_scope", "borough": "Queens", "bridge": false, "tunnel": false, "status": "geometry_verified"}, "geometry": {"type": "LineString", "coordinates": [[-73.9496907, 40.7411365], [-73.9498051, 40.741155]]}}, {"type": "Feature", "id": "SEG-2123c4f6f1", "properties": {"id": "SEG-2123c4f6f1", "name": "Long Island Expressway", "highway": "motorway", "scope": "in_scope", "borough": "Queens", "bridge": false, "tunnel": false, "status": "geometry_verified"}, "geometry": {"type": "LineString", "coordinates": [[-73.9527328, 40.7413438], [-73.9524503, 40.7413238]]}}, {"type": "Feature", "id": "SEG-c0ac3e8e68", "properties": {"id": "SEG-c0ac3e8e68", "name": "", "highway": "service", "scope": "secondary", "borough": "Manhattan", "bridge": false, "tunnel": false, "status": "inventoried"}, "geometry": {"type": "LineString", "coordinates": [[-73.9681935, 40.750669], [-73.9681814, 40.7506465]]}}, {"type": "Feature", "id": "SEG-b3a11172fb", "properties": {"id": "SEG-b3a11172fb", "name": "", "highway": "service", "scope": "secondary", "borough": "Brooklyn", "bridge": false, "tunnel": false, "status": "inventoried"}, "geometry": {"type": "LineString", "coordinates": [[-73.9375176, 40.7259772], [-73.9372963, 40.7259965]]}}, {"type": "Feature", "id": "SEG-3caeaa4d7f", "properties": {"id": "SEG-3caeaa4d7f", "name": "Queens Plaza South", "highway": "secondary", "scope": "in_scope", "borough": "Queens", "bridge": false, "tunnel": false, "status": "inventoried"}, "geometry": {"type": "LineString", "coordinates": [[-73.9389912, 40.7498201], [-73.9388976, 40.7497953]]}}, {"type": "Feature", "id": "SEG-5cdbd430f0", "properties": {"id": "SEG-5cdbd430f0", "name": "9th Street", "highway": "residential", "scope": "in_scope", "borough": "Queens", "bridge": false, "tunnel": false, "status": "inventoried"}, "geometry": {"type": "LineString", "coordinates": [[-73.9483949, 40.7540114], [-73.948456, 40.7539352]]}}, {"type": "Feature", "id": "SEG-5ee927e4aa", "properties": {"id": "SEG-5ee927e4aa", "name": "51st Avenue", "highway": "primary", "scope": "in_scope", "borough": "Queens", "bridge": false, "tunnel": false, "status": "geometry_verified"}, "geometry": {"type": "LineString", "coordinates": [[-73.9541215, 40.7419836], [-73.9543437, 40.7420235]]}}, {"type": "Feature", "id": "SEG-6d2e39b5de", "properties": {"id": "SEG-6d2e39b5de", "name": "Calyer Street", "highway": "residential", "scope": "in_scope", "borough": "Brooklyn", "bridge": false, "tunnel": false, "status": "inventoried"}, "geometry": {"type": "LineString", "coordinates": [[-73.949083, 40.729518], [-73.9483274, 40.7297671], [-73.948255, 40.729791]]}}, {"type": "Feature", "id": "SEG-935d04dd65", "properties": {"id": "SEG-935d04dd65", "name": "40th Avenue", "highway": "residential", "scope": "in_scope", "borough": "Queens", "bridge": false, "tunnel": false, "status": "inventoried"}, "geometry": {"type": "LineString", "coordinates": [[-73.93871, 40.753898], [-73.9387833, 40.7539367], [-73.9393801, 40.7542555], [-73.939456, 40.754296]]}}, {"type": "Feature", "id": "SEG-f352dd8d54", "properties": {"id": "SEG-f352dd8d54", "name": "Vernon Boulevard", "highway": "secondary", "scope": "in_scope", "borough": "Queens", "bridge": false, "tunnel": false, "status": "geometry_verified"}, "geometry": {"type": "LineString", "coordinates": [[-73.952248, 40.7482677], [-73.9522628, 40.748228], [-73.9522817, 40.7481734], [-73.95248, 40.747575]]}}, {"type": "Feature", "id": "SEG-e86ab363e8", "properties": {"id": "SEG-e86ab363e8", "name": "Queens Plaza South", "highway": "secondary", "scope": "in_scope", "borough": "Queens", "bridge": false, "tunnel": false, "status": "inventoried"}, "geometry": {"type": "LineString", "coordinates": [[-73.9406478, 40.7505312], [-73.9405616, 40.750491], [-73.9404989, 40.7504617], [-73.9403653, 40.7504165], [-73.9399071, 40.7502179], [-73.9398386, 40.7501879]]}}, {"type": "Feature", "id": "SEG-3e9794e24c", "properties": {"id": "SEG-3e9794e24c", "name": "West Street", "highway": "residential", "scope": "in_scope", "borough": "Brooklyn", "bridge": false, "tunnel": false, "status": "inventoried"}, "geometry": {"type": "LineString", "coordinates": [[-73.9591117, 40.7290181], [-73.9591247, 40.7290924], [-73.9591344, 40.7291492], [-73.9591569, 40.7292881], [-73.9592185, 40.7296419], [-73.959233, 40.7297295]]}}, {"type": "Feature", "id": "SEG-2a3c69fdf1", "properties": {"id": "SEG-2a3c69fdf1", "name": "39th Avenue", "highway": "residential", "scope": "in_scope", "borough": "Queens", "bridge": false, "tunnel": false, "status": "inventoried"}, "geometry": {"type": "LineString", "coordinates": [[-73.9344657, 40.7535337], [-73.9343984, 40.7534966], [-73.9340685, 40.7533147], [-73.9337739, 40.7531522], [-73.9337053, 40.7531145]]}}, {"type": "Feature", "id": "SEG-527ac782c6", "properties": {"id": "SEG-527ac782c6", "name": "Center Boulevard", "highway": "residential", "scope": "in_scope", "borough": "Queens", "bridge": false, "tunnel": false, "status": "inventoried"}, "geometry": {"type": "LineString", "coordinates": [[-73.959789, 40.7430837], [-73.9598109, 40.7430295], [-73.9598304, 40.7429766], [-73.9598521, 40.7429164], [-73.9598766, 40.7428387], [-73.9598983, 40.7427597], [-73.9599218, 40.7426711], [-73.9599393, 40.7425806], [-73.9599512, 40.7425078], [-73.959957, 40.7424684], [-73.9599679, 40.7423951]]}}, {"type": "Feature", "id": "SEG-d70e869c9a", "properties": {"id": "SEG-d70e869c9a", "name": "Pulaski Bridge", "highway": "primary", "scope": "in_scope", "borough": "Brooklyn", "bridge": false, "tunnel": false, "status": "geometry_verified"}, "geometry": {"type": "LineString", "coordinates": [[-73.9523393, 40.7347071], [-73.9523646, 40.7347705], [-73.9524468, 40.7349832], [-73.9525062, 40.7352201], [-73.9525308, 40.7353279], [-73.9525534, 40.7354416], [-73.9527648, 40.7367336]]}}, {"type": "Feature", "id": "SEG-d245719cbe", "properties": {"id": "SEG-d245719cbe", "name": "Queens Plaza South", "highway": "secondary", "scope": "in_scope", "borough": "Queens", "bridge": false, "tunnel": false, "status": "inventoried"}, "geometry": {"type": "LineString", "coordinates": [[-73.9388976, 40.7497953], [-73.9386683, 40.7496932], [-73.9386164, 40.7496699]]}}, {"type": "Feature", "id": "SEG-26f78b8fb0", "properties": {"id": "SEG-26f78b8fb0", "name": "Commercial Street", "highway": "tertiary", "scope": "in_scope", "borough": "Brooklyn", "bridge": false, "tunnel": false, "status": "inventoried"}, "geometry": {"type": "LineString", "coordinates": [[-73.9586354, 40.7362211], [-73.9585942, 40.7362437], [-73.9585667, 40.7362582], [-73.9585196, 40.7362836]]}}, {"type": "Feature", "id": "SEG-36258faa59", "properties": {"id": "SEG-36258faa59", "name": "Review Avenue", "highway": "secondary", "scope": "in_scope", "borough": "Queens", "bridge": false, "tunnel": false, "status": "inventoried"}, "geometry": {"type": "LineString", "coordinates": [[-73.9380656, 40.7343656], [-73.9381764, 40.7344534], [-73.9382074, 40.7344793], [-73.9382456, 40.7345156], [-73.9382918, 40.7345658], [-73.93835, 40.7346315]]}}, {"type": "Feature", "id": "SEG-12fe3e9411", "properties": {"id": "SEG-12fe3e9411", "name": "Review Avenue", "highway": "secondary", "scope": "in_scope", "borough": "Queens", "bridge": false, "tunnel": false, "status": "inventoried"}, "geometry": {"type": "LineString", "coordinates": [[-73.93835, 40.7346315], [-73.9384405, 40.7347611], [-73.9385695, 40.7349656]]}}, {"type": "Feature", "id": "SEG-c0960b56d1", "properties": {"id": "SEG-c0960b56d1", "name": "11th Street", "highway": "secondary", "scope": "in_scope", "borough": "Queens", "bridge": false, "tunnel": false, "status": "inventoried"}, "geometry": {"type": "LineString", "coordinates": [[-73.9491858, 40.7499921], [-73.9492055, 40.7499326], [-73.9493943, 40.749364], [-73.9494153, 40.7492998]]}}, {"type": "Feature", "id": "SEG-cdba966929", "properties": {"id": "SEG-cdba966929", "name": "", "highway": "service", "scope": "secondary", "borough": "Brooklyn", "bridge": false, "tunnel": false, "status": "geometry_verified"}, "geometry": {"type": "LineString", "coordinates": [[-73.947354, 40.7358205], [-73.947114, 40.7343308]]}}, {"type": "Feature", "id": "SEG-fc6e473255", "properties": {"id": "SEG-fc6e473255", "name": "", "highway": "service", "scope": "secondary", "borough": "Brooklyn", "bridge": false, "tunnel": false, "status": "geometry_verified"}, "geometry": {"type": "LineString", "coordinates": [[-73.947114, 40.7343308], [-73.9469954, 40.7336773], [-73.9469738, 40.7335469], [-73.9468714, 40.7329285]]}}, {"type": "Feature", "id": "SEG-1a9ff259d1", "properties": {"id": "SEG-1a9ff259d1", "name": "", "highway": "service", "scope": "secondary", "borough": "Brooklyn", "bridge": false, "tunnel": false, "status": "inventoried"}, "geometry": {"type": "LineString", "coordinates": [[-73.9468714, 40.7329285], [-73.9468482, 40.7327882]]}}, {"type": "Feature", "id": "SEG-85b22c2c15", "properties": {"id": "SEG-85b22c2c15", "name": "", "highway": "service", "scope": "secondary", "borough": "Brooklyn", "bridge": false, "tunnel": false, "status": "inventoried"}, "geometry": {"type": "LineString", "coordinates": [[-73.9468482, 40.7327882], [-73.946823, 40.7326364], [-73.946685, 40.7325146], [-73.9466516, 40.732299], [-73.946614, 40.7320854], [-73.9466101, 40.7320596], [-73.946583, 40.7318799]]}}, {"type": "Feature", "id": "SEG-5aad2a7c0f", "properties": {"id": "SEG-5aad2a7c0f", "name": "Greenpoint Avenue", "highway": "primary", "scope": "in_scope", "borough": "Brooklyn", "bridge": false, "tunnel": false, "status": "inventoried"}, "geometry": {"type": "LineString", "coordinates": [[-73.945517, 40.7317578], [-73.945937, 40.7316054], [-73.9461013, 40.731546], [-73.9461692, 40.7315214], [-73.9462369, 40.7314969], [-73.9464124, 40.7314406]]}}, {"type": "Feature", "id": "SEG-428ce633a8", "properties": {"id": "SEG-428ce633a8", "name": "Franklin Street", "highway": "tertiary", "scope": "in_scope", "borough": "Brooklyn", "bridge": false, "tunnel": false, "status": "inventoried"}, "geometry": {"type": "LineString", "coordinates": [[-73.9582957, 40.7341475], [-73.9582834, 40.7340739], [-73.958198, 40.7335542], [-73.9581877, 40.7334918], [-73.9581783, 40.7334328]]}}, {"type": "Feature", "id": "SEG-9eabb70df9", "properties": {"id": "SEG-9eabb70df9", "name": "Dupont Street", "highway": "residential", "scope": "in_scope", "borough": "Brooklyn", "bridge": false, "tunnel": false, "status": "geometry_verified"}, "geometry": {"type": "LineString", "coordinates": [[-73.950157, 40.736348], [-73.9502404, 40.73634], [-73.9503962, 40.736325], [-73.9515599, 40.7362132], [-73.9524028, 40.7361322], [-73.9524427, 40.736128], [-73.9525296, 40.7361199]]}}, {"type": "Feature", "id": "SEG-7ad972d812", "properties": {"id": "SEG-7ad972d812", "name": "", "highway": "trunk_link", "scope": "in_scope", "borough": "Queens", "bridge": false, "tunnel": false, "status": "inventoried"}, "geometry": {"type": "LineString", "coordinates": [[-73.9466737, 40.7532651], [-73.9466524, 40.7532822], [-73.9466321, 40.7532965], [-73.9466132, 40.7533064], [-73.9465639, 40.7533174], [-73.9465163, 40.7533215], [-73.9464709, 40.75332], [-73.9464308, 40.753317], [-73.9463901, 40.7533084], [-73.9463544, 40.7532967], [-73.946316, 40.7532813], [-73.945251, 40.7528157], [-73.9452209, 40.7528012], [-73.9451939, 40.7527859], [-73.9451727, 40.7527698], [-73.9451515, 40.7527486], [-73.9451308, 40.752724], [-73.9451171, 40.7527038], [-73.9451038, 40.7526774], [-73.9450972, 40.7526612], [-73.9450912, 40.752637], [-73.9450911, 40.7526136], [-73.9450927, 40.7525931], [-73.9450973, 40.7525824]]}}, {"type": "Feature", "id": "SEG-8dfa719e94", "properties": {"id": "SEG-8dfa719e94", "name": "Hunter Street", "highway": "residential", "scope": "in_scope", "borough": "Queens", "bridge": false, "tunnel": false, "status": "inventoried"}, "geometry": {"type": "LineString", "coordinates": [[-73.9416655, 40.7482416], [-73.941775, 40.7482018], [-73.9424422, 40.7479679], [-73.9424749, 40.7479623], [-73.942506, 40.7479638]]}}, {"type": "Feature", "id": "SEG-b3017c1c82", "properties": {"id": "SEG-b3017c1c82", "name": "43rd Avenue", "highway": "secondary", "scope": "in_scope", "borough": "Queens", "bridge": false, "tunnel": false, "status": "inventoried"}, "geometry": {"type": "LineString", "coordinates": [[-73.9445249, 40.7500865], [-73.9438058, 40.7497301], [-73.9437075, 40.7496814]]}}, {"type": "Feature", "id": "SEG-60338392b6", "properties": {"id": "SEG-60338392b6", "name": "Pulaski Bridge", "highway": "primary", "scope": "in_scope", "borough": "Queens", "bridge": false, "tunnel": false, "status": "geometry_verified"}, "geometry": {"type": "LineString", "coordinates": [[-73.951497, 40.7423262], [-73.9513924, 40.7427074], [-73.951291, 40.7431273], [-73.9512578, 40.7432648]]}}, {"type": "Feature", "id": "SEG-8d62605918", "properties": {"id": "SEG-8d62605918", "name": "Vernon Boulevard", "highway": "secondary", "scope": "in_scope", "borough": "Queens", "bridge": false, "tunnel": false, "status": "geometry_verified"}, "geometry": {"type": "LineString", "coordinates": [[-73.9540991, 40.7427367], [-73.9541409, 40.7426756], [-73.9542046, 40.7424732], [-73.9543131, 40.742137], [-73.9543217, 40.7421047], [-73.9543437, 40.7420235]]}}, {"type": "Feature", "id": "SEG-8be9de2f9f", "properties": {"id": "SEG-8be9de2f9f", "name": "", "highway": "service", "scope": "secondary", "borough": "Manhattan", "bridge": false, "tunnel": false, "status": "inventoried"}, "geometry": {"type": "LineString", "coordinates": [[-73.9646318, 40.7524489], [-73.9646258, 40.752418], [-73.9646342, 40.7523971], [-73.9646557, 40.7523705], [-73.9648534, 40.7521664], [-73.9650631, 40.7519478], [-73.9651013, 40.7519227], [-73.9651419, 40.7519029], [-73.9651966, 40.751876], [-73.9652298, 40.7518563]]}}, {"type": "Feature", "id": "SEG-1972f1d45f", "properties": {"id": "SEG-1972f1d45f", "name": "Hunters Point Avenue", "highway": "unclassified", "scope": "in_scope", "borough": "Queens", "bridge": false, "tunnel": false, "status": "inventoried"}, "geometry": {"type": "LineString", "coordinates": [[-73.9363475, 40.7403476], [-73.9362629, 40.7403291], [-73.9361994, 40.7403144], [-73.9361078, 40.7402927], [-73.9359907, 40.7402618], [-73.9358657, 40.7402246], [-73.935756, 40.7401893], [-73.9356487, 40.7401521], [-73.935547, 40.7401133], [-73.9354496, 40.7400756]]}}, {"type": "Feature", "id": "SEG-d2a8a59ced", "properties": {"id": "SEG-d2a8a59ced", "name": "Meserole Avenue", "highway": "residential", "scope": "in_scope", "borough": "Brooklyn", "bridge": false, "tunnel": false, "status": "inventoried"}, "geometry": {"type": "LineString", "coordinates": [[-73.9460412, 40.7292575], [-73.9461417, 40.7292467], [-73.9467187, 40.7290667], [-73.9467823, 40.7290479], [-73.94684, 40.729031]]}}, {"type": "Feature", "id": "SEG-5214a305b9", "properties": {"id": "SEG-5214a305b9", "name": "Calyer Street", "highway": "residential", "scope": "in_scope", "borough": "Brooklyn", "bridge": false, "tunnel": false, "status": "inventoried"}, "geometry": {"type": "LineString", "coordinates": [[-73.9541355, 40.7278571], [-73.9540633, 40.7278813], [-73.9533636, 40.7281095], [-73.9532771, 40.7281381]]}}, {"type": "Feature", "id": "SEG-e00f5842d0", "properties": {"id": "SEG-e00f5842d0", "name": "Franklin Street", "highway": "tertiary", "scope": "in_scope", "borough": "Brooklyn", "bridge": false, "tunnel": false, "status": "inventoried"}, "geometry": {"type": "LineString", "coordinates": [[-73.9579446, 40.7320134], [-73.9579557, 40.7320802], [-73.9579623, 40.7321164], [-73.9579874, 40.7322637], [-73.9580378, 40.7325597]]}}, {"type": "Feature", "id": "SEG-62a9789cf9", "properties": {"id": "SEG-62a9789cf9", "name": "Franklin Street", "highway": "tertiary", "scope": "in_scope", "borough": "Brooklyn", "bridge": false, "tunnel": false, "status": "inventoried"}, "geometry": {"type": "LineString", "coordinates": [[-73.9580378, 40.7325597], [-73.958054, 40.7326627], [-73.9580639, 40.7327225]]}}, {"type": "Feature", "id": "SEG-89c3145887", "properties": {"id": "SEG-89c3145887", "name": "27th Street", "highway": "unclassified", "scope": "in_scope", "borough": "Queens", "bridge": false, "tunnel": false, "status": "inventoried"}, "geometry": {"type": "LineString", "coordinates": [[-73.942527, 40.7404918], [-73.9427603, 40.7397953]]}}, {"type": "Feature", "id": "SEG-f662058868", "properties": {"id": "SEG-f662058868", "name": "Leonard Street", "highway": "residential", "scope": "in_scope", "borough": "Brooklyn", "bridge": false, "tunnel": false, "status": "inventoried"}, "geometry": {"type": "LineString", "coordinates": [[-73.9534637, 40.7302799], [-73.9534443, 40.7302119], [-73.9530698, 40.7295713], [-73.9524773, 40.7285173], [-73.9524581, 40.7284814], [-73.9524262, 40.728421]]}}, {"type": "Feature", "id": "SEG-fb071a2015", "properties": {"id": "SEG-fb071a2015", "name": "", "highway": "service", "scope": "secondary", "borough": "Queens", "bridge": false, "tunnel": false, "status": "geometry_verified"}, "geometry": {"type": "LineString", "coordinates": [[-73.9496907, 40.7411365], [-73.9496022, 40.7413181]]}}, {"type": "Feature", "id": "SEG-fd5b5cf600", "properties": {"id": "SEG-fd5b5cf600", "name": "31st Place", "highway": "unclassified", "scope": "in_scope", "borough": "Queens", "bridge": false, "tunnel": false, "status": "inventoried"}, "geometry": {"type": "LineString", "coordinates": [[-73.9359352, 40.7376517], [-73.9358875, 40.7378854], [-73.9358769, 40.7379376]]}}, {"type": "Feature", "id": "SEG-ba821d8057", "properties": {"id": "SEG-ba821d8057", "name": "41st Avenue", "highway": "residential", "scope": "in_scope", "borough": "Queens", "bridge": false, "tunnel": false, "status": "inventoried"}, "geometry": {"type": "LineString", "coordinates": [[-73.9464171, 40.7560402], [-73.9457437, 40.755692], [-73.945676, 40.755657]]}}, {"type": "Feature", "id": "SEG-39657d6846", "properties": {"id": "SEG-39657d6846", "name": "Vernon Boulevard", "highway": "secondary", "scope": "in_scope", "borough": "Queens", "bridge": false, "tunnel": false, "status": "inventoried"}, "geometry": {"type": "LineString", "coordinates": [[-73.9522085, 40.7490527], [-73.9522044, 40.7489393], [-73.9521933, 40.7485811]]}}, {"type": "Feature", "id": "SEG-dff0734bf0", "properties": {"id": "SEG-dff0734bf0", "name": "Tudor City Place", "highway": "residential", "scope": "in_scope", "borough": "Manhattan", "bridge": true, "tunnel": false, "status": "inventoried"}, "geometry": {"type": "LineString", "coordinates": [[-73.9705128, 40.7489671], [-73.9704389, 40.7490645], [-73.9703341, 40.7492026]]}}, {"type": "Feature", "id": "SEG-4b4652f787", "properties": {"id": "SEG-4b4652f787", "name": "", "highway": "service", "scope": "secondary", "borough": "Brooklyn", "bridge": false, "tunnel": false, "status": "inventoried"}, "geometry": {"type": "LineString", "coordinates": [[-73.9423885, 40.7319132], [-73.9423321, 40.7315789], [-73.9422963, 40.7315286], [-73.942247, 40.7315049], [-73.9420449, 40.7315124], [-73.9418986, 40.7315361], [-73.9417409, 40.7315821], [-73.9415798, 40.7316185], [-73.9413564, 40.7316382], [-73.9411888, 40.731673], [-73.9410327, 40.7317079], [-73.9409209, 40.7317166], [-73.9408535, 40.7317204], [-73.9407533, 40.7317079]]}}, {"type": "Feature", "id": "SEG-0c6abbae1f", "properties": {"id": "SEG-0c6abbae1f", "name": "", "highway": "service", "scope": "secondary", "borough": "Brooklyn", "bridge": false, "tunnel": false, "status": "inventoried"}, "geometry": {"type": "LineString", "coordinates": [[-73.9407533, 40.7317079], [-73.940704, 40.731678], [-73.9406334, 40.7314589], [-73.9405833, 40.7312791]]}}, {"type": "Feature", "id": "SEG-a01f1bbfcb", "properties": {"id": "SEG-a01f1bbfcb", "name": "", "highway": "service", "scope": "secondary", "borough": "Brooklyn", "bridge": false, "tunnel": false, "status": "inventoried"}, "geometry": {"type": "LineString", "coordinates": [[-73.9405833, 40.7312791], [-73.9405495, 40.7311575], [-73.9405348, 40.7311152]]}}, {"type": "Feature", "id": "SEG-aa3c6e5d33", "properties": {"id": "SEG-aa3c6e5d33", "name": "", "highway": "service", "scope": "secondary", "borough": "Brooklyn", "bridge": false, "tunnel": false, "status": "inventoried"}, "geometry": {"type": "LineString", "coordinates": [[-73.9464124, 40.7314406], [-73.9464505, 40.7315112], [-73.946462, 40.7315309], [-73.9464955, 40.7315907]]}}, {"type": "Feature", "id": "SEG-e59dd9ace4", "properties": {"id": "SEG-e59dd9ace4", "name": "", "highway": "service", "scope": "secondary", "borough": "Brooklyn", "bridge": false, "tunnel": false, "status": "inventoried"}, "geometry": {"type": "LineString", "coordinates": [[-73.9464955, 40.7315907], [-73.9465562, 40.731699]]}}, {"type": "Feature", "id": "SEG-ce7f836594", "properties": {"id": "SEG-ce7f836594", "name": "38th Avenue", "highway": "residential", "scope": "in_scope", "borough": "Queens", "bridge": false, "tunnel": false, "status": "inventoried"}, "geometry": {"type": "LineString", "coordinates": [[-73.936581, 40.756212], [-73.9365238, 40.7561825], [-73.9358813, 40.7558451], [-73.9358181, 40.7558105]]}}, {"type": "Feature", "id": "SEG-73449c06b4", "properties": {"id": "SEG-73449c06b4", "name": "24th Street", "highway": "residential", "scope": "in_scope", "borough": "Queens", "bridge": false, "tunnel": false, "status": "inventoried"}, "geometry": {"type": "LineString", "coordinates": [[-73.936581, 40.756212], [-73.9366358, 40.7561524], [-73.9374929, 40.7552209], [-73.937549, 40.75516]]}}, {"type": "Feature", "id": "SEG-4554e9054b", "properties": {"id": "SEG-4554e9054b", "name": "1st Avenue", "highway": "primary", "scope": "in_scope", "borough": "Manhattan", "bridge": false, "tunnel": false, "status": "inventoried"}, "geometry": {"type": "LineString", "coordinates": [[-73.9671907, 40.7521308], [-73.9670134, 40.7523938], [-73.9669428, 40.7525037], [-73.9668751, 40.7526193], [-73.9668167, 40.7527303]]}}, {"type": "Feature", "id": "SEG-ae8b3bc887", "properties": {"id": "SEG-ae8b3bc887", "name": "1st Avenue", "highway": "primary", "scope": "in_scope", "borough": "Manhattan", "bridge": false, "tunnel": false, "status": "inventoried"}, "geometry": {"type": "LineString", "coordinates": [[-73.9668167, 40.7527303], [-73.9666658, 40.7530245], [-73.9666076, 40.7531202], [-73.966595, 40.7531434], [-73.9665864, 40.7531658], [-73.9665625, 40.7532346]]}}, {"type": "Feature", "id": "SEG-39ae7586e6", "properties": {"id": "SEG-39ae7586e6", "name": "Clay Street", "highway": "residential", "scope": "in_scope", "borough": "Brooklyn", "bridge": false, "tunnel": false, "status": "geometry_verified"}, "geometry": {"type": "LineString", "coordinates": [[-73.9530852, 40.7367955], [-73.9526416, 40.7368372]]}}, {"type": "Feature", "id": "SEG-5ebd218ca9", "properties": {"id": "SEG-5ebd218ca9", "name": "East 48th Street", "highway": "residential", "scope": "in_scope", "borough": "Manhattan", "bridge": false, "tunnel": false, "status": "inventoried"}, "geometry": {"type": "LineString", "coordinates": [[-73.9716937, 40.7545778], [-73.9715419, 40.7545138], [-73.9710586, 40.7543102], [-73.9695712, 40.7536831], [-73.969431, 40.753624]]}}, {"type": "Feature", "id": "SEG-9cdb12e247", "properties": {"id": "SEG-9cdb12e247", "name": "Ed Koch Queensboro Bridge Lower Roadway", "highway": "trunk", "scope": "in_scope", "borough": "Queens", "bridge": true, "tunnel": false, "status": "inventoried"}, "geometry": {"type": "LineString", "coordinates": [[-73.9489648, 40.7543912], [-73.9456796, 40.7529647], [-73.943647, 40.7520981], [-73.941921, 40.7513613]]}}, {"type": "Feature", "id": "SEG-47d88b97a7", "properties": {"id": "SEG-47d88b97a7", "name": "2nd Avenue", "highway": "primary", "scope": "in_scope", "borough": "Manhattan", "bridge": false, "tunnel": false, "status": "inventoried"}, "geometry": {"type": "LineString", "coordinates": [[-73.9680652, 40.7555038], [-73.9681061, 40.7554476], [-73.9682501, 40.7552491], [-73.9683837, 40.7550648], [-73.9684792, 40.7549346], [-73.96852, 40.754877]]}}, {"type": "Feature", "id": "SEG-a633498c36", "properties": {"id": "SEG-a633498c36", "name": "10th Street", "highway": "residential", "scope": "in_scope", "borough": "Queens", "bridge": false, "tunnel": false, "status": "inventoried"}, "geometry": {"type": "LineString", "coordinates": [[-73.949464, 40.7514585], [-73.9494192, 40.7515103], [-73.9488921, 40.7521197], [-73.9488626, 40.7521537], [-73.948807, 40.752218]]}}, {"type": "Feature", "id": "SEG-86892a82ae", "properties": {"id": "SEG-86892a82ae", "name": "40th Avenue", "highway": "residential", "scope": "in_scope", "borough": "Queens", "bridge": false, "tunnel": false, "status": "inventoried"}, "geometry": {"type": "LineString", "coordinates": [[-73.93717, 40.753079], [-73.9372442, 40.7531188], [-73.9378821, 40.7534609], [-73.9379572, 40.7535014]]}}, {"type": "Feature", "id": "SEG-c4c7c43b4c", "properties": {"id": "SEG-c4c7c43b4c", "name": "40th Avenue", "highway": "residential", "scope": "in_scope", "borough": "Queens", "bridge": false, "tunnel": false, "status": "inventoried"}, "geometry": {"type": "LineString", "coordinates": [[-73.94025, 40.754719], [-73.9403289, 40.7547624], [-73.9411135, 40.7551942], [-73.941239, 40.755234]]}}, {"type": "Feature", "id": "SEG-ab941d51f2", "properties": {"id": "SEG-ab941d51f2", "name": "11th Street", "highway": "secondary", "scope": "in_scope", "borough": "Queens", "bridge": false, "tunnel": false, "status": "geometry_verified"}, "geometry": {"type": "LineString", "coordinates": [[-73.9501204, 40.7471228], [-73.950144, 40.7470527], [-73.9503344, 40.7464898], [-73.9503553, 40.7464287]]}}, {"type": "Feature", "id": "SEG-82087e1bce", "properties": {"id": "SEG-82087e1bce", "name": "Eagle Street", "highway": "residential", "scope": "in_scope", "borough": "Brooklyn", "bridge": false, "tunnel": false, "status": "geometry_verified"}, "geometry": {"type": "LineString", "coordinates": [[-73.9584098, 40.7348415], [-73.9583059, 40.7348517], [-73.9570221, 40.7349758], [-73.9565979, 40.7350138], [-73.9552472, 40.7351434], [-73.9551898, 40.7351487], [-73.955074, 40.7351597]]}}, {"type": "Feature", "id": "SEG-48b99db3d6", "properties": {"id": "SEG-48b99db3d6", "name": "Provost Street", "highway": "tertiary", "scope": "in_scope", "borough": "Brooklyn", "bridge": false, "tunnel": false, "status": "inventoried"}, "geometry": {"type": "LineString", "coordinates": [[-73.9492353, 40.7306923], [-73.9492492, 40.7307764], [-73.9493477, 40.7313945]]}}, {"type": "Feature", "id": "SEG-97131cd1d1", "properties": {"id": "SEG-97131cd1d1", "name": "Greenpoint Avenue", "highway": "primary", "scope": "in_scope", "borough": "Brooklyn", "bridge": false, "tunnel": false, "status": "inventoried"}, "geometry": {"type": "LineString", "coordinates": [[-73.9428072, 40.7326577], [-73.942909, 40.7326366], [-73.9429366, 40.73263], [-73.9429841, 40.73262], [-73.9430091, 40.7326144], [-73.9430998, 40.7325949], [-73.9431724, 40.7325777], [-73.9432502, 40.732558], [-73.9433096, 40.7325412], [-73.9433733, 40.7325213], [-73.9434609, 40.7324917], [-73.9435462, 40.7324617], [-73.9436631, 40.732417], [-73.9437496, 40.7323849]]}}, {"type": "Feature", "id": "SEG-fe727d1de0", "properties": {"id": "SEG-fe727d1de0", "name": "", "highway": "service", "scope": "secondary", "borough": "Queens", "bridge": false, "tunnel": false, "status": "inventoried"}, "geometry": {"type": "LineString", "coordinates": [[-73.9348948, 40.7459144], [-73.9348764, 40.7458748], [-73.9348612, 40.7458465], [-73.9348222, 40.7457974]]}}, {"type": "Feature", "id": "SEG-f16f9bf61e", "properties": {"id": "SEG-f16f9bf61e", "name": "", "highway": "service", "scope": "secondary", "borough": "Queens", "bridge": false, "tunnel": false, "status": "inventoried"}, "geometry": {"type": "LineString", "coordinates": [[-73.9348222, 40.7457974], [-73.9347323, 40.7456844], [-73.9344414, 40.7456358]]}}, {"type": "Feature", "id": "SEG-a178f2d713", "properties": {"id": "SEG-a178f2d713", "name": "", "highway": "service", "scope": "secondary", "borough": "Queens", "bridge": false, "tunnel": false, "status": "inventoried"}, "geometry": {"type": "LineString", "coordinates": [[-73.9344414, 40.7456358], [-73.9342832, 40.7456093]]}}, {"type": "Feature", "id": "SEG-2415716264", "properties": {"id": "SEG-2415716264", "name": "49th Avenue", "highway": "unclassified", "scope": "in_scope", "borough": "Queens", "bridge": false, "tunnel": false, "status": "geometry_verified"}, "geometry": {"type": "LineString", "coordinates": [[-73.9446821, 40.7416478], [-73.9446097, 40.7416324], [-73.944457, 40.741603], [-73.9438002, 40.7414756], [-73.9436088, 40.7414385], [-73.9426441, 40.7412542]]}}, {"type": "Feature", "id": "SEG-b230815aba", "properties": {"id": "SEG-b230815aba", "name": "Pulaski Bridge", "highway": "primary", "scope": "in_scope", "borough": "Brooklyn", "bridge": false, "tunnel": false, "status": "geometry_verified"}, "geometry": {"type": "LineString", "coordinates": [[-73.9528837, 40.7367222], [-73.9526466, 40.7353131], [-73.952574, 40.7350064]]}}, {"type": "Feature", "id": "SEG-0978926414", "properties": {"id": "SEG-0978926414", "name": "FDR Drive", "highway": "motorway", "scope": "in_scope", "borough": "Manhattan", "bridge": false, "tunnel": true, "status": "blocked"}, "geometry": {"type": "LineString", "coordinates": [[-73.9591431, 40.7580427], [-73.95982, 40.7572137], [-73.9599492, 40.7570603], [-73.9600592, 40.7569351], [-73.9602659, 40.7567167], [-73.9604726, 40.7564984], [-73.9607146, 40.7562326], [-73.9609295, 40.7560204], [-73.9612422, 40.7557155], [-73.9614353, 40.7555466], [-73.9616701, 40.7553562]]}}, {"type": "Feature", "id": "SEG-b017252b9b", "properties": {"id": "SEG-b017252b9b", "name": "", "highway": "motorway_link", "scope": "in_scope", "borough": "Queens", "bridge": false, "tunnel": false, "status": "geometry_verified"}, "geometry": {"type": "LineString", "coordinates": [[-73.9520309, 40.7408598], [-73.9519791, 40.7410134], [-73.9519647, 40.7410433], [-73.9519467, 40.7410672], [-73.9519152, 40.7410943], [-73.9518781, 40.7411157], [-73.951835, 40.741134], [-73.9517016, 40.7411915]]}}, {"type": "Feature", "id": "SEG-0ecbdccd84", "properties": {"id": "SEG-0ecbdccd84", "name": "23rd Street", "highway": "unclassified", "scope": "in_scope", "borough": "Queens", "bridge": false, "tunnel": false, "status": "geometry_verified"}, "geometry": {"type": "LineString", "coordinates": [[-73.9473805, 40.7406907], [-73.9474027, 40.7406242], [-73.9475771, 40.7400986], [-73.9476101, 40.7399992]]}}, {"type": "Feature", "id": "SEG-172b30357d", "properties": {"id": "SEG-172b30357d", "name": "1st Avenue", "highway": "primary", "scope": "in_scope", "borough": "Manhattan", "bridge": false, "tunnel": false, "status": "inventoried"}, "geometry": {"type": "LineString", "coordinates": [[-73.967115, 40.7527726], [-73.9670764, 40.7527986], [-73.9670359, 40.752826], [-73.96697, 40.7528971], [-73.9667526, 40.7532011], [-73.9667215, 40.7532284], [-73.9666622, 40.7532753]]}}, {"type": "Feature", "id": "SEG-c53b023157", "properties": {"id": "SEG-c53b023157", "name": "Vernon Boulevard", "highway": "unclassified", "scope": "in_scope", "borough": "Queens", "bridge": false, "tunnel": false, "status": "geometry_verified"}, "geometry": {"type": "LineString", "coordinates": [[-73.9547399, 40.740601], [-73.9548247, 40.740335], [-73.9548495, 40.7402571]]}}, {"type": "Feature", "id": "SEG-c6cf4b527c", "properties": {"id": "SEG-c6cf4b527c", "name": "Lorimer Street", "highway": "residential", "scope": "in_scope", "borough": "Brooklyn", "bridge": false, "tunnel": false, "status": "inventoried"}, "geometry": {"type": "LineString", "coordinates": [[-73.9535492, 40.7268212], [-73.953516, 40.7267623], [-73.9526375, 40.7252231], [-73.952597, 40.725152]]}}, {"type": "Feature", "id": "SEG-8af27cd075", "properties": {"id": "SEG-8af27cd075", "name": "", "highway": "service", "scope": "secondary", "borough": "Queens", "bridge": false, "tunnel": false, "status": "inventoried"}, "geometry": {"type": "LineString", "coordinates": [[-73.9503208, 40.7534481], [-73.9502407, 40.7533998], [-73.9502101, 40.7533816], [-73.9501288, 40.7533334]]}}, {"type": "Feature", "id": "SEG-4c56d5d51c", "properties": {"id": "SEG-4c56d5d51c", "name": "", "highway": "service", "scope": "secondary", "borough": "Brooklyn", "bridge": false, "tunnel": false, "status": "inventoried"}, "geometry": {"type": "LineString", "coordinates": [[-73.9481234, 40.7306972], [-73.9481289, 40.7307155], [-73.9481589, 40.7308156]]}}, {"type": "Feature", "id": "SEG-129b785b2c", "properties": {"id": "SEG-129b785b2c", "name": "", "highway": "service", "scope": "secondary", "borough": "Queens", "bridge": false, "tunnel": false, "status": "inventoried"}, "geometry": {"type": "LineString", "coordinates": [[-73.9476323, 40.7516297], [-73.9475622, 40.7517066], [-73.9475115, 40.7517623], [-73.9474997, 40.7517664], [-73.9474867, 40.7517654], [-73.9472426, 40.7516551]]}}, {"type": "Feature", "id": "SEG-68c6ae0d29", "properties": {"id": "SEG-68c6ae0d29", "name": "", "highway": "service", "scope": "secondary", "borough": "Queens", "bridge": false, "tunnel": false, "status": "inventoried"}, "geometry": {"type": "LineString", "coordinates": [[-73.9595328, 40.7403477], [-73.9594482, 40.7403319]]}}, {"type": "Feature", "id": "SEG-a5cd0e1a47", "properties": {"id": "SEG-a5cd0e1a47", "name": "45th Avenue", "highway": "residential", "scope": "in_scope", "borough": "Queens", "bridge": false, "tunnel": false, "status": "geometry_verified"}, "geometry": {"type": "LineString", "coordinates": [[-73.9453036, 40.7469204], [-73.9454112, 40.7469408], [-73.9474897, 40.7473452], [-73.9476083, 40.7473679]]}}, {"type": "Feature", "id": "SEG-63027388df", "properties": {"id": "SEG-63027388df", "name": "44th Road", "highway": "residential", "scope": "in_scope", "borough": "Queens", "bridge": false, "tunnel": false, "status": "inventoried"}, "geometry": {"type": "LineString", "coordinates": [[-73.9520131, 40.7498105], [-73.9520716, 40.7498212], [-73.9521341, 40.7498313], [-73.9521771, 40.7498376], [-73.9522338, 40.7498436]]}}, {"type": "Feature", "id": "SEG-8cf54d276a", "properties": {"id": "SEG-8cf54d276a", "name": "Humboldt Street", "highway": "residential", "scope": "in_scope", "borough": "Brooklyn", "bridge": false, "tunnel": false, "status": "inventoried"}, "geometry": {"type": "LineString", "coordinates": [[-73.9464124, 40.7314406], [-73.9464008, 40.7314095], [-73.9463949, 40.7313837], [-73.9463869, 40.7313361], [-73.9462514, 40.730553], [-73.9462406, 40.7304885]]}}, {"type": "Feature", "id": "SEG-ddcbc2d86e", "properties": {"id": "SEG-ddcbc2d86e", "name": "Kingsland Avenue", "highway": "secondary", "scope": "in_scope", "borough": "Brooklyn", "bridge": false, "tunnel": false, "status": "inventoried"}, "geometry": {"type": "LineString", "coordinates": [[-73.941992, 40.72775], [-73.9420064, 40.7278373], [-73.9422423, 40.7292822], [-73.9422914, 40.7295747], [-73.9424096, 40.730278]]}}, {"type": "Feature", "id": "SEG-cbc64807ff", "properties": {"id": "SEG-cbc64807ff", "name": "Kingsland Avenue", "highway": "secondary", "scope": "in_scope", "borough": "Brooklyn", "bridge": false, "tunnel": false, "status": "inventoried"}, "geometry": {"type": "LineString", "coordinates": [[-73.9424096, 40.730278], [-73.9424113, 40.7302881], [-73.9424668, 40.7306185], [-73.9425144, 40.730902], [-73.9426099, 40.7315369], [-73.9426159, 40.7315765], [-73.9427296, 40.7322322], [-73.9427774, 40.7325135], [-73.9427862, 40.732556], [-73.9428072, 40.7326577]]}}, {"type": "Feature", "id": "SEG-0fb8560bdb", "properties": {"id": "SEG-0fb8560bdb", "name": "2nd Street", "highway": "residential", "scope": "in_scope", "borough": "Queens", "bridge": false, "tunnel": false, "status": "inventoried"}, "geometry": {"type": "LineString", "coordinates": [[-73.9586943, 40.7428732], [-73.9587101, 40.7428225], [-73.9588626, 40.7423374], [-73.9588758, 40.7422968], [-73.9589108, 40.7421891]]}}, {"type": "Feature", "id": "SEG-a1b8d94ecd", "properties": {"id": "SEG-a1b8d94ecd", "name": "", "highway": "service", "scope": "secondary", "borough": "Queens", "bridge": false, "tunnel": false, "status": "inventoried"}, "geometry": {"type": "LineString", "coordinates": [[-73.9404678, 40.7564214], [-73.9408879, 40.7559662]]}}, {"type": "Feature", "id": "SEG-cdce94a96c", "properties": {"id": "SEG-cdce94a96c", "name": "", "highway": "service", "scope": "secondary", "borough": "Queens", "bridge": false, "tunnel": false, "status": "inventoried"}, "geometry": {"type": "LineString", "coordinates": [[-73.9392227, 40.7351019], [-73.9390101, 40.7347825]]}}, {"type": "Feature", "id": "SEG-1bb8c3e99a", "properties": {"id": "SEG-1bb8c3e99a", "name": "Queens Plaza South", "highway": "secondary", "scope": "in_scope", "borough": "Queens", "bridge": false, "tunnel": false, "status": "inventoried"}, "geometry": {"type": "LineString", "coordinates": [[-73.9475836, 40.7536599], [-73.9483949, 40.7540114]]}}, {"type": "Feature", "id": "SEG-b84458fcb3", "properties": {"id": "SEG-b84458fcb3", "name": "Calyer Street", "highway": "residential", "scope": "in_scope", "borough": "Brooklyn", "bridge": false, "tunnel": false, "status": "inventoried"}, "geometry": {"type": "LineString", "coordinates": [[-73.9524262, 40.728421], [-73.9523438, 40.7284482], [-73.9516372, 40.7286764], [-73.9515716, 40.7286975]]}}, {"type": "Feature", "id": "SEG-21e4030832", "properties": {"id": "SEG-21e4030832", "name": "Greenpoint Avenue", "highway": "primary", "scope": "in_scope", "borough": "Queens", "bridge": false, "tunnel": false, "status": "inventoried"}, "geometry": {"type": "LineString", "coordinates": [[-73.9380656, 40.7343656], [-73.9378214, 40.7343697], [-73.9374463, 40.7345565]]}}, {"type": "Feature", "id": "SEG-eb3378fdfe", "properties": {"id": "SEG-eb3378fdfe", "name": "Borden Avenue", "highway": "residential", "scope": "in_scope", "borough": "Queens", "bridge": false, "tunnel": false, "status": "geometry_verified"}, "geometry": {"type": "LineString", "coordinates": [[-73.957283, 40.7417311], [-73.9571827, 40.7417618], [-73.9571367, 40.7417748], [-73.9570959, 40.7417825], [-73.9570479, 40.7417901], [-73.9568901, 40.7418108]]}}, {"type": "Feature", "id": "SEG-fab215ad3a", "properties": {"id": "SEG-fab215ad3a", "name": "Banker Street", "highway": "residential", "scope": "in_scope", "borough": "Brooklyn", "bridge": false, "tunnel": false, "status": "inventoried"}, "geometry": {"type": "LineString", "coordinates": [[-73.9569301, 40.7270726], [-73.9569856, 40.7271278], [-73.9570689, 40.7272103], [-73.9571065, 40.7272486], [-73.9571809, 40.7273244]]}}, {"type": "Feature", "id": "SEG-5c6dc07b0f", "properties": {"id": "SEG-5c6dc07b0f", "name": "23rd Street", "highway": "residential", "scope": "in_scope", "borough": "Queens", "bridge": false, "tunnel": false, "status": "inventoried"}, "geometry": {"type": "LineString", "coordinates": [[-73.940616, 40.753037], [-73.9405638, 40.7530936], [-73.9403506, 40.7533236], [-73.9395005, 40.7542478], [-73.939456, 40.754296]]}}, {"type": "Feature", "id": "SEG-a359f12aa9", "properties": {"id": "SEG-a359f12aa9", "name": "", "highway": "motorway_link", "scope": "in_scope", "borough": "Brooklyn", "bridge": true, "tunnel": false, "status": "inventoried"}, "geometry": {"type": "LineString", "coordinates": [[-73.9345008, 40.7249845], [-73.9348741, 40.7248917]]}}, {"type": "Feature", "id": "SEG-9cf0fe24ca", "properties": {"id": "SEG-9cf0fe24ca", "name": "Queens Plaza South", "highway": "secondary", "scope": "in_scope", "borough": "Queens", "bridge": false, "tunnel": false, "status": "inventoried"}, "geometry": {"type": "LineString", "coordinates": [[-73.9467482, 40.7531892], [-73.9459348, 40.7528399]]}}, {"type": "Feature", "id": "SEG-1eab5d178d", "properties": {"id": "SEG-1eab5d178d", "name": "FDR Drive", "highway": "motorway", "scope": "in_scope", "borough": "Manhattan", "bridge": true, "tunnel": false, "status": "inventoried"}, "geometry": {"type": "LineString", "coordinates": [[-73.9582013, 40.7593428], [-73.9583653, 40.7591336], [-73.9584687, 40.7589864], [-73.9591431, 40.7580427]]}}, {"type": "Feature", "id": "SEG-206e8af36a", "properties": {"id": "SEG-206e8af36a", "name": "44th Drive", "highway": "tertiary", "scope": "in_scope", "borough": "Queens", "bridge": false, "tunnel": false, "status": "geometry_verified"}, "geometry": {"type": "LineString", "coordinates": [[-73.9437238, 40.7474113], [-73.9438074, 40.7474272], [-73.9445566, 40.7475718], [-73.9447523, 40.7476092], [-73.9449475, 40.7476466], [-73.9450503, 40.7476667]]}}, {"type": "Feature", "id": "SEG-924c7b50ba", "properties": {"id": "SEG-924c7b50ba", "name": "41st Avenue", "highway": "secondary", "scope": "in_scope", "borough": "Queens", "bridge": false, "tunnel": false, "status": "inventoried"}, "geometry": {"type": "LineString", "coordinates": [[-73.94243, 40.753998], [-73.9423159, 40.7539381], [-73.9414868, 40.7535015], [-73.941406, 40.753459]]}}, {"type": "Feature", "id": "SEG-3bbc35d709", "properties": {"id": "SEG-3bbc35d709", "name": "30th Street", "highway": "unclassified", "scope": "in_scope", "borough": "Queens", "bridge": false, "tunnel": false, "status": "inventoried"}, "geometry": {"type": "LineString", "coordinates": [[-73.9386311, 40.7384107], [-73.9386481, 40.7383487], [-73.9386714, 40.7382643], [-73.938707, 40.7381346]]}}, {"type": "Feature", "id": "SEG-30954a079a", "properties": {"id": "SEG-30954a079a", "name": "Bridgewater Street", "highway": "residential", "scope": "in_scope", "borough": "Brooklyn", "bridge": false, "tunnel": false, "status": "inventoried"}, "geometry": {"type": "LineString", "coordinates": [[-73.934146, 40.7268262], [-73.9342753, 40.7268647], [-73.934329, 40.7268811], [-73.9344927, 40.7269321], [-73.9349088, 40.7270586], [-73.9356517, 40.7272954], [-73.9360936, 40.7274403], [-73.9362535, 40.7274928]]}}, {"type": "Feature", "id": "SEG-2c4556ba67", "properties": {"id": "SEG-2c4556ba67", "name": "Starr Avenue", "highway": "unclassified", "scope": "in_scope", "borough": "Queens", "bridge": false, "tunnel": false, "status": "inventoried"}, "geometry": {"type": "LineString", "coordinates": [[-73.9381421, 40.7379946], [-73.9381473, 40.7379463], [-73.9381425, 40.7379245], [-73.938136, 40.737901], [-73.9381246, 40.7378793], [-73.9379951, 40.7376738], [-73.9379065, 40.7375338], [-73.93771, 40.7372233], [-73.9375683, 40.7370018], [-73.93752, 40.7369266]]}}, {"type": "Feature", "id": "SEG-6f81dcd130", "properties": {"id": "SEG-6f81dcd130", "name": "Clay Street", "highway": "residential", "scope": "in_scope", "borough": "Brooklyn", "bridge": false, "tunnel": false, "status": "geometry_verified"}, "geometry": {"type": "LineString", "coordinates": [[-73.9526416, 40.7368372], [-73.9525517, 40.7368451], [-73.9513945, 40.73696], [-73.9513688, 40.7369633], [-73.9513432, 40.7369675], [-73.9513171, 40.736976], [-73.9512964, 40.7369859], [-73.951277, 40.7370009], [-73.9512582, 40.7370171], [-73.9512301, 40.7370457]]}}, {"type": "Feature", "id": "SEG-7f72b32e45", "properties": {"id": "SEG-7f72b32e45", "name": "Kent Street", "highway": "residential", "scope": "in_scope", "borough": "Brooklyn", "bridge": false, "tunnel": false, "status": "inventoried"}, "geometry": {"type": "LineString", "coordinates": [[-73.9593494, 40.7304386], [-73.9592693, 40.7304461], [-73.95787, 40.7305775], [-73.9578129, 40.7305829], [-73.9577128, 40.730592]]}}, {"type": "Feature", "id": "SEG-586d8043f1", "properties": {"id": "SEG-586d8043f1", "name": "Borden Avenue", "highway": "secondary", "scope": "in_scope", "borough": "Queens", "bridge": false, "tunnel": false, "status": "inventoried"}, "geometry": {"type": "LineString", "coordinates": [[-73.9350527, 40.7374945], [-73.9349363, 40.7374715], [-73.9342951, 40.7373444]]}}, {"type": "Feature", "id": "SEG-6b8bf7a5b4", "properties": {"id": "SEG-6b8bf7a5b4", "name": "", "highway": "service", "scope": "secondary", "borough": "Manhattan", "bridge": false, "tunnel": false, "status": "inventoried"}, "geometry": {"type": "LineString", "coordinates": [[-73.9679588, 40.7513685], [-73.9678481, 40.7513187], [-73.9678076, 40.7513087], [-73.9677759, 40.7513069], [-73.96775, 40.7513122], [-73.9677198, 40.7513266], [-73.9676982, 40.7513445], [-73.9675274, 40.7515742], [-73.9675007, 40.7516121], [-73.9673876, 40.7517786], [-73.9673633, 40.7518298], [-73.9673539, 40.7518715], [-73.967348, 40.7519194]]}}, {"type": "Feature", "id": "SEG-4c2343572e", "properties": {"id": "SEG-4c2343572e", "name": "", "highway": "service", "scope": "secondary", "borough": "Queens", "bridge": false, "tunnel": false, "status": "inventoried"}, "geometry": {"type": "LineString", "coordinates": [[-73.9379206, 40.7522664], [-73.9379894, 40.752299], [-73.9383682, 40.7524788]]}}, {"type": "Feature", "id": "SEG-a94a5452b0", "properties": {"id": "SEG-a94a5452b0", "name": "Meserole Avenue", "highway": "residential", "scope": "in_scope", "borough": "Brooklyn", "bridge": false, "tunnel": false, "status": "inventoried"}, "geometry": {"type": "LineString", "coordinates": [[-73.9526928, 40.7271105], [-73.9527801, 40.7270809], [-73.9534727, 40.7268465], [-73.9535492, 40.7268212]]}}, {"type": "Feature", "id": "SEG-d0318d10a1", "properties": {"id": "SEG-d0318d10a1", "name": "1st Avenue Tunnel", "highway": "primary", "scope": "in_scope", "borough": "Manhattan", "bridge": false, "tunnel": false, "status": "inventoried"}, "geometry": {"type": "LineString", "coordinates": [[-73.9674723, 40.7519925], [-73.9674096, 40.7520804], [-73.9673248, 40.752207], [-73.9671958, 40.7524115], [-73.9671145, 40.7525215], [-73.9669962, 40.7526701], [-73.9668511, 40.7528664], [-73.9666516, 40.7531409], [-73.9666164, 40.7531793], [-73.9665625, 40.7532346]]}}, {"type": "Feature", "id": "SEG-38b5bf6807", "properties": {"id": "SEG-38b5bf6807", "name": "West Street", "highway": "residential", "scope": "in_scope", "borough": "Brooklyn", "bridge": false, "tunnel": false, "status": "inventoried"}, "geometry": {"type": "LineString", "coordinates": [[-73.9589933, 40.728315], [-73.9590052, 40.72838], [-73.959086, 40.7288569], [-73.959102, 40.7289538], [-73.9591117, 40.7290181]]}}, {"type": "Feature", "id": "SEG-eda0f69a67", "properties": {"id": "SEG-eda0f69a67", "name": "Kent Street", "highway": "residential", "scope": "in_scope", "borough": "Brooklyn", "bridge": false, "tunnel": false, "status": "inventoried"}, "geometry": {"type": "LineString", "coordinates": [[-73.9518504, 40.7311535], [-73.9517118, 40.7311668]]}}, {"type": "Feature", "id": "SEG-767fd23473", "properties": {"id": "SEG-767fd23473", "name": "Franklin Street", "highway": "secondary", "scope": "in_scope", "borough": "Brooklyn", "bridge": false, "tunnel": false, "status": "inventoried"}, "geometry": {"type": "LineString", "coordinates": [[-73.9573628, 40.7284668], [-73.9573738, 40.7285312], [-73.9574677, 40.729111], [-73.9574772, 40.7291692]]}}, {"type": "Feature", "id": "SEG-2be353f760", "properties": {"id": "SEG-2be353f760", "name": "East 49th Street", "highway": "secondary", "scope": "in_scope", "borough": "Manhattan", "bridge": false, "tunnel": false, "status": "inventoried"}, "geometry": {"type": "LineString", "coordinates": [[-73.9649161, 40.75254], [-73.9651396, 40.7526344]]}}, {"type": "Feature", "id": "SEG-0503e31799", "properties": {"id": "SEG-0503e31799", "name": "East 49th Street", "highway": "secondary", "scope": "in_scope", "borough": "Manhattan", "bridge": false, "tunnel": false, "status": "inventoried"}, "geometry": {"type": "LineString", "coordinates": [[-73.9651396, 40.7526344], [-73.9658594, 40.7529386], [-73.9659899, 40.7529937], [-73.9661765, 40.7530717]]}}, {"type": "Feature", "id": "SEG-f3433f6b30", "properties": {"id": "SEG-f3433f6b30", "name": "East 49th Street", "highway": "secondary", "scope": "in_scope", "borough": "Manhattan", "bridge": false, "tunnel": false, "status": "inventoried"}, "geometry": {"type": "LineString", "coordinates": [[-73.9661765, 40.7530717], [-73.9664708, 40.7531954], [-73.9665625, 40.7532346]]}}, {"type": "Feature", "id": "SEG-26422079c2", "properties": {"id": "SEG-26422079c2", "name": "Review Avenue", "highway": "secondary", "scope": "in_scope", "borough": "Queens", "bridge": false, "tunnel": false, "status": "inventoried"}, "geometry": {"type": "LineString", "coordinates": [[-73.9380656, 40.7343656], [-73.9378712, 40.7342114]]}}, {"type": "Feature", "id": "SEG-df670b132c", "properties": {"id": "SEG-df670b132c", "name": "FDR Drive", "highway": "motorway", "scope": "in_scope", "borough": "Manhattan", "bridge": false, "tunnel": false, "status": "inventoried"}, "geometry": {"type": "LineString", "coordinates": [[-73.970352, 40.7455255], [-73.9701891, 40.745704], [-73.9699465, 40.7459468], [-73.9697838, 40.746088], [-73.9696568, 40.7462066]]}}, {"type": "Feature", "id": "SEG-c5e931afe1", "properties": {"id": "SEG-c5e931afe1", "name": "FDR Drive", "highway": "motorway", "scope": "in_scope", "borough": "Manhattan", "bridge": false, "tunnel": false, "status": "inventoried"}, "geometry": {"type": "LineString", "coordinates": [[-73.9683571, 40.7478125], [-73.9685321, 40.7476011], [-73.9690233, 40.7470006], [-73.9691818, 40.746832], [-73.9698821, 40.7461648], [-73.9701152, 40.7459383], [-73.97046, 40.7455844]]}}, {"type": "Feature", "id": "SEG-5af28148c4", "properties": {"id": "SEG-5af28148c4", "name": "McGuinness Boulevard", "highway": "tertiary", "scope": "in_scope", "borough": "Brooklyn", "bridge": false, "tunnel": false, "status": "geometry_verified"}, "geometry": {"type": "LineString", "coordinates": [[-73.9528495, 40.7353684], [-73.9528371, 40.7352936], [-73.9528248, 40.7352433], [-73.9528055, 40.7352133], [-73.9527607, 40.7351647], [-73.952722, 40.7351299], [-73.952574, 40.7350064]]}}, {"type": "Feature", "id": "SEG-4e328536ce", "properties": {"id": "SEG-4e328536ce", "name": "21st Street", "highway": "primary", "scope": "in_scope", "borough": "Queens", "bridge": false, "tunnel": false, "status": "geometry_verified"}, "geometry": {"type": "LineString", "coordinates": [[-73.9473607, 40.748113], [-73.9473948, 40.7480097], [-73.9474775, 40.7477643], [-73.9475899, 40.7474299], [-73.9476083, 40.7473679]]}}, {"type": "Feature", "id": "SEG-71269899d3", "properties": {"id": "SEG-71269899d3", "name": "", "highway": "service", "scope": "secondary", "borough": "Queens", "bridge": false, "tunnel": false, "status": "inventoried"}, "geometry": {"type": "LineString", "coordinates": [[-73.942902, 40.7497691], [-73.942843, 40.7497334]]}}, {"type": "Feature", "id": "SEG-b275d5c237", "properties": {"id": "SEG-b275d5c237", "name": "", "highway": "service", "scope": "secondary", "borough": "Queens", "bridge": false, "tunnel": false, "status": "inventoried"}, "geometry": {"type": "LineString", "coordinates": [[-73.942843, 40.7497334], [-73.9427114, 40.7496539], [-73.9426484, 40.7496158]]}}, {"type": "Feature", "id": "SEG-6f1ab2abaf", "properties": {"id": "SEG-6f1ab2abaf", "name": "", "highway": "service", "scope": "secondary", "borough": "Brooklyn", "bridge": false, "tunnel": false, "status": "geometry_verified"}, "geometry": {"type": "LineString", "coordinates": [[-73.9572238, 40.737222], [-73.9570405, 40.7373258]]}}, {"type": "Feature", "id": "SEG-9beb42ed90", "properties": {"id": "SEG-9beb42ed90", "name": "50th Avenue", "highway": "residential", "scope": "in_scope", "borough": "Queens", "bridge": false, "tunnel": false, "status": "geometry_verified"}, "geometry": {"type": "LineString", "coordinates": [[-73.9540991, 40.7427367], [-73.9538853, 40.7426931]]}}, {"type": "Feature", "id": "SEG-13bedfc02f", "properties": {"id": "SEG-13bedfc02f", "name": "Norman Avenue", "highway": "residential", "scope": "in_scope", "borough": "Brooklyn", "bridge": false, "tunnel": false, "status": "inventoried"}, "geometry": {"type": "LineString", "coordinates": [[-73.953442, 40.724873], [-73.9533783, 40.724894], [-73.9526725, 40.7251271], [-73.952597, 40.725152]]}}, {"type": "Feature", "id": "SEG-f41b91ba06", "properties": {"id": "SEG-f41b91ba06", "name": "Norman Avenue", "highway": "residential", "scope": "in_scope", "borough": "Brooklyn", "bridge": false, "tunnel": false, "status": "inventoried"}, "geometry": {"type": "LineString", "coordinates": [[-73.9438743, 40.7275817], [-73.943796, 40.727589], [-73.9430351, 40.7276596], [-73.942943, 40.7276682]]}}, {"type": "Feature", "id": "SEG-31f078af42", "properties": {"id": "SEG-31f078af42", "name": "", "highway": "service", "scope": "secondary", "borough": "Queens", "bridge": false, "tunnel": false, "status": "inventoried"}, "geometry": {"type": "LineString", "coordinates": [[-73.9412961, 40.7545058], [-73.9411493, 40.7544368]]}}, {"type": "Feature", "id": "SEG-069e0ae1dd", "properties": {"id": "SEG-069e0ae1dd", "name": "Norman Avenue", "highway": "residential", "scope": "in_scope", "borough": "Brooklyn", "bridge": false, "tunnel": false, "status": "inventoried"}, "geometry": {"type": "LineString", "coordinates": [[-73.9458951, 40.7273769], [-73.945735, 40.7274038]]}}, {"type": "Feature", "id": "SEG-c1a24d095c", "properties": {"id": "SEG-c1a24d095c", "name": "Clifford Place", "highway": "residential", "scope": "in_scope", "borough": "Brooklyn", "bridge": false, "tunnel": false, "status": "inventoried"}, "geometry": {"type": "LineString", "coordinates": [[-73.9558161, 40.7273053], [-73.9557822, 40.7272445], [-73.9552765, 40.7263651], [-73.9552567, 40.7263305], [-73.9552217, 40.7262682]]}}, {"type": "Feature", "id": "SEG-e1b0c54fa8", "properties": {"id": "SEG-e1b0c54fa8", "name": "", "highway": "primary_link", "scope": "in_scope", "borough": "Queens", "bridge": false, "tunnel": false, "status": "geometry_verified"}, "geometry": {"type": "LineString", "coordinates": [[-73.951497, 40.7423262], [-73.9513407, 40.7426961], [-73.9513068, 40.7427977], [-73.9512932, 40.7428216], [-73.9512713, 40.7428463], [-73.9512453, 40.7428712], [-73.9512128, 40.7429006]]}}, {"type": "Feature", "id": "SEG-5ae0e5fef8", "properties": {"id": "SEG-5ae0e5fef8", "name": "Saint Thomas Avenue", "highway": "service", "scope": "secondary", "borough": "Queens", "bridge": false, "tunnel": false, "status": "inventoried"}, "geometry": {"type": "LineString", "coordinates": [[-73.9322387, 40.7303652], [-73.9322845, 40.7303755], [-73.9324331, 40.7304], [-73.9325176, 40.7304437], [-73.9325833, 40.7304905], [-73.9328811, 40.7307425], [-73.9332494, 40.7311156], [-73.9332911, 40.7311534], [-73.9333353, 40.7311877]]}}, {"type": "Feature", "id": "SEG-29a2ba3e1a", "properties": {"id": "SEG-29a2ba3e1a", "name": "Saint Thomas Avenue", "highway": "service", "scope": "secondary", "borough": "Queens", "bridge": false, "tunnel": false, "status": "inventoried"}, "geometry": {"type": "LineString", "coordinates": [[-73.9333353, 40.7311877], [-73.9334015, 40.7312247], [-73.9340878, 40.7315716], [-73.9341709, 40.7316158], [-73.9342462, 40.7316591], [-73.9343207, 40.7317067], [-73.9343817, 40.7317472], [-73.9344307, 40.7317837], [-73.9344788, 40.7318252], [-73.934583, 40.7319197], [-73.9346308, 40.7319661], [-73.9346611, 40.7320036], [-73.9346854, 40.7320328], [-73.9347087, 40.7320575], [-73.9347321, 40.7320783], [-73.9352082, 40.7324245], [-73.9352736, 40.7324732], [-73.9353282, 40.7325189], [-73.9353899, 40.7325726], [-73.9357524, 40.7329458], [-73.9360875, 40.73329], [-73.9361419, 40.7333496], [-73.9361787, 40.7333975], [-73.9362057, 40.7334385], [-73.9362267, 40.733477], [-73.9362368, 40.7335113], [-73.9362373, 40.7335382], [-73.9362292, 40.7335624], [-73.9362176, 40.7335868], [-73.9362008, 40.7336125], [-73.93618, 40.7336386], [-73.9361568, 40.733661], [-73.9361235, 40.7336842], [-73.9360771, 40.73371], [-73.9360072, 40.7337438], [-73.9359303, 40.7337775], [-73.9354441, 40.7339948], [-73.9351987, 40.7340961], [-73.9349692, 40.7341917], [-73.9347784, 40.7342702], [-73.9341036, 40.7345445], [-73.9339794, 40.7345888]]}}, {"type": "Feature", "id": "SEG-e5b2fdfb46", "properties": {"id": "SEG-e5b2fdfb46", "name": "Saint Thomas Avenue", "highway": "service", "scope": "secondary", "borough": "Queens", "bridge": false, "tunnel": false, "status": "inventoried"}, "geometry": {"type": "LineString", "coordinates": [[-73.9339794, 40.7345888], [-73.9340151, 40.7343863], [-73.9340587, 40.7335172]]}}, {"type": "Feature", "id": "SEG-67f74fe53a", "properties": {"id": "SEG-67f74fe53a", "name": "Queens Plaza South", "highway": "secondary", "scope": "in_scope", "borough": "Queens", "bridge": false, "tunnel": false, "status": "inventoried"}, "geometry": {"type": "LineString", "coordinates": [[-73.9422771, 40.7512566], [-73.9421785, 40.751212], [-73.9414712, 40.7508947]]}}, {"type": "Feature", "id": "SEG-f2259c05e9", "properties": {"id": "SEG-f2259c05e9", "name": "Brooklyn-Queens Expressway", "highway": "motorway", "scope": "in_scope", "borough": "Brooklyn", "bridge": true, "tunnel": false, "status": "inventoried"}, "geometry": {"type": "LineString", "coordinates": [[-73.9374003, 40.7241279], [-73.9375309, 40.7240907], [-73.9376747, 40.7240432], [-73.9378037, 40.7239973]]}}, {"type": "Feature", "id": "SEG-f49c32fcfa", "properties": {"id": "SEG-f49c32fcfa", "name": "", "highway": "service", "scope": "secondary", "borough": "Queens", "bridge": false, "tunnel": false, "status": "inventoried"}, "geometry": {"type": "LineString", "coordinates": [[-73.938707, 40.7381346], [-73.9387458, 40.7380805], [-73.93906, 40.737941], [-73.9401254, 40.7375579], [-73.940197, 40.7375322]]}}, {"type": "Feature", "id": "SEG-f6c27aa7e2", "properties": {"id": "SEG-f6c27aa7e2", "name": "", "highway": "service", "scope": "secondary", "borough": "Queens", "bridge": false, "tunnel": false, "status": "inventoried"}, "geometry": {"type": "LineString", "coordinates": [[-73.940197, 40.7375322], [-73.9402841, 40.7375023], [-73.9403042, 40.7374954], [-73.9408464, 40.7372901]]}}, {"type": "Feature", "id": "SEG-43e8f7afbc", "properties": {"id": "SEG-43e8f7afbc", "name": "Borden Avenue", "highway": "residential", "scope": "in_scope", "borough": "Queens", "bridge": false, "tunnel": false, "status": "inventoried"}, "geometry": {"type": "LineString", "coordinates": [[-73.9589108, 40.7421891], [-73.9588337, 40.7421724], [-73.9587769, 40.7421609], [-73.9587172, 40.7421487], [-73.958591, 40.7421228]]}}, {"type": "Feature", "id": "SEG-a6217aa1de", "properties": {"id": "SEG-a6217aa1de", "name": "Calyer Street", "highway": "residential", "scope": "in_scope", "borough": "Brooklyn", "bridge": false, "tunnel": false, "status": "inventoried"}, "geometry": {"type": "LineString", "coordinates": [[-73.9558161, 40.7273053], [-73.9550462, 40.7275503], [-73.9549835, 40.727571]]}}, {"type": "Feature", "id": "SEG-7ddf68b0ad", "properties": {"id": "SEG-7ddf68b0ad", "name": "50th Avenue", "highway": "tertiary", "scope": "in_scope", "borough": "Queens", "bridge": false, "tunnel": false, "status": "geometry_verified"}, "geometry": {"type": "LineString", "coordinates": [[-73.9495193, 40.7416251], [-73.949518, 40.7417395], [-73.9495232, 40.7417642], [-73.94954, 40.7417917], [-73.9495661, 40.7418174], [-73.9495939, 40.7418369], [-73.9496277, 40.7418518], [-73.9496718, 40.7418652], [-73.9498212, 40.7418922]]}}, {"type": "Feature", "id": "SEG-9baafb8bcb", "properties": {"id": "SEG-9baafb8bcb", "name": "Manhattan Avenue", "highway": "tertiary", "scope": "in_scope", "borough": "Brooklyn", "bridge": false, "tunnel": false, "status": "inventoried"}, "geometry": {"type": "LineString", "coordinates": [[-73.951736, 40.725436], [-73.9517777, 40.725509], [-73.9518861, 40.7256989], [-73.9525244, 40.7268168], [-73.9526544, 40.7270435], [-73.9526928, 40.7271105]]}}, {"type": "Feature", "id": "SEG-b86bc59dd5", "properties": {"id": "SEG-b86bc59dd5", "name": "North Henry Street", "highway": "residential", "scope": "in_scope", "borough": "Brooklyn", "bridge": false, "tunnel": false, "status": "inventoried"}, "geometry": {"type": "LineString", "coordinates": [[-73.9446033, 40.7320876], [-73.9446027, 40.731987], [-73.94454, 40.7315928]]}}, {"type": "Feature", "id": "SEG-0c938f9f40", "properties": {"id": "SEG-0c938f9f40", "name": "North Henry Street", "highway": "residential", "scope": "in_scope", "borough": "Brooklyn", "bridge": false, "tunnel": false, "status": "inventoried"}, "geometry": {"type": "LineString", "coordinates": [[-73.94454, 40.7315928], [-73.9443846, 40.7306806]]}}, {"type": "Feature", "id": "SEG-137cbda260", "properties": {"id": "SEG-137cbda260", "name": "North Henry Street", "highway": "residential", "scope": "in_scope", "borough": "Brooklyn", "bridge": false, "tunnel": false, "status": "inventoried"}, "geometry": {"type": "LineString", "coordinates": [[-73.9443846, 40.7306806], [-73.944186, 40.729442]]}}, {"type": "Feature", "id": "SEG-581ed0b582", "properties": {"id": "SEG-581ed0b582", "name": "23rd Street", "highway": "residential", "scope": "in_scope", "borough": "Queens", "bridge": false, "tunnel": false, "status": "inventoried"}, "geometry": {"type": "LineString", "coordinates": [[-73.939456, 40.754296], [-73.9394067, 40.7543495], [-73.9392596, 40.7545091], [-73.93925, 40.7545195], [-73.9383373, 40.75551], [-73.938294, 40.755557]]}}, {"type": "Feature", "id": "SEG-5b846d4962", "properties": {"id": "SEG-5b846d4962", "name": "Van Dam Street", "highway": "primary", "scope": "in_scope", "borough": "Queens", "bridge": false, "tunnel": false, "status": "inventoried"}, "geometry": {"type": "LineString", "coordinates": [[-73.934311, 40.741039], [-73.9343294, 40.7409475], [-73.9343433, 40.7408788]]}}, {"type": "Feature", "id": "SEG-c723588e8f", "properties": {"id": "SEG-c723588e8f", "name": "Van Dam Street", "highway": "primary", "scope": "in_scope", "borough": "Queens", "bridge": false, "tunnel": false, "status": "inventoried"}, "geometry": {"type": "LineString", "coordinates": [[-73.9343433, 40.7408788], [-73.9343903, 40.7406473]]}}, {"type": "Feature", "id": "SEG-ced3ba3c11", "properties": {"id": "SEG-ced3ba3c11", "name": "Van Dam Street", "highway": "primary", "scope": "in_scope", "borough": "Queens", "bridge": false, "tunnel": false, "status": "inventoried"}, "geometry": {"type": "LineString", "coordinates": [[-73.9343903, 40.7406473], [-73.9344641, 40.7402832], [-73.9345753, 40.7397515], [-73.9345846, 40.7396908]]}}, {"type": "Feature", "id": "SEG-82b90735be", "properties": {"id": "SEG-82b90735be", "name": "Greenpoint Avenue", "highway": "residential", "scope": "in_scope", "borough": "Brooklyn", "bridge": false, "tunnel": false, "status": "inventoried"}, "geometry": {"type": "LineString", "coordinates": [[-73.9575954, 40.7298876], [-73.9577011, 40.729878], [-73.9577471, 40.7298738], [-73.9579838, 40.7298508], [-73.9590932, 40.7297427], [-73.9591552, 40.7297371], [-73.959233, 40.7297295]]}}, {"type": "Feature", "id": "SEG-8fbd4fbbbc", "properties": {"id": "SEG-8fbd4fbbbc", "name": "East 48th Street", "highway": "residential", "scope": "in_scope", "borough": "Manhattan", "bridge": false, "tunnel": false, "status": "inventoried"}, "geometry": {"type": "LineString", "coordinates": [[-73.969431, 40.753624], [-73.9693365, 40.7535836], [-73.9692949, 40.7535663], [-73.9676991, 40.7529019], [-73.9673535, 40.7527578], [-73.9673215, 40.7527444], [-73.967294, 40.7527353], [-73.9672701, 40.7527335], [-73.9672435, 40.7527363], [-73.9672147, 40.7527393], [-73.9671638, 40.7527506], [-73.967115, 40.7527726]]}}, {"type": "Feature", "id": "SEG-44e0516680", "properties": {"id": "SEG-44e0516680", "name": "", "highway": "service", "scope": "secondary", "borough": "Queens", "bridge": false, "tunnel": false, "status": "inventoried"}, "geometry": {"type": "LineString", "coordinates": [[-73.9500695, 40.7540024], [-73.9497432, 40.7544028]]}}, {"type": "Feature", "id": "SEG-33b02a83c0", "properties": {"id": "SEG-33b02a83c0", "name": "Queensboro Plaza", "highway": "trunk", "scope": "in_scope", "borough": "Queens", "bridge": false, "tunnel": false, "status": "inventoried"}, "geometry": {"type": "LineString", "coordinates": [[-73.9408211, 40.7508772], [-73.9407135, 40.7508094], [-73.9406384, 40.7507602], [-73.9405871, 40.7507188], [-73.9405273, 40.7506502], [-73.9405039, 40.7506234], [-73.9404833, 40.7506043], [-73.9404621, 40.7505846], [-73.9404311, 40.7505647], [-73.9403822, 40.7505394], [-73.9402223, 40.7504713], [-73.93983, 40.7503042], [-73.9397665, 40.7502746]]}}, {"type": "Feature", "id": "SEG-c9c0928026", "properties": {"id": "SEG-c9c0928026", "name": "Brooklyn-Queens Expressway", "highway": "motorway", "scope": "in_scope", "borough": "Queens", "bridge": false, "tunnel": false, "status": "inventoried"}, "geometry": {"type": "LineString", "coordinates": [[-73.9249503, 40.7324864], [-73.9248885, 40.7325764], [-73.9248235, 40.7326682], [-73.9247669, 40.7327413], [-73.9246985, 40.7328236], [-73.9246259, 40.7329099], [-73.9245508, 40.7329962], [-73.9244764, 40.7330758], [-73.9243892, 40.7331652], [-73.9242989, 40.733251], [-73.9241973, 40.7333437], [-73.9241032, 40.733425], [-73.9239895, 40.7335127], [-73.9238653, 40.7336032], [-73.9237491, 40.733682], [-73.9236415, 40.7337522], [-73.9235357, 40.7338205], [-73.9234278, 40.7338823], [-73.9233182, 40.7339446], [-73.9232144, 40.7340013], [-73.9230947, 40.7340597]]}}, {"type": "Feature", "id": "SEG-6e844c059f", "properties": {"id": "SEG-6e844c059f", "name": "", "highway": "service", "scope": "secondary", "borough": "Brooklyn", "bridge": false, "tunnel": false, "status": "inventoried"}, "geometry": {"type": "LineString", "coordinates": [[-73.9405833, 40.7312791], [-73.9404558, 40.7313808], [-73.9404367, 40.7314253], [-73.9403971, 40.7315153], [-73.9403957, 40.7316064], [-73.9404272, 40.7317265], [-73.9404654, 40.7318207]]}}, {"type": "Feature", "id": "SEG-50bbbda8b4", "properties": {"id": "SEG-50bbbda8b4", "name": "West Street", "highway": "residential", "scope": "in_scope", "borough": "Brooklyn", "bridge": false, "tunnel": false, "status": "inventoried"}, "geometry": {"type": "LineString", "coordinates": [[-73.9599302, 40.733988], [-73.9599398, 40.7340533], [-73.9600154, 40.734502], [-73.9600373, 40.7346316], [-73.9600471, 40.7346892]]}}, {"type": "Feature", "id": "SEG-b22010ea15", "properties": {"id": "SEG-b22010ea15", "name": "46th Road", "highway": "residential", "scope": "in_scope", "borough": "Queens", "bridge": false, "tunnel": false, "status": "geometry_verified"}, "geometry": {"type": "LineString", "coordinates": [[-73.9505893, 40.745737], [-73.9504959, 40.7457192]]}}, {"type": "Feature", "id": "SEG-f38ba13a5d", "properties": {"id": "SEG-f38ba13a5d", "name": "East 47th Street", "highway": "residential", "scope": "in_scope", "borough": "Manhattan", "bridge": false, "tunnel": false, "status": "inventoried"}, "geometry": {"type": "LineString", "coordinates": [[-73.9674542, 40.7518449], [-73.9675709, 40.7519007], [-73.9675888, 40.751911], [-73.9676068, 40.751924], [-73.9676229, 40.7519391], [-73.9676544, 40.752002], [-73.9676741, 40.7520288]]}}, {"type": "Feature", "id": "SEG-5862fbde8b", "properties": {"id": "SEG-5862fbde8b", "name": "", "highway": "service", "scope": "secondary", "borough": "Queens", "bridge": false, "tunnel": false, "status": "inventoried"}, "geometry": {"type": "LineString", "coordinates": [[-73.9345068, 40.7408975], [-73.9344939, 40.740896], [-73.9343433, 40.7408788]]}}, {"type": "Feature", "id": "SEG-99bf2ab73a", "properties": {"id": "SEG-99bf2ab73a", "name": "Orchard Street", "highway": "residential", "scope": "in_scope", "borough": "Queens", "bridge": false, "tunnel": false, "status": "inventoried"}, "geometry": {"type": "LineString", "coordinates": [[-73.9389193, 40.7483715], [-73.9388653, 40.7482835], [-73.9383259, 40.7473943]]}}, {"type": "Feature", "id": "SEG-66ac50fcdc", "properties": {"id": "SEG-66ac50fcdc", "name": "40th Avenue", "highway": "residential", "scope": "in_scope", "borough": "Queens", "bridge": false, "tunnel": false, "status": "inventoried"}, "geometry": {"type": "LineString", "coordinates": [[-73.939456, 40.754296], [-73.9395468, 40.7543444], [-73.9401924, 40.7546883], [-73.94025, 40.754719]]}}, {"type": "Feature", "id": "SEG-d8c879840a", "properties": {"id": "SEG-d8c879840a", "name": "Borden Avenue", "highway": "secondary", "scope": "in_scope", "borough": "Queens", "bridge": false, "tunnel": false, "status": "inventoried"}, "geometry": {"type": "LineString", "coordinates": [[-73.9429947, 40.739111], [-73.9428053, 40.739074]]}}, {"type": "Feature", "id": "SEG-7925fad54e", "properties": {"id": "SEG-7925fad54e", "name": "", "highway": "service", "scope": "secondary", "borough": "Queens", "bridge": false, "tunnel": false, "status": "inventoried"}, "geometry": {"type": "LineString", "coordinates": [[-73.935235, 40.7456867], [-73.9352162, 40.7457832], [-73.9352164, 40.7457916], [-73.9352294, 40.7458324]]}}, {"type": "Feature", "id": "SEG-cbebc3e86f", "properties": {"id": "SEG-cbebc3e86f", "name": "11th Street", "highway": "unclassified", "scope": "in_scope", "borough": "Queens", "bridge": false, "tunnel": false, "status": "geometry_verified"}, "geometry": {"type": "LineString", "coordinates": [[-73.9526072, 40.7398986], [-73.9526755, 40.7396934], [-73.9522908, 40.7396198]]}}, {"type": "Feature", "id": "SEG-d6586684c2", "properties": {"id": "SEG-d6586684c2", "name": "38th Avenue", "highway": "residential", "scope": "in_scope", "borough": "Queens", "bridge": false, "tunnel": false, "status": "inventoried"}, "geometry": {"type": "LineString", "coordinates": [[-73.9358181, 40.7558105], [-73.9357219, 40.7557609], [-73.9351181, 40.7554333], [-73.93504, 40.755391]]}}, {"type": "Feature", "id": "SEG-091e002221", "properties": {"id": "SEG-091e002221", "name": "Java Street", "highway": "residential", "scope": "in_scope", "borough": "Brooklyn", "bridge": false, "tunnel": false, "status": "inventoried"}, "geometry": {"type": "LineString", "coordinates": [[-73.9544971, 40.7316233], [-73.9546165, 40.7316109], [-73.9577275, 40.7313133], [-73.9578282, 40.7313042]]}}, {"type": "Feature", "id": "SEG-bcf549ca94", "properties": {"id": "SEG-bcf549ca94", "name": "23rd Street", "highway": "tertiary", "scope": "in_scope", "borough": "Queens", "bridge": false, "tunnel": false, "status": "inventoried"}, "geometry": {"type": "LineString", "coordinates": [[-73.9437075, 40.7496814], [-73.943646, 40.7497509], [-73.9433914, 40.7500388]]}}, {"type": "Feature", "id": "SEG-3c8af6b2a9", "properties": {"id": "SEG-3c8af6b2a9", "name": "23rd Street", "highway": "tertiary", "scope": "in_scope", "borough": "Queens", "bridge": false, "tunnel": false, "status": "inventoried"}, "geometry": {"type": "LineString", "coordinates": [[-73.9433914, 40.7500388], [-73.9429359, 40.7505402], [-73.942834, 40.7506555]]}}, {"type": "Feature", "id": "SEG-830d08d3ee", "properties": {"id": "SEG-830d08d3ee", "name": "1st Avenue Tunnel", "highway": "primary", "scope": "in_scope", "borough": "Manhattan", "bridge": false, "tunnel": true, "status": "blocked"}, "geometry": {"type": "LineString", "coordinates": [[-73.9698813, 40.7486877], [-73.9674723, 40.7519925]]}}, {"type": "Feature", "id": "SEG-003ea86b2d", "properties": {"id": "SEG-003ea86b2d", "name": "29th Street", "highway": "residential", "scope": "in_scope", "borough": "Queens", "bridge": false, "tunnel": false, "status": "inventoried"}, "geometry": {"type": "LineString", "coordinates": [[-73.937784, 40.7498992], [-73.9377472, 40.7499675], [-73.9368378, 40.7509472], [-73.9367868, 40.7510037]]}}, {"type": "Feature", "id": "SEG-573fbd9d5c", "properties": {"id": "SEG-573fbd9d5c", "name": "Noble Street", "highway": "residential", "scope": "in_scope", "borough": "Brooklyn", "bridge": false, "tunnel": false, "status": "inventoried"}, "geometry": {"type": "LineString", "coordinates": [[-73.9546204, 40.7287302], [-73.957263, 40.7284781], [-73.9573628, 40.7284668]]}}, {"type": "Feature", "id": "SEG-c39767a1da", "properties": {"id": "SEG-c39767a1da", "name": "", "highway": "trunk_link", "scope": "in_scope", "borough": "Queens", "bridge": false, "tunnel": false, "status": "inventoried"}, "geometry": {"type": "LineString", "coordinates": [[-73.9378737, 40.7497501], [-73.9380918, 40.7498394]]}}, {"type": "Feature", "id": "SEG-f8719232bf", "properties": {"id": "SEG-f8719232bf", "name": "49th Avenue", "highway": "unclassified", "scope": "in_scope", "borough": "Queens", "bridge": false, "tunnel": false, "status": "geometry_verified"}, "geometry": {"type": "LineString", "coordinates": [[-73.949228, 40.7425326], [-73.9491204, 40.7425121], [-73.9488509, 40.7424607], [-73.9480489, 40.7423076]]}}, {"type": "Feature", "id": "SEG-17b284ae1e", "properties": {"id": "SEG-17b284ae1e", "name": "Jackson Avenue", "highway": "primary", "scope": "in_scope", "borough": "Queens", "bridge": false, "tunnel": false, "status": "inventoried"}, "geometry": {"type": "LineString", "coordinates": [[-73.9432435, 40.7467351], [-73.9431564, 40.7467699]]}}, {"type": "Feature", "id": "SEG-79315948fa", "properties": {"id": "SEG-79315948fa", "name": "30th Place", "highway": "unclassified", "scope": "in_scope", "borough": "Queens", "bridge": false, "tunnel": false, "status": "inventoried"}, "geometry": {"type": "LineString", "coordinates": [[-73.9372795, 40.7404678], [-73.9372665, 40.7405313], [-73.9371095, 40.7412757], [-73.9370928, 40.741356]]}}, {"type": "Feature", "id": "SEG-45b50ecd99", "properties": {"id": "SEG-45b50ecd99", "name": "Varick Street", "highway": "secondary", "scope": "in_scope", "borough": "Brooklyn", "bridge": false, "tunnel": false, "status": "inventoried"}, "geometry": {"type": "LineString", "coordinates": [[-73.9362535, 40.7274928], [-73.9362432, 40.7273939], [-73.9362374, 40.7273375], [-73.9361761, 40.726978], [-73.9361273, 40.7266723], [-73.9360815, 40.7264162]]}}, {"type": "Feature", "id": "SEG-271b4434f4", "properties": {"id": "SEG-271b4434f4", "name": "", "highway": "service", "scope": "secondary", "borough": "Manhattan", "bridge": false, "tunnel": false, "status": "inventoried"}, "geometry": {"type": "LineString", "coordinates": [[-73.9654544, 40.7519528], [-73.9653032, 40.7518956], [-73.9652603, 40.7518771], [-73.9652298, 40.7518563]]}}, {"type": "Feature", "id": "SEG-67541b75c2", "properties": {"id": "SEG-67541b75c2", "name": "31st Street", "highway": "unclassified", "scope": "in_scope", "borough": "Queens", "bridge": false, "tunnel": false, "status": "inventoried"}, "geometry": {"type": "LineString", "coordinates": [[-73.9361669, 40.7412509], [-73.936184, 40.7411671], [-73.9363309, 40.7404516], [-73.93634, 40.7404073], [-73.9363475, 40.7403476]]}}, {"type": "Feature", "id": "SEG-51b0b41dd3", "properties": {"id": "SEG-51b0b41dd3", "name": "43rd Avenue", "highway": "secondary", "scope": "in_scope", "borough": "Queens", "bridge": false, "tunnel": false, "status": "inventoried"}, "geometry": {"type": "LineString", "coordinates": [[-73.9429402, 40.7493003], [-73.9436174, 40.7496367], [-73.9437075, 40.7496814]]}}, {"type": "Feature", "id": "SEG-0b5b107f47", "properties": {"id": "SEG-0b5b107f47", "name": "Lorimer Street", "highway": "residential", "scope": "in_scope", "borough": "Brooklyn", "bridge": false, "tunnel": false, "status": "inventoried"}, "geometry": {"type": "LineString", "coordinates": [[-73.952597, 40.725152], [-73.9525635, 40.7250942], [-73.9516901, 40.7235721], [-73.9516433, 40.7234878]]}}, {"type": "Feature", "id": "SEG-f4a9c1ff10", "properties": {"id": "SEG-f4a9c1ff10", "name": "", "highway": "service", "scope": "secondary", "borough": "Brooklyn", "bridge": false, "tunnel": false, "status": "geometry_verified"}, "geometry": {"type": "LineString", "coordinates": [[-73.9578935, 40.7381785], [-73.9581807, 40.738023], [-73.9576068, 40.7374201]]}}, {"type": "Feature", "id": "SEG-c8149efbdf", "properties": {"id": "SEG-c8149efbdf", "name": "", "highway": "service", "scope": "secondary", "borough": "Brooklyn", "bridge": false, "tunnel": false, "status": "geometry_verified"}, "geometry": {"type": "LineString", "coordinates": [[-73.9576068, 40.7374201], [-73.9578753, 40.7372839], [-73.9575492, 40.7369381], [-73.9575216, 40.7369089], [-73.9574702, 40.7368548]]}}, {"type": "Feature", "id": "SEG-3cf53630de", "properties": {"id": "SEG-3cf53630de", "name": "Queens Plaza South", "highway": "secondary", "scope": "in_scope", "borough": "Queens", "bridge": false, "tunnel": false, "status": "inventoried"}, "geometry": {"type": "LineString", "coordinates": [[-73.9451046, 40.7524881], [-73.9454854, 40.7527518], [-73.9455452, 40.752782], [-73.9458631, 40.7529191]]}}, {"type": "Feature", "id": "SEG-7284735ed9", "properties": {"id": "SEG-7284735ed9", "name": "East 50th Street", "highway": "secondary", "scope": "in_scope", "borough": "Manhattan", "bridge": false, "tunnel": false, "status": "inventoried"}, "geometry": {"type": "LineString", "coordinates": [[-73.96852, 40.754877], [-73.9684235, 40.754836], [-73.9683935, 40.7548232], [-73.9662951, 40.7539322], [-73.9662592, 40.753917], [-73.9661361, 40.7538651]]}}, {"type": "Feature", "id": "SEG-86ef093b9a", "properties": {"id": "SEG-86ef093b9a", "name": "FDR Drive", "highway": "motorway", "scope": "in_scope", "borough": "Manhattan", "bridge": false, "tunnel": false, "status": "inventoried"}, "geometry": {"type": "LineString", "coordinates": [[-73.9649925, 40.7515697], [-73.9638475, 40.7527977], [-73.9635132, 40.7531724], [-73.9633333, 40.7534038]]}}, {"type": "Feature", "id": "SEG-06c8ef8f02", "properties": {"id": "SEG-06c8ef8f02", "name": "Van Dam Street", "highway": "primary", "scope": "in_scope", "borough": "Queens", "bridge": false, "tunnel": false, "status": "inventoried"}, "geometry": {"type": "LineString", "coordinates": [[-73.93585, 40.7366879], [-73.9367, 40.7358138], [-73.9367642, 40.7357486]]}}, {"type": "Feature", "id": "SEG-26950d81c8", "properties": {"id": "SEG-26950d81c8", "name": "51st Avenue", "highway": "residential", "scope": "in_scope", "borough": "Queens", "bridge": false, "tunnel": false, "status": "geometry_verified"}, "geometry": {"type": "LineString", "coordinates": [[-73.9566721, 40.7424777], [-73.9567578, 40.7424945], [-73.9584859, 40.7428325], [-73.9585571, 40.7428462], [-73.958602, 40.7428551], [-73.9586943, 40.7428732]]}}, {"type": "Feature", "id": "SEG-9e95438d67", "properties": {"id": "SEG-9e95438d67", "name": "Starr Avenue", "highway": "unclassified", "scope": "in_scope", "borough": "Queens", "bridge": false, "tunnel": false, "status": "inventoried"}, "geometry": {"type": "LineString", "coordinates": [[-73.93752, 40.7369266], [-73.9371176, 40.7362941]]}}, {"type": "Feature", "id": "SEG-b543219fef", "properties": {"id": "SEG-b543219fef", "name": "East 52nd Street", "highway": "residential", "scope": "in_scope", "borough": "Manhattan", "bridge": false, "tunnel": false, "status": "inventoried"}, "geometry": {"type": "LineString", "coordinates": [[-73.9676181, 40.7561457], [-73.9674704, 40.7560855], [-73.9654256, 40.7552209], [-73.9653751, 40.7551996], [-73.9652321, 40.7551314]]}}, {"type": "Feature", "id": "SEG-49fb0cb36d", "properties": {"id": "SEG-49fb0cb36d", "name": "East 43rd Street", "highway": "residential", "scope": "in_scope", "borough": "Manhattan", "bridge": false, "tunnel": false, "status": "inventoried"}, "geometry": {"type": "LineString", "coordinates": [[-73.9699431, 40.7497536], [-73.9700425, 40.7497954], [-73.9715784, 40.7504471], [-73.9717073, 40.7505017]]}}, {"type": "Feature", "id": "SEG-ca4c4398dc", "properties": {"id": "SEG-ca4c4398dc", "name": "Leonard Street", "highway": "residential", "scope": "in_scope", "borough": "Brooklyn", "bridge": false, "tunnel": false, "status": "inventoried"}, "geometry": {"type": "LineString", "coordinates": [[-73.950875, 40.725721], [-73.9508417, 40.7256626], [-73.9506699, 40.7253619]]}}, {"type": "Feature", "id": "SEG-1a89189f10", "properties": {"id": "SEG-1a89189f10", "name": "Leonard Street", "highway": "residential", "scope": "in_scope", "borough": "Brooklyn", "bridge": false, "tunnel": false, "status": "inventoried"}, "geometry": {"type": "LineString", "coordinates": [[-73.9506699, 40.7253619], [-73.9499644, 40.7241267], [-73.949924, 40.724056]]}}, {"type": "Feature", "id": "SEG-d98d8cc333", "properties": {"id": "SEG-d98d8cc333", "name": "", "highway": "service", "scope": "secondary", "borough": "Brooklyn", "bridge": false, "tunnel": false, "status": "inventoried"}, "geometry": {"type": "LineString", "coordinates": [[-73.9483859, 40.7305118], [-73.9483151, 40.7305644], [-73.9481348, 40.7306242], [-73.9480966, 40.7306226], [-73.9480266, 40.7306091]]}}, {"type": "Feature", "id": "SEG-2013c853b5", "properties": {"id": "SEG-2013c853b5", "name": "32nd Place", "highway": "unclassified", "scope": "in_scope", "borough": "Queens", "bridge": false, "tunnel": false, "status": "inventoried"}, "geometry": {"type": "LineString", "coordinates": [[-73.9337105, 40.7392959], [-73.9337254, 40.7392139], [-73.9337363, 40.7391717], [-73.9338183, 40.7387877], [-73.9338856, 40.7384892], [-73.9338896, 40.7384668], [-73.9339164, 40.7383172]]}}, {"type": "Feature", "id": "SEG-9f265a4d5d", "properties": {"id": "SEG-9f265a4d5d", "name": "", "highway": "service", "scope": "secondary", "borough": "Brooklyn", "bridge": false, "tunnel": false, "status": "inventoried"}, "geometry": {"type": "LineString", "coordinates": [[-73.9465562, 40.731699], [-73.9465119, 40.7317406], [-73.946528, 40.7318423], [-73.946583, 40.7318799]]}}, {"type": "Feature", "id": "SEG-351084a5fd", "properties": {"id": "SEG-351084a5fd", "name": "Jackson Avenue", "highway": "primary", "scope": "in_scope", "borough": "Queens", "bridge": false, "tunnel": false, "status": "geometry_verified"}, "geometry": {"type": "LineString", "coordinates": [[-73.9514078, 40.7431897], [-73.9515361, 40.743183], [-73.9517813, 40.7430496], [-73.9518215, 40.742981]]}}, {"type": "Feature", "id": "SEG-e663a697b8", "properties": {"id": "SEG-e663a697b8", "name": "Ed Koch Queensboro Bridge Upper Level", "highway": "trunk", "scope": "in_scope", "borough": "Queens", "bridge": true, "tunnel": false, "status": "inventoried"}, "geometry": {"type": "LineString", "coordinates": [[-73.9619465, 40.7599564], [-73.9617942, 40.759893], [-73.9616369, 40.7598295], [-73.9615072, 40.7597809], [-73.9613818, 40.7597423], [-73.961169, 40.7596782], [-73.9608601, 40.75958], [-73.9607303, 40.7595303], [-73.9606065, 40.7594828], [-73.9489448, 40.7544172], [-73.9456684, 40.7529764], [-73.9455872, 40.7529427], [-73.9455188, 40.7529081], [-73.9454505, 40.7528741], [-73.9453237, 40.7527989], [-73.9445146, 40.7523484], [-73.9444255, 40.7523014], [-73.9443139, 40.7522481], [-73.9441926, 40.7521957], [-73.943055, 40.7517063], [-73.9429881, 40.7516764], [-73.9429528, 40.7516565], [-73.9429223, 40.7516338], [-73.9428961, 40.7516047], [-73.9428771, 40.7515757], [-73.9428595, 40.7515361], [-73.9428448, 40.7514875], [-73.9428451, 40.7514527], [-73.942853, 40.7514151], [-73.9428664, 40.7513838], [-73.9428907, 40.7513453], [-73.9429365, 40.7512912]]}}, {"type": "Feature", "id": "SEG-62f65d7a3d", "properties": {"id": "SEG-62f65d7a3d", "name": "Nassau Avenue", "highway": "residential", "scope": "in_scope", "borough": "Brooklyn", "bridge": false, "tunnel": false, "status": "inventoried"}, "geometry": {"type": "LineString", "coordinates": [[-73.944498, 40.725616], [-73.9444196, 40.7256239], [-73.9443755, 40.7256282], [-73.9436524, 40.7256997], [-73.943569, 40.725708]]}}, {"type": "Feature", "id": "SEG-a7e24dc39b", "properties": {"id": "SEG-a7e24dc39b", "name": "Green Street", "highway": "residential", "scope": "in_scope", "borough": "Brooklyn", "bridge": false, "tunnel": false, "status": "inventoried"}, "geometry": {"type": "LineString", "coordinates": [[-73.9598151, 40.7332729], [-73.9597306, 40.7332848], [-73.9582768, 40.7334233], [-73.9581783, 40.7334328]]}}, {"type": "Feature", "id": "SEG-7da22ab205", "properties": {"id": "SEG-7da22ab205", "name": "", "highway": "service", "scope": "secondary", "borough": "Queens", "bridge": false, "tunnel": false, "status": "inventoried"}, "geometry": {"type": "LineString", "coordinates": [[-73.9339206, 40.746015], [-73.9339939, 40.7459982]]}}, {"type": "Feature", "id": "SEG-59ae0cbf90", "properties": {"id": "SEG-59ae0cbf90", "name": "Hunters Point Avenue", "highway": "unclassified", "scope": "in_scope", "borough": "Queens", "bridge": true, "tunnel": false, "status": "inventoried"}, "geometry": {"type": "LineString", "coordinates": [[-73.9411064, 40.7409563], [-73.9406821, 40.7408758], [-73.9404662, 40.7408333], [-73.9403683, 40.7408148], [-73.940159, 40.7407752]]}}, {"type": "Feature", "id": "SEG-f68f15fa25", "properties": {"id": "SEG-f68f15fa25", "name": "", "highway": "motorway_link", "scope": "in_scope", "borough": "Manhattan", "bridge": true, "tunnel": false, "status": "inventoried"}, "geometry": {"type": "LineString", "coordinates": [[-73.966495, 40.7522981], [-73.9655054, 40.7518744], [-73.9654335, 40.7518498], [-73.9653664, 40.7518314], [-73.9653154, 40.7518218], [-73.9652675, 40.7518176], [-73.9652217, 40.7518167], [-73.9651644, 40.7518198], [-73.9651185, 40.7518232], [-73.9650588, 40.7518317], [-73.9649936, 40.7518477], [-73.9649512, 40.751863], [-73.9649028, 40.7518817], [-73.9648537, 40.7519064], [-73.9648017, 40.7519376], [-73.9647638, 40.7519648], [-73.9647304, 40.7519956], [-73.9646039, 40.7521359]]}}, {"type": "Feature", "id": "SEG-2ed5608082", "properties": {"id": "SEG-2ed5608082", "name": "24th Street", "highway": "residential", "scope": "in_scope", "borough": "Queens", "bridge": false, "tunnel": false, "status": "inventoried"}, "geometry": {"type": "LineString", "coordinates": [[-73.93871, 40.753898], [-73.938755, 40.7538495], [-73.9397791, 40.7527396], [-73.9398158, 40.7526996], [-73.939871, 40.75264]]}}, {"type": "Feature", "id": "SEG-62ef3d0d77", "properties": {"id": "SEG-62ef3d0d77", "name": "Center Boulevard", "highway": "residential", "scope": "in_scope", "borough": "Queens", "bridge": false, "tunnel": false, "status": "geometry_verified"}, "geometry": {"type": "LineString", "coordinates": [[-73.9565026, 40.7476217], [-73.9564707, 40.7475389], [-73.9564095, 40.7473843], [-73.956394, 40.7473419], [-73.9563811, 40.7473027], [-73.9563717, 40.7472643], [-73.9563667, 40.7472286], [-73.9563642, 40.7471873], [-73.9563631, 40.7471457], [-73.956365, 40.7471053], [-73.9563694, 40.7470595], [-73.9563802, 40.7469974], [-73.956395, 40.7469389], [-73.9563995, 40.7469243], [-73.9564391, 40.7468007], [-73.956444, 40.7467853], [-73.9566302, 40.7462491], [-73.9566351, 40.746235], [-73.9566576, 40.7461746]]}}, {"type": "Feature", "id": "SEG-feed22b531", "properties": {"id": "SEG-feed22b531", "name": "Eagle Street", "highway": "residential", "scope": "in_scope", "borough": "Brooklyn", "bridge": false, "tunnel": false, "status": "geometry_verified"}, "geometry": {"type": "LineString", "coordinates": [[-73.9524168, 40.7354141], [-73.9523273, 40.7354222], [-73.9518616, 40.7354658]]}}, {"type": "Feature", "id": "SEG-536b007204", "properties": {"id": "SEG-536b007204", "name": "Eagle Street", "highway": "residential", "scope": "in_scope", "borough": "Brooklyn", "bridge": false, "tunnel": false, "status": "geometry_verified"}, "geometry": {"type": "LineString", "coordinates": [[-73.9518616, 40.7354658], [-73.9501844, 40.7356271], [-73.9501255, 40.7356326], [-73.9500402, 40.7356404]]}}, {"type": "Feature", "id": "SEG-8528702b56", "properties": {"id": "SEG-8528702b56", "name": "Borden Avenue", "highway": "residential", "scope": "in_scope", "borough": "Queens", "bridge": false, "tunnel": false, "status": "inventoried"}, "geometry": {"type": "LineString", "coordinates": [[-73.9599679, 40.7423951], [-73.9598748, 40.7423756], [-73.9593875, 40.7422833], [-73.9590598, 40.7422174], [-73.9590009, 40.7422063], [-73.9589108, 40.7421891]]}}, {"type": "Feature", "id": "SEG-bb08726f9a", "properties": {"id": "SEG-bb08726f9a", "name": "Hunter Street", "highway": "residential", "scope": "in_scope", "borough": "Queens", "bridge": false, "tunnel": false, "status": "inventoried"}, "geometry": {"type": "LineString", "coordinates": [[-73.9416655, 40.7482416], [-73.941564, 40.7482783], [-73.9398726, 40.7488829], [-73.9397863, 40.748949], [-73.9397181, 40.7490021]]}}, {"type": "Feature", "id": "SEG-b1909fb7c7", "properties": {"id": "SEG-b1909fb7c7", "name": "", "highway": "motorway_link", "scope": "in_scope", "borough": "Queens", "bridge": false, "tunnel": false, "status": "geometry_verified"}, "geometry": {"type": "LineString", "coordinates": [[-73.9508408, 40.7420937], [-73.9509472, 40.7420817], [-73.9509685, 40.7420772], [-73.95099, 40.7420679], [-73.9510102, 40.742053], [-73.9510283, 40.7420288]]}}, {"type": "Feature", "id": "SEG-d60ef9ced3", "properties": {"id": "SEG-d60ef9ced3", "name": "Queens Plaza South", "highway": "secondary", "scope": "in_scope", "borough": "Queens", "bridge": false, "tunnel": false, "status": "inventoried"}, "geometry": {"type": "LineString", "coordinates": [[-73.9483949, 40.7540114], [-73.9485746, 40.7540775], [-73.9492162, 40.7542431], [-73.9493191, 40.7542683]]}}, {"type": "Feature", "id": "SEG-6c131004bb", "properties": {"id": "SEG-6c131004bb", "name": "28th Street", "highway": "residential", "scope": "in_scope", "borough": "Queens", "bridge": false, "tunnel": false, "status": "inventoried"}, "geometry": {"type": "LineString", "coordinates": [[-73.9352454, 40.7539432], [-73.9352961, 40.7538873], [-73.9363513, 40.7527277], [-73.936402, 40.752672]]}}, {"type": "Feature", "id": "SEG-3f3e5851e6", "properties": {"id": "SEG-3f3e5851e6", "name": "East 41st Street", "highway": "unclassified", "scope": "in_scope", "borough": "Manhattan", "bridge": false, "tunnel": false, "status": "inventoried"}, "geometry": {"type": "LineString", "coordinates": [[-73.96877, 40.7475579], [-73.9688044, 40.7475475], [-73.9688354, 40.747545], [-73.9688663, 40.7475517], [-73.9691332, 40.7476629], [-73.9694762, 40.7478058], [-73.9698993, 40.7479822], [-73.9700717, 40.748054], [-73.9701263, 40.7480768], [-73.9701455, 40.7480938], [-73.9701821, 40.7481335]]}}, {"type": "Feature", "id": "SEG-1314cea0b9", "properties": {"id": "SEG-1314cea0b9", "name": "Lorimer Street", "highway": "residential", "scope": "in_scope", "borough": "Brooklyn", "bridge": false, "tunnel": false, "status": "inventoried"}, "geometry": {"type": "LineString", "coordinates": [[-73.9541355, 40.7278571], [-73.9541001, 40.7278009], [-73.9536002, 40.7269129], [-73.9535824, 40.7268811], [-73.9535492, 40.7268212]]}}, {"type": "Feature", "id": "SEG-28d1ed2786", "properties": {"id": "SEG-28d1ed2786", "name": "Clay Street", "highway": "residential", "scope": "in_scope", "borough": "Brooklyn", "bridge": false, "tunnel": false, "status": "geometry_verified"}, "geometry": {"type": "LineString", "coordinates": [[-73.9553081, 40.7365857], [-73.9551924, 40.7365957], [-73.9531941, 40.7367845], [-73.9531773, 40.7367862], [-73.9530852, 40.7367955]]}}, {"type": "Feature", "id": "SEG-bfe0605be1", "properties": {"id": "SEG-bfe0605be1", "name": "Greenpoint Avenue", "highway": "primary", "scope": "in_scope", "borough": "Brooklyn", "bridge": false, "tunnel": false, "status": "inventoried"}, "geometry": {"type": "LineString", "coordinates": [[-73.9446033, 40.7320876], [-73.9446843, 40.7320586], [-73.9449714, 40.7319559], [-73.945517, 40.7317578]]}}, {"type": "Feature", "id": "SEG-b443c57a99", "properties": {"id": "SEG-b443c57a99", "name": "28th Street", "highway": "residential", "scope": "in_scope", "borough": "Queens", "bridge": false, "tunnel": false, "status": "inventoried"}, "geometry": {"type": "LineString", "coordinates": [[-73.934335, 40.755015], [-73.9343917, 40.7549483], [-73.9352031, 40.7539931], [-73.9352454, 40.7539432]]}}, {"type": "Feature", "id": "SEG-cda59ac9bb", "properties": {"id": "SEG-cda59ac9bb", "name": "Greenpoint Avenue", "highway": "primary", "scope": "in_scope", "borough": "Queens", "bridge": false, "tunnel": false, "status": "inventoried"}, "geometry": {"type": "LineString", "coordinates": [[-73.9374463, 40.7345565], [-73.9373904, 40.7345835], [-73.9373405, 40.7346071], [-73.9372887, 40.7346294], [-73.9367761, 40.7348199], [-73.9365056, 40.7349204], [-73.9364377, 40.7349465], [-73.9362915, 40.7350026]]}}, {"type": "Feature", "id": "SEG-518236cbf4", "properties": {"id": "SEG-518236cbf4", "name": "11th Street", "highway": "unclassified", "scope": "in_scope", "borough": "Queens", "bridge": false, "tunnel": false, "status": "geometry_verified"}, "geometry": {"type": "LineString", "coordinates": [[-73.9520389, 40.7403553], [-73.9522244, 40.7398252]]}}, {"type": "Feature", "id": "SEG-40332d4ac1", "properties": {"id": "SEG-40332d4ac1", "name": "40th Avenue", "highway": "residential", "scope": "in_scope", "borough": "Queens", "bridge": false, "tunnel": false, "status": "inventoried"}, "geometry": {"type": "LineString", "coordinates": [[-73.9347568, 40.7519655], [-73.9355446, 40.752262], [-73.935614, 40.752282]]}}, {"type": "Feature", "id": "SEG-dc2aeea439", "properties": {"id": "SEG-dc2aeea439", "name": "47th Avenue", "highway": "unclassified", "scope": "in_scope", "borough": "Queens", "bridge": false, "tunnel": false, "status": "inventoried"}, "geometry": {"type": "LineString", "coordinates": [[-73.9357999, 40.7430957], [-73.9357096, 40.7430851], [-73.9348703, 40.7429902]]}}, {"type": "Feature", "id": "SEG-dc3e9d77bd", "properties": {"id": "SEG-dc3e9d77bd", "name": "55th Avenue", "highway": "residential", "scope": "in_scope", "borough": "Queens", "bridge": false, "tunnel": false, "status": "inventoried"}, "geometry": {"type": "LineString", "coordinates": [[-73.9609062, 40.7403672], [-73.960806, 40.7403465], [-73.9597746, 40.7401482], [-73.9597008, 40.7401336], [-73.9596127, 40.7401161]]}}, {"type": "Feature", "id": "SEG-7e44c163ae", "properties": {"id": "SEG-7e44c163ae", "name": "29th Street", "highway": "residential", "scope": "in_scope", "borough": "Queens", "bridge": false, "tunnel": false, "status": "inventoried"}, "geometry": {"type": "LineString", "coordinates": [[-73.9361192, 40.7517237], [-73.9356813, 40.7522042], [-73.9356572, 40.7522327], [-73.935614, 40.752282]]}}, {"type": "Feature", "id": "SEG-99e70c6d83", "properties": {"id": "SEG-99e70c6d83", "name": "Oak Street", "highway": "residential", "scope": "in_scope", "borough": "Brooklyn", "bridge": false, "tunnel": false, "status": "inventoried"}, "geometry": {"type": "LineString", "coordinates": [[-73.960181, 40.7274495], [-73.9589772, 40.7275717], [-73.9588788, 40.7275959]]}}, {"type": "Feature", "id": "SEG-0068229410", "properties": {"id": "SEG-0068229410", "name": "Queens-Midtown Tunnel", "highway": "motorway", "scope": "in_scope", "borough": "Manhattan", "bridge": false, "tunnel": true, "status": "blocked"}, "geometry": {"type": "LineString", "coordinates": [[-73.9724756, 40.7456811], [-73.9722384, 40.7457695], [-73.972065, 40.7458799], [-73.9719297, 40.7459888], [-73.971733, 40.7461556], [-73.9709446, 40.7472356]]}}, {"type": "Feature", "id": "SEG-31391db259", "properties": {"id": "SEG-31391db259", "name": "", "highway": "service", "scope": "secondary", "borough": "Brooklyn", "bridge": false, "tunnel": false, "status": "geometry_verified"}, "geometry": {"type": "LineString", "coordinates": [[-73.9499895, 40.735319], [-73.950075, 40.7353113], [-73.9502567, 40.7352898], [-73.9502976, 40.7354625]]}}, {"type": "Feature", "id": "SEG-335f72e277", "properties": {"id": "SEG-335f72e277", "name": "Ed Koch Queensboro Bridge Lower Level", "highway": "trunk", "scope": "in_scope", "borough": "Queens", "bridge": false, "tunnel": false, "status": "inventoried"}, "geometry": {"type": "LineString", "coordinates": [[-73.940643, 40.7508942], [-73.941878, 40.7514253]]}}, {"type": "Feature", "id": "SEG-570d142b7c", "properties": {"id": "SEG-570d142b7c", "name": "West Street", "highway": "residential", "scope": "in_scope", "borough": "Brooklyn", "bridge": false, "tunnel": false, "status": "inventoried"}, "geometry": {"type": "LineString", "coordinates": [[-73.959233, 40.7297295], [-73.9592459, 40.7298122], [-73.9592639, 40.7299195], [-73.9593273, 40.7302991], [-73.9593306, 40.7303196], [-73.9593391, 40.7303735], [-73.9593494, 40.7304386]]}}, {"type": "Feature", "id": "SEG-101d163d66", "properties": {"id": "SEG-101d163d66", "name": "Box Street", "highway": "tertiary", "scope": "in_scope", "borough": "Brooklyn", "bridge": false, "tunnel": false, "status": "geometry_verified"}, "geometry": {"type": "LineString", "coordinates": [[-73.9564523, 40.7371956], [-73.955638, 40.7372721], [-73.9556008, 40.7372756], [-73.9555476, 40.737281], [-73.9554272, 40.7372958]]}}, {"type": "Feature", "id": "SEG-3dd175483f", "properties": {"id": "SEG-3dd175483f", "name": "Center Boulevard", "highway": "residential", "scope": "in_scope", "borough": "Queens", "bridge": false, "tunnel": false, "status": "geometry_verified"}, "geometry": {"type": "LineString", "coordinates": [[-73.9578086, 40.7449222], [-73.957904, 40.7448287]]}}, {"type": "Feature", "id": "SEG-97c1cc3f78", "properties": {"id": "SEG-97c1cc3f78", "name": "5th Street", "highway": "residential", "scope": "in_scope", "borough": "Queens", "bridge": false, "tunnel": false, "status": "geometry_verified"}, "geometry": {"type": "LineString", "coordinates": [[-73.9562086, 40.7438786], [-73.9562297, 40.7438168], [-73.9563135, 40.7435705], [-73.9564233, 40.7432494], [-73.9564373, 40.7431966]]}}, {"type": "Feature", "id": "SEG-eb464af4fe", "properties": {"id": "SEG-eb464af4fe", "name": "Manhattan Avenue", "highway": "tertiary", "scope": "in_scope", "borough": "Brooklyn", "bridge": false, "tunnel": false, "status": "inventoried"}, "geometry": {"type": "LineString", "coordinates": [[-73.9547276, 40.7330344], [-73.9547177, 40.7329754], [-73.9546561, 40.7326062], [-73.9546262, 40.7324273], [-73.9546196, 40.7323877], [-73.9546103, 40.7323299]]}}, {"type": "Feature", "id": "SEG-23415cd5d8", "properties": {"id": "SEG-23415cd5d8", "name": "Hunters Point Avenue", "highway": "unclassified", "scope": "in_scope", "borough": "Queens", "bridge": false, "tunnel": false, "status": "inventoried"}, "geometry": {"type": "LineString", "coordinates": [[-73.9349239, 40.7398393], [-73.9347142, 40.7397471], [-73.9345846, 40.7396908]]}}, {"type": "Feature", "id": "SEG-f41ee584e4", "properties": {"id": "SEG-f41ee584e4", "name": "23rd Street", "highway": "residential", "scope": "in_scope", "borough": "Queens", "bridge": false, "tunnel": false, "status": "inventoried"}, "geometry": {"type": "LineString", "coordinates": [[-73.9422771, 40.7512566], [-73.9422267, 40.7513096], [-73.9419164, 40.7516354], [-73.9418628, 40.7516905]]}}, {"type": "Feature", "id": "SEG-0e78d295c0", "properties": {"id": "SEG-0e78d295c0", "name": "Guernsey Street", "highway": "residential", "scope": "in_scope", "borough": "Brooklyn", "bridge": false, "tunnel": false, "status": "inventoried"}, "geometry": {"type": "LineString", "coordinates": [[-73.953442, 40.724873], [-73.9534821, 40.7249432], [-73.95434, 40.726445], [-73.9543606, 40.7264814], [-73.9543948, 40.7265416]]}}, {"type": "Feature", "id": "SEG-1c9902bfaa", "properties": {"id": "SEG-1c9902bfaa", "name": "Queens Plaza North", "highway": "tertiary", "scope": "in_scope", "borough": "Queens", "bridge": false, "tunnel": false, "status": "inventoried"}, "geometry": {"type": "LineString", "coordinates": [[-73.9386102, 40.7502624], [-73.9386927, 40.7502992], [-73.9393794, 40.7506012], [-73.9394341, 40.7506253]]}}, {"type": "Feature", "id": "SEG-e653779e6f", "properties": {"id": "SEG-e653779e6f", "name": "Vernon Boulevard", "highway": "unclassified", "scope": "in_scope", "borough": "Queens", "bridge": false, "tunnel": false, "status": "geometry_verified"}, "geometry": {"type": "LineString", "coordinates": [[-73.9548495, 40.7402571], [-73.9549498, 40.7399426]]}}, {"type": "Feature", "id": "SEG-5595c9f72d", "properties": {"id": "SEG-5595c9f72d", "name": "Jackson Avenue", "highway": "primary", "scope": "in_scope", "borough": "Queens", "bridge": false, "tunnel": false, "status": "inventoried"}, "geometry": {"type": "LineString", "coordinates": [[-73.9412696, 40.7476037], [-73.941496, 40.7475207]]}}, {"type": "Feature", "id": "SEG-c4dc97b264", "properties": {"id": "SEG-c4dc97b264", "name": "11th Street", "highway": "secondary", "scope": "in_scope", "borough": "Queens", "bridge": false, "tunnel": false, "status": "geometry_verified"}, "geometry": {"type": "LineString", "coordinates": [[-73.9505893, 40.745737], [-73.9506106, 40.7456738], [-73.9507018, 40.7454043], [-73.9508018, 40.7451087], [-73.9508224, 40.7450483]]}}, {"type": "Feature", "id": "SEG-3031522322", "properties": {"id": "SEG-3031522322", "name": "", "highway": "service", "scope": "secondary", "borough": "Queens", "bridge": false, "tunnel": false, "status": "inventoried"}, "geometry": {"type": "LineString", "coordinates": [[-73.9343325, 40.7529788], [-73.9347051, 40.7531738], [-73.9347665, 40.753206]]}}, {"type": "Feature", "id": "SEG-9665a46644", "properties": {"id": "SEG-9665a46644", "name": "27th Street", "highway": "residential", "scope": "in_scope", "borough": "Queens", "bridge": false, "tunnel": false, "status": "inventoried"}, "geometry": {"type": "LineString", "coordinates": [[-73.936009, 40.754341], [-73.9359618, 40.7543921], [-73.9351372, 40.7552858], [-73.9350982, 40.755328], [-73.93504, 40.755391]]}}, {"type": "Feature", "id": "SEG-a33e61f2d9", "properties": {"id": "SEG-a33e61f2d9", "name": "Queens Plaza South", "highway": "secondary", "scope": "in_scope", "borough": "Queens", "bridge": false, "tunnel": false, "status": "inventoried"}, "geometry": {"type": "LineString", "coordinates": [[-73.9459348, 40.7528399], [-73.9455709, 40.7526826], [-73.9452241, 40.7525211], [-73.9451046, 40.7524881]]}}, {"type": "Feature", "id": "SEG-f323662c38", "properties": {"id": "SEG-f323662c38", "name": "21st Street", "highway": "primary", "scope": "in_scope", "borough": "Queens", "bridge": false, "tunnel": false, "status": "inventoried"}, "geometry": {"type": "LineString", "coordinates": [[-73.9471114, 40.7488584], [-73.9470882, 40.7489249], [-73.9470575, 40.7490199], [-73.9470457, 40.7490505], [-73.9470311, 40.7490822], [-73.9470158, 40.7491057], [-73.9469958, 40.7491309], [-73.9467158, 40.7494533], [-73.9466666, 40.7495081]]}}, {"type": "Feature", "id": "SEG-6c81dc082b", "properties": {"id": "SEG-6c81dc082b", "name": "9th Street", "highway": "residential", "scope": "in_scope", "borough": "Queens", "bridge": false, "tunnel": false, "status": "inventoried"}, "geometry": {"type": "LineString", "coordinates": [[-73.9514708, 40.7504378], [-73.9515192, 40.7503818], [-73.9517594, 40.7501034], [-73.9519302, 40.7499056], [-73.9519662, 40.7498647], [-73.9520131, 40.7498105]]}}, {"type": "Feature", "id": "SEG-3196338389", "properties": {"id": "SEG-3196338389", "name": "McGuinness Boulevard", "highway": "tertiary", "scope": "in_scope", "borough": "Brooklyn", "bridge": false, "tunnel": false, "status": "geometry_verified"}, "geometry": {"type": "LineString", "coordinates": [[-73.9529675, 40.7360817], [-73.9529124, 40.7357486], [-73.9528696, 40.7354903], [-73.9528619, 40.7354446], [-73.9528495, 40.7353684]]}}, {"type": "Feature", "id": "SEG-de4b6f1e11", "properties": {"id": "SEG-de4b6f1e11", "name": "", "highway": "service", "scope": "secondary", "borough": "Brooklyn", "bridge": false, "tunnel": false, "status": "inventoried"}, "geometry": {"type": "LineString", "coordinates": [[-73.953871, 40.7324001], [-73.953859, 40.7323433], [-73.9538093, 40.7321095]]}}, {"type": "Feature", "id": "SEG-a4ca57284e", "properties": {"id": "SEG-a4ca57284e", "name": "51st Avenue", "highway": "residential", "scope": "in_scope", "borough": "Queens", "bridge": false, "tunnel": false, "status": "inventoried"}, "geometry": {"type": "LineString", "coordinates": [[-73.9586943, 40.7428732], [-73.9587879, 40.7428907], [-73.9593469, 40.7429975], [-73.95968, 40.7430613], [-73.959789, 40.7430837]]}}, {"type": "Feature", "id": "SEG-9737ef842c", "properties": {"id": "SEG-9737ef842c", "name": "", "highway": "service", "scope": "secondary", "borough": "Queens", "bridge": false, "tunnel": false, "status": "inventoried"}, "geometry": {"type": "LineString", "coordinates": [[-73.9399879, 40.7361947], [-73.9400348, 40.7361987], [-73.9400724, 40.7362353]]}}, {"type": "Feature", "id": "SEG-ac53b984cc", "properties": {"id": "SEG-ac53b984cc", "name": "", "highway": "service", "scope": "secondary", "borough": "Queens", "bridge": false, "tunnel": false, "status": "inventoried"}, "geometry": {"type": "LineString", "coordinates": [[-73.9400724, 40.7362353], [-73.9402014, 40.7364373]]}}, {"type": "Feature", "id": "SEG-785c75ffcc", "properties": {"id": "SEG-785c75ffcc", "name": "11th Street", "highway": "secondary", "scope": "in_scope", "borough": "Queens", "bridge": false, "tunnel": false, "status": "geometry_verified"}, "geometry": {"type": "LineString", "coordinates": [[-73.9498872, 40.7478119], [-73.9499088, 40.7477479], [-73.9501004, 40.7471819], [-73.9501204, 40.7471228]]}}, {"type": "Feature", "id": "SEG-ba2a983c1e", "properties": {"id": "SEG-ba2a983c1e", "name": "Mitchell Place", "highway": "residential", "scope": "in_scope", "borough": "Manhattan", "bridge": false, "tunnel": false, "status": "inventoried"}, "geometry": {"type": "LineString", "coordinates": [[-73.964811, 40.753314], [-73.9648503, 40.753262], [-73.965201, 40.752772], [-73.9664186, 40.7532836], [-73.9665034, 40.7533202]]}}, {"type": "Feature", "id": "SEG-dbd8e95a81", "properties": {"id": "SEG-dbd8e95a81", "name": "Jackson Avenue", "highway": "primary", "scope": "in_scope", "borough": "Queens", "bridge": false, "tunnel": false, "status": "geometry_verified"}, "geometry": {"type": "LineString", "coordinates": [[-73.9510762, 40.7433558], [-73.9510329, 40.7433768], [-73.9507136, 40.7435472]]}}, {"type": "Feature", "id": "SEG-6a0ec9fcf4", "properties": {"id": "SEG-6a0ec9fcf4", "name": "Brooklyn-Queens Expressway", "highway": "motorway", "scope": "in_scope", "borough": "Queens", "bridge": true, "tunnel": false, "status": "inventoried"}, "geometry": {"type": "LineString", "coordinates": [[-73.9230947, 40.7340597], [-73.9226233, 40.7342466]]}}, {"type": "Feature", "id": "SEG-416ca139f4", "properties": {"id": "SEG-416ca139f4", "name": "Gale Avenue", "highway": "unclassified", "scope": "in_scope", "borough": "Queens", "bridge": false, "tunnel": false, "status": "inventoried"}, "geometry": {"type": "LineString", "coordinates": [[-73.9330679, 40.7369967], [-73.9330651, 40.7369803], [-73.9330565, 40.7369641], [-73.9330426, 40.7369381], [-73.933017, 40.7368962], [-73.9328529, 40.736637], [-73.9327369, 40.7364609], [-73.9327157, 40.7364297], [-73.9326659, 40.7363566]]}}, {"type": "Feature", "id": "SEG-ce86d1120c", "properties": {"id": "SEG-ce86d1120c", "name": "", "highway": "service", "scope": "secondary", "borough": "Brooklyn", "bridge": false, "tunnel": false, "status": "inventoried"}, "geometry": {"type": "LineString", "coordinates": [[-73.9479645, 40.7305739], [-73.9479891, 40.730623]]}}, {"type": "Feature", "id": "SEG-5146dfd1bf", "properties": {"id": "SEG-5146dfd1bf", "name": "11th Street", "highway": "secondary", "scope": "in_scope", "borough": "Queens", "bridge": false, "tunnel": false, "status": "geometry_verified"}, "geometry": {"type": "LineString", "coordinates": [[-73.950723, 40.7450298], [-73.9507037, 40.7450885], [-73.9506254, 40.7453262], [-73.9505648, 40.7455101], [-73.9505173, 40.7456543], [-73.9504959, 40.7457192]]}}, {"type": "Feature", "id": "SEG-1ca00dbac2", "properties": {"id": "SEG-1ca00dbac2", "name": "49th Avenue", "highway": "residential", "scope": "in_scope", "borough": "Queens", "bridge": false, "tunnel": false, "status": "geometry_verified"}, "geometry": {"type": "LineString", "coordinates": [[-73.9562086, 40.7438786], [-73.9561256, 40.7438627], [-73.9546876, 40.7435866]]}}, {"type": "Feature", "id": "SEG-6e94ac4e7a", "properties": {"id": "SEG-6e94ac4e7a", "name": "49th Avenue", "highway": "residential", "scope": "in_scope", "borough": "Queens", "bridge": false, "tunnel": false, "status": "geometry_verified"}, "geometry": {"type": "LineString", "coordinates": [[-73.9546876, 40.7435866], [-73.9539821, 40.7434512], [-73.9538694, 40.7434296]]}}, {"type": "Feature", "id": "SEG-66845a7e81", "properties": {"id": "SEG-66845a7e81", "name": "45th Avenue", "highway": "residential", "scope": "in_scope", "borough": "Queens", "bridge": false, "tunnel": false, "status": "geometry_verified"}, "geometry": {"type": "LineString", "coordinates": [[-73.9438229, 40.746613], [-73.943846, 40.746621], [-73.9438808, 40.7466332], [-73.943916, 40.7466439], [-73.9439546, 40.7466542], [-73.9451423, 40.7468883], [-73.9451913, 40.7468979], [-73.9453036, 40.7469204]]}}, {"type": "Feature", "id": "SEG-03a3ad8237", "properties": {"id": "SEG-03a3ad8237", "name": "", "highway": "service", "scope": "secondary", "borough": "Queens", "bridge": false, "tunnel": false, "status": "inventoried"}, "geometry": {"type": "LineString", "coordinates": [[-73.9347666, 40.7387644], [-73.9346202, 40.7387438], [-73.9346062, 40.7387453]]}}, {"type": "Feature", "id": "SEG-64ce0f8c4f", "properties": {"id": "SEG-64ce0f8c4f", "name": "", "highway": "service", "scope": "secondary", "borough": "Queens", "bridge": false, "tunnel": false, "status": "inventoried"}, "geometry": {"type": "LineString", "coordinates": [[-73.9346062, 40.7387453], [-73.9344858, 40.7387622], [-73.9343693, 40.7388139]]}}, {"type": "Feature", "id": "SEG-606acd2091", "properties": {"id": "SEG-606acd2091", "name": "", "highway": "service", "scope": "secondary", "borough": "Queens", "bridge": false, "tunnel": false, "status": "inventoried"}, "geometry": {"type": "LineString", "coordinates": [[-73.9343693, 40.7388139], [-73.9343395, 40.7388296], [-73.9342687, 40.7388779]]}}, {"type": "Feature", "id": "SEG-976d40a8d8", "properties": {"id": "SEG-976d40a8d8", "name": "", "highway": "motorway_link", "scope": "in_scope", "borough": "Queens", "bridge": true, "tunnel": false, "status": "blocked"}, "geometry": {"type": "LineString", "coordinates": [[-73.9343017, 40.737813], [-73.9343397, 40.7377972], [-73.9343927, 40.7377798], [-73.9344512, 40.7377655], [-73.9345079, 40.7377522], [-73.9345685, 40.7377428], [-73.9346209, 40.7377402], [-73.9346663, 40.7377391], [-73.9347175, 40.7377415], [-73.9347547, 40.737746], [-73.9348127, 40.737755], [-73.9356998, 40.7378951], [-73.9365309, 40.7379212]]}}, {"type": "Feature", "id": "SEG-d6e0a761b4", "properties": {"id": "SEG-d6e0a761b4", "name": "Huron Street", "highway": "residential", "scope": "in_scope", "borough": "Brooklyn", "bridge": false, "tunnel": false, "status": "inventoried"}, "geometry": {"type": "LineString", "coordinates": [[-73.9496921, 40.733516], [-73.9497847, 40.7335072], [-73.9509406, 40.7333977]]}}, {"type": "Feature", "id": "SEG-d45b07351f", "properties": {"id": "SEG-d45b07351f", "name": "Huron Street", "highway": "residential", "scope": "in_scope", "borough": "Brooklyn", "bridge": false, "tunnel": false, "status": "inventoried"}, "geometry": {"type": "LineString", "coordinates": [[-73.9509406, 40.7333977], [-73.9518075, 40.7333124]]}}, {"type": "Feature", "id": "SEG-e7692a0254", "properties": {"id": "SEG-e7692a0254", "name": "Huron Street", "highway": "residential", "scope": "in_scope", "borough": "Brooklyn", "bridge": false, "tunnel": false, "status": "inventoried"}, "geometry": {"type": "LineString", "coordinates": [[-73.9518075, 40.7333124], [-73.9519651, 40.7332977], [-73.9520628, 40.7332869]]}}, {"type": "Feature", "id": "SEG-5908238189", "properties": {"id": "SEG-5908238189", "name": "10th Street", "highway": "residential", "scope": "in_scope", "borough": "Queens", "bridge": false, "tunnel": false, "status": "inventoried"}, "geometry": {"type": "LineString", "coordinates": [[-73.9516444, 40.7489444], [-73.9515593, 40.749038], [-73.9511118, 40.7495682], [-73.9510661, 40.7496217]]}}, {"type": "Feature", "id": "SEG-ecc2e378cc", "properties": {"id": "SEG-ecc2e378cc", "name": "44th Road", "highway": "residential", "scope": "in_scope", "borough": "Queens", "bridge": false, "tunnel": false, "status": "inventoried"}, "geometry": {"type": "LineString", "coordinates": [[-73.9447725, 40.7484073], [-73.9449026, 40.7484323], [-73.9453507, 40.7485187]]}}, {"type": "Feature", "id": "SEG-d0f07842b4", "properties": {"id": "SEG-d0f07842b4", "name": "44th Road", "highway": "residential", "scope": "in_scope", "borough": "Queens", "bridge": false, "tunnel": false, "status": "inventoried"}, "geometry": {"type": "LineString", "coordinates": [[-73.9453507, 40.7485187], [-73.9469936, 40.7488357], [-73.9471114, 40.7488584]]}}, {"type": "Feature", "id": "SEG-65c5087134", "properties": {"id": "SEG-65c5087134", "name": "Vernon Boulevard", "highway": "secondary", "scope": "in_scope", "borough": "Queens", "bridge": false, "tunnel": false, "status": "inventoried"}, "geometry": {"type": "LineString", "coordinates": [[-73.9522616, 40.7505913], [-73.9522543, 40.7503852], [-73.9522358, 40.7499025], [-73.9522338, 40.7498436]]}}, {"type": "Feature", "id": "SEG-e1c5ab6774", "properties": {"id": "SEG-e1c5ab6774", "name": "", "highway": "service", "scope": "secondary", "borough": "Queens", "bridge": false, "tunnel": false, "status": "inventoried"}, "geometry": {"type": "LineString", "coordinates": [[-73.9380521, 40.7346386], [-73.9380657, 40.7346454], [-73.9381509, 40.7346976], [-73.9381852, 40.7347181]]}}, {"type": "Feature", "id": "SEG-83522c78dd", "properties": {"id": "SEG-83522c78dd", "name": "Provost Street", "highway": "tertiary", "scope": "in_scope", "borough": "Brooklyn", "bridge": false, "tunnel": false, "status": "inventoried"}, "geometry": {"type": "LineString", "coordinates": [[-73.9494623, 40.7321031], [-73.9495793, 40.7328074]]}}, {"type": "Feature", "id": "SEG-b0e42dd742", "properties": {"id": "SEG-b0e42dd742", "name": "", "highway": "service", "scope": "secondary", "borough": "Brooklyn", "bridge": false, "tunnel": false, "status": "geometry_verified"}, "geometry": {"type": "LineString", "coordinates": [[-73.9526945, 40.7380819], [-73.9527625, 40.7380753], [-73.9528445, 40.7380674]]}}, {"type": "Feature", "id": "SEG-918983e5b6", "properties": {"id": "SEG-918983e5b6", "name": "", "highway": "service", "scope": "secondary", "borough": "Brooklyn", "bridge": false, "tunnel": false, "status": "geometry_verified"}, "geometry": {"type": "LineString", "coordinates": [[-73.9564614, 40.7377249], [-73.9569269, 40.7381729]]}}, {"type": "Feature", "id": "SEG-e8fd479ef5", "properties": {"id": "SEG-e8fd479ef5", "name": "", "highway": "service", "scope": "secondary", "borough": "Brooklyn", "bridge": false, "tunnel": false, "status": "geometry_verified"}, "geometry": {"type": "LineString", "coordinates": [[-73.9569269, 40.7381729], [-73.9569926, 40.7382339], [-73.9570222, 40.7382462], [-73.95707, 40.7382352], [-73.9571709, 40.7381775], [-73.9571806, 40.738162], [-73.9571714, 40.7381365], [-73.9571307, 40.7380973], [-73.9570786, 40.7380955]]}}, {"type": "Feature", "id": "SEG-30d5086d5c", "properties": {"id": "SEG-30d5086d5c", "name": "Java Street", "highway": "unclassified", "scope": "in_scope", "borough": "Brooklyn", "bridge": false, "tunnel": false, "status": "inventoried"}, "geometry": {"type": "LineString", "coordinates": [[-73.9594665, 40.7311471], [-73.9595659, 40.7311382], [-73.9596175, 40.7311331], [-73.9613132, 40.7309706]]}}, {"type": "Feature", "id": "SEG-a9a424da00", "properties": {"id": "SEG-a9a424da00", "name": "Saint Rose Avenue", "highway": "service", "scope": "secondary", "borough": "Queens", "bridge": false, "tunnel": false, "status": "inventoried"}, "geometry": {"type": "LineString", "coordinates": [[-73.9313033, 40.7322849], [-73.9315713, 40.7324277], [-73.9321562, 40.7329404], [-73.9324291, 40.7331795], [-73.9325573, 40.7332933], [-73.93271, 40.7334288], [-73.9328667, 40.733568], [-73.9330206, 40.7337047], [-73.9331775, 40.7338462], [-73.9332307, 40.7338911], [-73.9334596, 40.7340944], [-73.9338593, 40.7344433], [-73.9338994, 40.7344844], [-73.9339297, 40.7345182], [-73.9339551, 40.734552], [-73.9339794, 40.7345888]]}}, {"type": "Feature", "id": "SEG-574e2a9a05", "properties": {"id": "SEG-574e2a9a05", "name": "Saint Rose Avenue", "highway": "service", "scope": "secondary", "borough": "Queens", "bridge": false, "tunnel": false, "status": "inventoried"}, "geometry": {"type": "LineString", "coordinates": [[-73.9339794, 40.7345888], [-73.9344704, 40.7353518], [-73.9344842, 40.7353798], [-73.9344891, 40.7354024], [-73.9344909, 40.7354245], [-73.934486, 40.7354477]]}}, {"type": "Feature", "id": "SEG-7b62f773b7", "properties": {"id": "SEG-7b62f773b7", "name": "Jackson Avenue", "highway": "primary", "scope": "in_scope", "borough": "Queens", "bridge": false, "tunnel": false, "status": "geometry_verified"}, "geometry": {"type": "LineString", "coordinates": [[-73.9461769, 40.7456135], [-73.945746, 40.7457814], [-73.9456423, 40.7458232]]}}, {"type": "Feature", "id": "SEG-2ea7efef12", "properties": {"id": "SEG-2ea7efef12", "name": "11th Street", "highway": "secondary", "scope": "in_scope", "borough": "Queens", "bridge": false, "tunnel": false, "status": "geometry_verified"}, "geometry": {"type": "LineString", "coordinates": [[-73.9500382, 40.7471086], [-73.9500188, 40.7471676], [-73.949842, 40.7477042], [-73.9498327, 40.7477324], [-73.9498113, 40.7477976]]}}, {"type": "Feature", "id": "SEG-34a6907746", "properties": {"id": "SEG-34a6907746", "name": "Thomas Street", "highway": "unclassified", "scope": "in_scope", "borough": "Brooklyn", "bridge": false, "tunnel": false, "status": "inventoried"}, "geometry": {"type": "LineString", "coordinates": [[-73.93491, 40.725476], [-73.933344, 40.725826]]}}, {"type": "Feature", "id": "SEG-16471cb0a1", "properties": {"id": "SEG-16471cb0a1", "name": "Meeker Avenue", "highway": "residential", "scope": "in_scope", "borough": "Brooklyn", "bridge": false, "tunnel": false, "status": "inventoried"}, "geometry": {"type": "LineString", "coordinates": [[-73.935398, 40.725907], [-73.9353292, 40.7259572], [-73.9351803, 40.7260658], [-73.935062, 40.7261521], [-73.9341918, 40.7267925], [-73.934146, 40.7268262]]}}, {"type": "Feature", "id": "SEG-ba9ae372cc", "properties": {"id": "SEG-ba9ae372cc", "name": "", "highway": "primary_link", "scope": "in_scope", "borough": "Queens", "bridge": false, "tunnel": false, "status": "geometry_verified"}, "geometry": {"type": "LineString", "coordinates": [[-73.9522145, 40.7423708], [-73.9523103, 40.7424332], [-73.9523312, 40.7424498], [-73.952347, 40.7424662], [-73.9523588, 40.742485], [-73.9523702, 40.7425082], [-73.9523747, 40.7425319], [-73.9523784, 40.7425624], [-73.9523902, 40.7426909]]}}, {"type": "Feature", "id": "SEG-a5cce9518c", "properties": {"id": "SEG-a5cce9518c", "name": "", "highway": "service", "scope": "secondary", "borough": "Queens", "bridge": false, "tunnel": false, "status": "inventoried"}, "geometry": {"type": "LineString", "coordinates": [[-73.933723, 40.7460534], [-73.933687, 40.7460663]]}}, {"type": "Feature", "id": "SEG-bc8d6a204b", "properties": {"id": "SEG-bc8d6a204b", "name": "", "highway": "service", "scope": "secondary", "borough": "Queens", "bridge": false, "tunnel": false, "status": "inventoried"}, "geometry": {"type": "LineString", "coordinates": [[-73.933687, 40.7460663], [-73.9336944, 40.7461155], [-73.9337049, 40.746185]]}}, {"type": "Feature", "id": "SEG-f5659d62e7", "properties": {"id": "SEG-f5659d62e7", "name": "McGuinness Boulevard", "highway": "primary", "scope": "in_scope", "borough": "Brooklyn", "bridge": false, "tunnel": false, "status": "inventoried"}, "geometry": {"type": "LineString", "coordinates": [[-73.9519711, 40.731859], [-73.9519622, 40.7317988], [-73.9519247, 40.7315886], [-73.9518615, 40.7312115], [-73.9518504, 40.7311535]]}}, {"type": "Feature", "id": "SEG-ea9b621139", "properties": {"id": "SEG-ea9b621139", "name": "Pulaski Bridge", "highway": "primary", "scope": "in_scope", "borough": "Brooklyn", "bridge": true, "tunnel": false, "status": "geometry_verified"}, "geometry": {"type": "LineString", "coordinates": [[-73.9527648, 40.7367336], [-73.9529152, 40.737648], [-73.9529261, 40.7377495], [-73.9529291, 40.7378509], [-73.9529256, 40.7379569], [-73.9529129, 40.7380551], [-73.9528852, 40.7381759], [-73.9528542, 40.7382926], [-73.9528321, 40.7383585], [-73.9527873, 40.7384923], [-73.9526108, 40.7390196], [-73.9524744, 40.739423], [-73.9523048, 40.7399437], [-73.9522583, 40.7400866], [-73.9520739, 40.7406427], [-73.9515452, 40.7421855], [-73.951497, 40.7423262]]}}, {"type": "Feature", "id": "SEG-8d8110cc23", "properties": {"id": "SEG-8d8110cc23", "name": "Borden Avenue", "highway": "secondary", "scope": "in_scope", "borough": "Queens", "bridge": false, "tunnel": false, "status": "inventoried"}, "geometry": {"type": "LineString", "coordinates": [[-73.9342951, 40.7373444], [-73.9333958, 40.7371708], [-73.9332038, 40.7371417], [-73.9330306, 40.7371152]]}}, {"type": "Feature", "id": "SEG-2e59fe622b", "properties": {"id": "SEG-2e59fe622b", "name": "Borden Avenue", "highway": "secondary", "scope": "in_scope", "borough": "Queens", "bridge": false, "tunnel": false, "status": "inventoried"}, "geometry": {"type": "LineString", "coordinates": [[-73.9399264, 40.7387367], [-73.9399531, 40.738712], [-73.9399764, 40.7386957], [-73.9400055, 40.7386802], [-73.9400619, 40.7386582], [-73.940112, 40.7386393], [-73.9401505, 40.7386272], [-73.9401834, 40.7386219], [-73.9402243, 40.7386191], [-73.9402688, 40.7386206], [-73.9406589, 40.7386473]]}}, {"type": "Feature", "id": "SEG-260e3ce55e", "properties": {"id": "SEG-260e3ce55e", "name": "Vernon Boulevard", "highway": "secondary", "scope": "in_scope", "borough": "Queens", "bridge": false, "tunnel": false, "status": "inventoried"}, "geometry": {"type": "LineString", "coordinates": [[-73.9509023, 40.7524399], [-73.9509417, 40.7523957], [-73.9509937, 40.7523349], [-73.9510943, 40.7522174], [-73.9515238, 40.7517153], [-73.9517311, 40.7514736], [-73.9518048, 40.7513903], [-73.9520088, 40.7511544], [-73.9522164, 40.7509158], [-73.9522335, 40.7508928], [-73.9522472, 40.7508701], [-73.9522558, 40.7508477], [-73.952261, 40.7508203], [-73.9522632, 40.7507915], [-73.9522639, 40.7507626], [-73.9522616, 40.7505913]]}}, {"type": "Feature", "id": "SEG-a2f13e8eb7", "properties": {"id": "SEG-a2f13e8eb7", "name": "44th Avenue", "highway": "residential", "scope": "in_scope", "borough": "Queens", "bridge": false, "tunnel": false, "status": "inventoried"}, "geometry": {"type": "LineString", "coordinates": [[-73.9454671, 40.7492779], [-73.9451222, 40.749211]]}}, {"type": "Feature", "id": "SEG-f450922c40", "properties": {"id": "SEG-f450922c40", "name": "44th Avenue", "highway": "residential", "scope": "in_scope", "borough": "Queens", "bridge": false, "tunnel": false, "status": "inventoried"}, "geometry": {"type": "LineString", "coordinates": [[-73.9451222, 40.749211], [-73.9444453, 40.7490796], [-73.9443798, 40.7490682], [-73.94426, 40.7490431]]}}, {"type": "Feature", "id": "SEG-43a03031f2", "properties": {"id": "SEG-43a03031f2", "name": "", "highway": "service", "scope": "secondary", "borough": "Brooklyn", "bridge": false, "tunnel": false, "status": "inventoried"}, "geometry": {"type": "LineString", "coordinates": [[-73.9485754, 40.7307574], [-73.9485478, 40.7306555], [-73.948542, 40.7306417]]}}, {"type": "Feature", "id": "SEG-88b1efe7a4", "properties": {"id": "SEG-88b1efe7a4", "name": "", "highway": "service", "scope": "secondary", "borough": "Brooklyn", "bridge": false, "tunnel": false, "status": "inventoried"}, "geometry": {"type": "LineString", "coordinates": [[-73.948542, 40.7306417], [-73.9484804, 40.730494]]}}, {"type": "Feature", "id": "SEG-01d8c872c7", "properties": {"id": "SEG-01d8c872c7", "name": "", "highway": "service", "scope": "secondary", "borough": "Brooklyn", "bridge": false, "tunnel": false, "status": "inventoried"}, "geometry": {"type": "LineString", "coordinates": [[-73.9484804, 40.730494], [-73.9484679, 40.7304653], [-73.9484563, 40.7304375], [-73.9484273, 40.7303814], [-73.9483876, 40.7303148], [-73.9483533, 40.7302717], [-73.94832, 40.7302538], [-73.9482728, 40.7302351], [-73.9482181, 40.730231], [-73.9481698, 40.7302408], [-73.9478924, 40.7303371]]}}, {"type": "Feature", "id": "SEG-3bedf4d0e2", "properties": {"id": "SEG-3bedf4d0e2", "name": "", "highway": "service", "scope": "secondary", "borough": "Brooklyn", "bridge": false, "tunnel": false, "status": "inventoried"}, "geometry": {"type": "LineString", "coordinates": [[-73.9478924, 40.7303371], [-73.9478418, 40.7303539]]}}, {"type": "Feature", "id": "SEG-03c252762c", "properties": {"id": "SEG-03c252762c", "name": "", "highway": "service", "scope": "secondary", "borough": "Brooklyn", "bridge": false, "tunnel": false, "status": "inventoried"}, "geometry": {"type": "LineString", "coordinates": [[-73.9478418, 40.7303539], [-73.9477856, 40.7303742]]}}, {"type": "Feature", "id": "SEG-7cfeb903b3", "properties": {"id": "SEG-7cfeb903b3", "name": "", "highway": "service", "scope": "secondary", "borough": "Brooklyn", "bridge": false, "tunnel": false, "status": "inventoried"}, "geometry": {"type": "LineString", "coordinates": [[-73.9477856, 40.7303742], [-73.9477374, 40.7303909], [-73.9477846, 40.7304763], [-73.9478319, 40.7305552], [-73.9478964, 40.7306544]]}}, {"type": "Feature", "id": "SEG-304320d6ed", "properties": {"id": "SEG-304320d6ed", "name": "", "highway": "service", "scope": "secondary", "borough": "Brooklyn", "bridge": false, "tunnel": false, "status": "inventoried"}, "geometry": {"type": "LineString", "coordinates": [[-73.9478964, 40.7306544], [-73.9479501, 40.7307508]]}}, {"type": "Feature", "id": "SEG-2c17004139", "properties": {"id": "SEG-2c17004139", "name": "", "highway": "service", "scope": "secondary", "borough": "Brooklyn", "bridge": false, "tunnel": false, "status": "inventoried"}, "geometry": {"type": "LineString", "coordinates": [[-73.9479501, 40.7307508], [-73.9479592, 40.7307672], [-73.9480166, 40.7308675]]}}, {"type": "Feature", "id": "SEG-467d2d61e4", "properties": {"id": "SEG-467d2d61e4", "name": "49th Avenue", "highway": "unclassified", "scope": "in_scope", "borough": "Queens", "bridge": false, "tunnel": false, "status": "inventoried"}, "geometry": {"type": "LineString", "coordinates": [[-73.9426441, 40.7412542], [-73.9423912, 40.7412047], [-73.9422986, 40.7411894]]}}, {"type": "Feature", "id": "SEG-e5112429fb", "properties": {"id": "SEG-e5112429fb", "name": "2nd Avenue", "highway": "primary", "scope": "in_scope", "borough": "Manhattan", "bridge": false, "tunnel": false, "status": "inventoried"}, "geometry": {"type": "LineString", "coordinates": [[-73.9676181, 40.7561457], [-73.9676625, 40.756082], [-73.96802, 40.7555658], [-73.9680652, 40.7555038]]}}, {"type": "Feature", "id": "SEG-70e0a022b8", "properties": {"id": "SEG-70e0a022b8", "name": "Nassau Avenue", "highway": "residential", "scope": "in_scope", "borough": "Brooklyn", "bridge": false, "tunnel": false, "status": "inventoried"}, "geometry": {"type": "LineString", "coordinates": [[-73.93701, 40.726327], [-73.9369455, 40.7263337], [-73.93621, 40.7264099], [-73.9361617, 40.7264123], [-73.9360815, 40.7264162]]}}, {"type": "Feature", "id": "SEG-8af7da0c5d", "properties": {"id": "SEG-8af7da0c5d", "name": "11th Street", "highway": "residential", "scope": "in_scope", "borough": "Queens", "bridge": false, "tunnel": false, "status": "geometry_verified"}, "geometry": {"type": "LineString", "coordinates": [[-73.951413, 40.7422151], [-73.9513895, 40.7422852], [-73.9512218, 40.742797], [-73.9512108, 40.7428129], [-73.9511963, 40.7428271], [-73.9511785, 40.7428394], [-73.9511551, 40.7428483], [-73.9511084, 40.7428557], [-73.9510573, 40.7428631]]}}, {"type": "Feature", "id": "SEG-f45b6b581c", "properties": {"id": "SEG-f45b6b581c", "name": "Provost Street", "highway": "tertiary", "scope": "in_scope", "borough": "Brooklyn", "bridge": false, "tunnel": false, "status": "inventoried"}, "geometry": {"type": "LineString", "coordinates": [[-73.9493477, 40.7313945], [-73.9494623, 40.7321031]]}}, {"type": "Feature", "id": "SEG-1ad0b2c3b2", "properties": {"id": "SEG-1ad0b2c3b2", "name": "", "highway": "service", "scope": "secondary", "borough": "Brooklyn", "bridge": false, "tunnel": false, "status": "inventoried"}, "geometry": {"type": "LineString", "coordinates": [[-73.9468482, 40.7327882], [-73.945954, 40.7328732], [-73.9458132, 40.7329464], [-73.9449515, 40.7330373]]}}, {"type": "Feature", "id": "SEG-d2557b75ed", "properties": {"id": "SEG-d2557b75ed", "name": "", "highway": "service", "scope": "secondary", "borough": "Brooklyn", "bridge": false, "tunnel": false, "status": "inventoried"}, "geometry": {"type": "LineString", "coordinates": [[-73.9449515, 40.7330373], [-73.944748, 40.7330588]]}}, {"type": "Feature", "id": "SEG-8d5272091c", "properties": {"id": "SEG-8d5272091c", "name": "", "highway": "service", "scope": "secondary", "borough": "Brooklyn", "bridge": false, "tunnel": false, "status": "inventoried"}, "geometry": {"type": "LineString", "coordinates": [[-73.9596928, 40.7282483], [-73.9596775, 40.7281595]]}}, {"type": "Feature", "id": "SEG-bd62e08602", "properties": {"id": "SEG-bd62e08602", "name": "", "highway": "service", "scope": "secondary", "borough": "Brooklyn", "bridge": false, "tunnel": false, "status": "inventoried"}, "geometry": {"type": "LineString", "coordinates": [[-73.9478418, 40.7303539], [-73.9477963, 40.7302354], [-73.9477796, 40.730206], [-73.9477648, 40.7301915], [-73.947747, 40.7301878], [-73.9477051, 40.7301934], [-73.9476816, 40.7302028]]}}, {"type": "Feature", "id": "SEG-c286260028", "properties": {"id": "SEG-c286260028", "name": "", "highway": "service", "scope": "secondary", "borough": "Brooklyn", "bridge": false, "tunnel": false, "status": "inventoried"}, "geometry": {"type": "LineString", "coordinates": [[-73.9603237, 40.7339449], [-73.9603848, 40.7340322], [-73.9604588, 40.7344613]]}}, {"type": "Feature", "id": "SEG-098e0d4fc1", "properties": {"id": "SEG-098e0d4fc1", "name": "", "highway": "service", "scope": "secondary", "borough": "Brooklyn", "bridge": false, "tunnel": false, "status": "inventoried"}, "geometry": {"type": "LineString", "coordinates": [[-73.9603237, 40.7339449], [-73.960309, 40.73387], [-73.9602722, 40.733795], [-73.9602, 40.7334044], [-73.960355, 40.7333907]]}}, {"type": "Feature", "id": "SEG-9e89e774c2", "properties": {"id": "SEG-9e89e774c2", "name": "", "highway": "service", "scope": "secondary", "borough": "Brooklyn", "bridge": false, "tunnel": false, "status": "inventoried"}, "geometry": {"type": "LineString", "coordinates": [[-73.960355, 40.7333907], [-73.9605443, 40.7333743]]}}, {"type": "Feature", "id": "SEG-47e6e6982b", "properties": {"id": "SEG-47e6e6982b", "name": "1st Avenue Tunnel", "highway": "primary", "scope": "in_scope", "borough": "Manhattan", "bridge": false, "tunnel": false, "status": "inventoried"}, "geometry": {"type": "LineString", "coordinates": [[-73.9703956, 40.747991], [-73.9702798, 40.7481442], [-73.9698813, 40.7486877]]}}, {"type": "Feature", "id": "SEG-fd83f52bf1", "properties": {"id": "SEG-fd83f52bf1", "name": "FDR Drive", "highway": "motorway", "scope": "in_scope", "borough": "Manhattan", "bridge": false, "tunnel": false, "status": "inventoried"}, "geometry": {"type": "LineString", "coordinates": [[-73.9696568, 40.7462066], [-73.9690645, 40.7467602], [-73.96882, 40.7470305], [-73.9678838, 40.7481568]]}}, {"type": "Feature", "id": "SEG-b3cd27ae87", "properties": {"id": "SEG-b3cd27ae87", "name": "45th Road", "highway": "residential", "scope": "in_scope", "borough": "Queens", "bridge": false, "tunnel": false, "status": "geometry_verified"}, "geometry": {"type": "LineString", "coordinates": [[-73.9500382, 40.7471086], [-73.9499235, 40.7470828], [-73.9490417, 40.7469121], [-73.947954, 40.7467036], [-73.9478404, 40.7466807]]}}, {"type": "Feature", "id": "SEG-6a8c46b9e1", "properties": {"id": "SEG-6a8c46b9e1", "name": "Commercial Street", "highway": "residential", "scope": "in_scope", "borough": "Brooklyn", "bridge": false, "tunnel": false, "status": "inventoried"}, "geometry": {"type": "LineString", "coordinates": [[-73.9598804, 40.7355469], [-73.959634, 40.7356812], [-73.9589215, 40.7360666]]}}, {"type": "Feature", "id": "SEG-2384302b82", "properties": {"id": "SEG-2384302b82", "name": "McGuinness Boulevard", "highway": "primary", "scope": "in_scope", "borough": "Brooklyn", "bridge": false, "tunnel": false, "status": "geometry_verified"}, "geometry": {"type": "LineString", "coordinates": [[-73.9525122, 40.7346894], [-73.9524994, 40.7346282], [-73.9523363, 40.7340489], [-73.9523243, 40.7339848]]}}, {"type": "Feature", "id": "SEG-2e8972d640", "properties": {"id": "SEG-2e8972d640", "name": "Pulaski Bridge", "highway": "primary", "scope": "in_scope", "borough": "Queens", "bridge": false, "tunnel": false, "status": "geometry_verified"}, "geometry": {"type": "LineString", "coordinates": [[-73.9514078, 40.7431897], [-73.9514393, 40.7430529], [-73.9514583, 40.7429194], [-73.9514786, 40.7427842], [-73.9514944, 40.7427089]]}}, {"type": "Feature", "id": "SEG-e78605e72b", "properties": {"id": "SEG-e78605e72b", "name": "23rd Street", "highway": "residential", "scope": "in_scope", "borough": "Queens", "bridge": false, "tunnel": false, "status": "inventoried"}, "geometry": {"type": "LineString", "coordinates": [[-73.938294, 40.755557], [-73.9382471, 40.7556081], [-73.9373814, 40.7565502], [-73.937327, 40.75661]]}}, {"type": "Feature", "id": "SEG-b2eb503982", "properties": {"id": "SEG-b2eb503982", "name": "Borden Avenue", "highway": "secondary", "scope": "in_scope", "borough": "Queens", "bridge": false, "tunnel": false, "status": "geometry_verified"}, "geometry": {"type": "LineString", "coordinates": [[-73.9453077, 40.739553], [-73.9452096, 40.7395333], [-73.9429947, 40.739111]]}}, {"type": "Feature", "id": "SEG-2a3c718c5d", "properties": {"id": "SEG-2a3c718c5d", "name": "", "highway": "motorway_link", "scope": "in_scope", "borough": "Queens", "bridge": false, "tunnel": false, "status": "geometry_verified"}, "geometry": {"type": "LineString", "coordinates": [[-73.9517016, 40.7411915], [-73.9511251, 40.7412685], [-73.9508169, 40.7413303]]}}, {"type": "Feature", "id": "SEG-de8c468086", "properties": {"id": "SEG-de8c468086", "name": "Borden Avenue", "highway": "secondary", "scope": "in_scope", "borough": "Queens", "bridge": false, "tunnel": false, "status": "inventoried"}, "geometry": {"type": "LineString", "coordinates": [[-73.939664, 40.7384245], [-73.9395375, 40.7383955], [-73.9394151, 40.738361], [-73.9391513, 40.738271], [-73.9389909, 40.7382198], [-73.9388345, 40.7381709], [-73.938707, 40.7381346]]}}, {"type": "Feature", "id": "SEG-1bd2ea49bb", "properties": {"id": "SEG-1bd2ea49bb", "name": "41st Avenue", "highway": "residential", "scope": "in_scope", "borough": "Queens", "bridge": false, "tunnel": false, "status": "inventoried"}, "geometry": {"type": "LineString", "coordinates": [[-73.9444314, 40.7550218], [-73.9445807, 40.7552308], [-73.94502, 40.7554436], [-73.9452875, 40.7554583]]}}, {"type": "Feature", "id": "SEG-1327db6c51", "properties": {"id": "SEG-1327db6c51", "name": "45th Avenue", "highway": "residential", "scope": "in_scope", "borough": "Queens", "bridge": false, "tunnel": false, "status": "inventoried"}, "geometry": {"type": "LineString", "coordinates": [[-73.9521933, 40.7485811], [-73.9519906, 40.7485421]]}}, {"type": "Feature", "id": "SEG-c3172567b2", "properties": {"id": "SEG-c3172567b2", "name": "Jackson Avenue", "highway": "primary", "scope": "in_scope", "borough": "Queens", "bridge": false, "tunnel": false, "status": "geometry_verified"}, "geometry": {"type": "LineString", "coordinates": [[-73.9448564, 40.7460905], [-73.94409, 40.7463968], [-73.9439862, 40.7464383]]}}, {"type": "Feature", "id": "SEG-3c2a507a63", "properties": {"id": "SEG-3c2a507a63", "name": "Greenpoint Avenue", "highway": "secondary", "scope": "in_scope", "borough": "Brooklyn", "bridge": false, "tunnel": false, "status": "inventoried"}, "geometry": {"type": "LineString", "coordinates": [[-73.9515692, 40.7304591], [-73.9516669, 40.7304501], [-73.9518065, 40.7304367], [-73.9525082, 40.7303694]]}}, {"type": "Feature", "id": "SEG-029b864e8c", "properties": {"id": "SEG-029b864e8c", "name": "Franklin Street", "highway": "tertiary", "scope": "in_scope", "borough": "Brooklyn", "bridge": false, "tunnel": false, "status": "inventoried"}, "geometry": {"type": "LineString", "coordinates": [[-73.9577128, 40.730592], [-73.9577029, 40.7305311], [-73.9576361, 40.7301324], [-73.9576095, 40.7299734], [-73.9575954, 40.7298876]]}}, {"type": "Feature", "id": "SEG-fd106bbf5b", "properties": {"id": "SEG-fd106bbf5b", "name": "2nd Avenue", "highway": "primary", "scope": "in_scope", "borough": "Manhattan", "bridge": false, "tunnel": false, "status": "inventoried"}, "geometry": {"type": "LineString", "coordinates": [[-73.968978, 40.754251], [-73.9690181, 40.7541954], [-73.9693004, 40.7538048], [-73.9693886, 40.753683], [-73.969431, 40.753624]]}}, {"type": "Feature", "id": "SEG-17877ae783", "properties": {"id": "SEG-17877ae783", "name": "", "highway": "trunk", "scope": "in_scope", "borough": "Queens", "bridge": false, "tunnel": false, "status": "inventoried"}, "geometry": {"type": "LineString", "coordinates": [[-73.9392412, 40.750183], [-73.9390201, 40.7499934], [-73.9389617, 40.7499391]]}}, {"type": "Feature", "id": "SEG-9fd2af016f", "properties": {"id": "SEG-9fd2af016f", "name": "Franklin Street", "highway": "secondary", "scope": "in_scope", "borough": "Brooklyn", "bridge": false, "tunnel": false, "status": "inventoried"}, "geometry": {"type": "LineString", "coordinates": [[-73.9572483, 40.7277591], [-73.95726, 40.727827], [-73.957352, 40.7284028], [-73.9573628, 40.7284668]]}}, {"type": "Feature", "id": "SEG-7f525d3cef", "properties": {"id": "SEG-7f525d3cef", "name": "Manhattan Avenue", "highway": "unclassified", "scope": "in_scope", "borough": "Brooklyn", "bridge": false, "tunnel": false, "status": "geometry_verified"}, "geometry": {"type": "LineString", "coordinates": [[-73.9553711, 40.7380005], [-73.9553399, 40.7380718], [-73.9552448, 40.7383937], [-73.955144, 40.7387346], [-73.9554177, 40.7387854]]}}, {"type": "Feature", "id": "SEG-4c661bfa15", "properties": {"id": "SEG-4c661bfa15", "name": "Van Dam Street", "highway": "primary", "scope": "in_scope", "borough": "Queens", "bridge": false, "tunnel": false, "status": "inventoried"}, "geometry": {"type": "LineString", "coordinates": [[-73.9367642, 40.7357486], [-73.936823, 40.7356862], [-73.9370583, 40.7354379]]}}, {"type": "Feature", "id": "SEG-8286a7ebe9", "properties": {"id": "SEG-8286a7ebe9", "name": "Crescent Street", "highway": "tertiary", "scope": "in_scope", "borough": "Queens", "bridge": false, "tunnel": false, "status": "inventoried"}, "geometry": {"type": "LineString", "coordinates": [[-73.934656, 40.7569568], [-73.9347122, 40.756897], [-73.9354192, 40.7562018], [-73.9357537, 40.7558705], [-73.9358181, 40.7558105]]}}, {"type": "Feature", "id": "SEG-955d63c54b", "properties": {"id": "SEG-955d63c54b", "name": "Queens Boulevard", "highway": "primary", "scope": "in_scope", "borough": "Queens", "bridge": false, "tunnel": false, "status": "inventoried"}, "geometry": {"type": "LineString", "coordinates": [[-73.933355, 40.7450474], [-73.9333279, 40.7450191], [-73.9333014, 40.744985], [-73.9332749, 40.7449382]]}}, {"type": "Feature", "id": "SEG-7897514569", "properties": {"id": "SEG-7897514569", "name": "", "highway": "service", "scope": "secondary", "borough": "Brooklyn", "bridge": false, "tunnel": false, "status": "inventoried"}, "geometry": {"type": "LineString", "coordinates": [[-73.9588861, 40.7369725], [-73.95877, 40.737025], [-73.9587608, 40.7370291]]}}, {"type": "Feature", "id": "SEG-a25d115c2c", "properties": {"id": "SEG-a25d115c2c", "name": "FDR Drive", "highway": "motorway", "scope": "in_scope", "borough": "Manhattan", "bridge": false, "tunnel": false, "status": "inventoried"}, "geometry": {"type": "LineString", "coordinates": [[-73.9637348, 40.7531937], [-73.9642563, 40.7526688], [-73.9652088, 40.7516587]]}}, {"type": "Feature", "id": "SEG-a81b5ab969", "properties": {"id": "SEG-a81b5ab969", "name": "Gale Avenue", "highway": "unclassified", "scope": "in_scope", "borough": "Queens", "bridge": false, "tunnel": false, "status": "inventoried"}, "geometry": {"type": "LineString", "coordinates": [[-73.9335602, 40.7377883], [-73.9335886, 40.7378261], [-73.9336343, 40.7378945]]}}, {"type": "Feature", "id": "SEG-709e84d8e7", "properties": {"id": "SEG-709e84d8e7", "name": "Gale Avenue", "highway": "unclassified", "scope": "in_scope", "borough": "Queens", "bridge": false, "tunnel": false, "status": "inventoried"}, "geometry": {"type": "LineString", "coordinates": [[-73.9336343, 40.7378945], [-73.9339164, 40.7383172]]}}, {"type": "Feature", "id": "SEG-8ef0074679", "properties": {"id": "SEG-8ef0074679", "name": "45th Road", "highway": "residential", "scope": "in_scope", "borough": "Queens", "bridge": false, "tunnel": false, "status": "geometry_verified"}, "geometry": {"type": "LineString", "coordinates": [[-73.9478404, 40.7466807], [-73.9477275, 40.7466594], [-73.9456937, 40.7462576], [-73.9456698, 40.7462531], [-73.9456413, 40.7462478], [-73.9455263, 40.7462255]]}}, {"type": "Feature", "id": "SEG-f0d20236fe", "properties": {"id": "SEG-f0d20236fe", "name": "Vernon Boulevard", "highway": "secondary", "scope": "in_scope", "borough": "Queens", "bridge": false, "tunnel": false, "status": "geometry_verified"}, "geometry": {"type": "LineString", "coordinates": [[-73.95248, 40.747575], [-73.9525559, 40.7473506], [-73.9525997, 40.7472144], [-73.9526398, 40.7470947], [-73.9526535, 40.7470548], [-73.952682, 40.7469719], [-73.9526923, 40.7469421], [-73.952713, 40.7468835]]}}, {"type": "Feature", "id": "SEG-c3b9e79e36", "properties": {"id": "SEG-c3b9e79e36", "name": "30th Street", "highway": "unclassified", "scope": "in_scope", "borough": "Queens", "bridge": false, "tunnel": false, "status": "inventoried"}, "geometry": {"type": "LineString", "coordinates": [[-73.9376553, 40.7433081], [-73.9376705, 40.743229], [-73.9376972, 40.7430911], [-73.9378403, 40.7423616], [-73.9380194, 40.7414649]]}}, {"type": "Feature", "id": "SEG-040a06bf27", "properties": {"id": "SEG-040a06bf27", "name": "5th Street", "highway": "residential", "scope": "in_scope", "borough": "Queens", "bridge": false, "tunnel": false, "status": "geometry_verified"}, "geometry": {"type": "LineString", "coordinates": [[-73.9555147, 40.7459516], [-73.9555346, 40.7458902], [-73.9557207, 40.7453269], [-73.9557423, 40.7452614]]}}, {"type": "Feature", "id": "SEG-6e83469e0f", "properties": {"id": "SEG-6e83469e0f", "name": "47th Avenue", "highway": "unclassified", "scope": "in_scope", "borough": "Queens", "bridge": false, "tunnel": false, "status": "inventoried"}, "geometry": {"type": "LineString", "coordinates": [[-73.9376553, 40.7433081], [-73.9375734, 40.7432993], [-73.9371941, 40.7432561]]}}, {"type": "Feature", "id": "SEG-e9a6b7242e", "properties": {"id": "SEG-e9a6b7242e", "name": "47th Avenue", "highway": "unclassified", "scope": "in_scope", "borough": "Queens", "bridge": false, "tunnel": false, "status": "inventoried"}, "geometry": {"type": "LineString", "coordinates": [[-73.9371941, 40.7432561], [-73.9370296, 40.7432369], [-73.9368074, 40.743211], [-73.9367223, 40.7432011]]}}, {"type": "Feature", "id": "SEG-88400329b6", "properties": {"id": "SEG-88400329b6", "name": "11th Street", "highway": "secondary", "scope": "in_scope", "borough": "Queens", "bridge": false, "tunnel": false, "status": "geometry_verified"}, "geometry": {"type": "LineString", "coordinates": [[-73.951292, 40.7436586], [-73.9513119, 40.7436028], [-73.951333, 40.7435159], [-73.9513527, 40.7434337], [-73.9513775, 40.7433345], [-73.951383, 40.7433047], [-73.9514078, 40.7431897]]}}, {"type": "Feature", "id": "SEG-8cd1d1c782", "properties": {"id": "SEG-8cd1d1c782", "name": "Borden Avenue", "highway": "residential", "scope": "in_scope", "borough": "Queens", "bridge": false, "tunnel": false, "status": "geometry_verified"}, "geometry": {"type": "LineString", "coordinates": [[-73.958591, 40.7421228], [-73.9584219, 40.7420749], [-73.9582354, 40.7420202], [-73.9581848, 40.7420057], [-73.9581372, 40.741988], [-73.9580953, 40.7419697], [-73.9580505, 40.7419455], [-73.9579996, 40.7419168], [-73.9579583, 40.7418891], [-73.9579265, 40.741866], [-73.9578777, 40.7418309], [-73.9578383, 40.7418103], [-73.9578038, 40.7417945], [-73.9577625, 40.7417828], [-73.957406, 40.7417126], [-73.9573652, 40.7417133], [-73.9573336, 40.7417177], [-73.957283, 40.7417311]]}}, {"type": "Feature", "id": "SEG-21b0e0d14a", "properties": {"id": "SEG-21b0e0d14a", "name": "Borden Avenue", "highway": "secondary", "scope": "in_scope", "borough": "Queens", "bridge": true, "tunnel": false, "status": "inventoried"}, "geometry": {"type": "LineString", "coordinates": [[-73.9428053, 40.739074], [-73.9425426, 40.7390221], [-73.9422022, 40.738955]]}}, {"type": "Feature", "id": "SEG-de3acb8354", "properties": {"id": "SEG-de3acb8354", "name": "Brooklyn-Queens Expressway", "highway": "motorway", "scope": "in_scope", "borough": "Brooklyn", "bridge": false, "tunnel": false, "status": "inventoried"}, "geometry": {"type": "LineString", "coordinates": [[-73.9348371, 40.7248084], [-73.9371048, 40.7242121], [-73.9372577, 40.7241698], [-73.9374003, 40.7241279]]}}, {"type": "Feature", "id": "SEG-fe1fa762dc", "properties": {"id": "SEG-fe1fa762dc", "name": "Guernsey Street", "highway": "residential", "scope": "in_scope", "borough": "Brooklyn", "bridge": false, "tunnel": false, "status": "inventoried"}, "geometry": {"type": "LineString", "coordinates": [[-73.9543948, 40.7265416], [-73.9544313, 40.7266044], [-73.9545678, 40.7268446], [-73.9549257, 40.7274744], [-73.9549512, 40.727517], [-73.9549835, 40.727571]]}}, {"type": "Feature", "id": "SEG-44933ea39e", "properties": {"id": "SEG-44933ea39e", "name": "Railroad Avenue", "highway": "unclassified", "scope": "in_scope", "borough": "Queens", "bridge": false, "tunnel": false, "status": "inventoried"}, "geometry": {"type": "LineString", "coordinates": [[-73.9389494, 40.733749], [-73.938908, 40.7336988], [-73.9387581, 40.7334914], [-73.9386584, 40.733354], [-73.9385491, 40.7331856], [-73.9381013, 40.7325015], [-73.9377064, 40.7319476], [-73.9376403, 40.73185], [-73.9375815, 40.7317558], [-73.9375305, 40.7316764], [-73.9374794, 40.7316052]]}}, {"type": "Feature", "id": "SEG-967484ad8c", "properties": {"id": "SEG-967484ad8c", "name": "", "highway": "primary_link", "scope": "in_scope", "borough": "Queens", "bridge": false, "tunnel": false, "status": "inventoried"}, "geometry": {"type": "LineString", "coordinates": [[-73.9376923, 40.7347776], [-73.9376648, 40.7347643], [-73.9376414, 40.734751], [-73.9376183, 40.7347334], [-73.9375973, 40.734714], [-73.9375145, 40.7346246], [-73.9374463, 40.7345565]]}}, {"type": "Feature", "id": "SEG-1cd39aad2d", "properties": {"id": "SEG-1cd39aad2d", "name": "24th Street", "highway": "residential", "scope": "in_scope", "borough": "Queens", "bridge": false, "tunnel": false, "status": "inventoried"}, "geometry": {"type": "LineString", "coordinates": [[-73.939871, 40.75264], [-73.9399202, 40.7525884], [-73.9399453, 40.7525586], [-73.9399577, 40.7525451], [-73.9401017, 40.7523874], [-73.9409851, 40.75142], [-73.9410155, 40.7513867], [-73.9410644, 40.7513332]]}}, {"type": "Feature", "id": "SEG-2039e73572", "properties": {"id": "SEG-2039e73572", "name": "", "highway": "service", "scope": "secondary", "borough": "Brooklyn", "bridge": false, "tunnel": false, "status": "inventoried"}, "geometry": {"type": "LineString", "coordinates": [[-73.9477856, 40.7303742], [-73.9478354, 40.73046], [-73.9478864, 40.7305367], [-73.9479645, 40.7305739]]}}, {"type": "Feature", "id": "SEG-74c5ef3c63", "properties": {"id": "SEG-74c5ef3c63", "name": "McGuinness Boulevard", "highway": "tertiary", "scope": "in_scope", "borough": "Brooklyn", "bridge": false, "tunnel": false, "status": "geometry_verified"}, "geometry": {"type": "LineString", "coordinates": [[-73.9532044, 40.7375049], [-73.9531922, 40.73744], [-73.9530965, 40.7368618], [-73.9530852, 40.7367955]]}}, {"type": "Feature", "id": "SEG-61c3f917db", "properties": {"id": "SEG-61c3f917db", "name": "", "highway": "motorway_link", "scope": "in_scope", "borough": "Queens", "bridge": false, "tunnel": false, "status": "geometry_verified"}, "geometry": {"type": "LineString", "coordinates": [[-73.9510283, 40.7420288], [-73.9510663, 40.7419359], [-73.9510806, 40.741906], [-73.9510967, 40.7418766], [-73.9511188, 40.7418478], [-73.9511435, 40.7418245], [-73.9511662, 40.7418064], [-73.9511947, 40.7417875], [-73.9513154, 40.7417161]]}}, {"type": "Feature", "id": "SEG-73049559e3", "properties": {"id": "SEG-73049559e3", "name": "Manhattan Avenue", "highway": "unclassified", "scope": "in_scope", "borough": "Brooklyn", "bridge": false, "tunnel": false, "status": "geometry_verified"}, "geometry": {"type": "LineString", "coordinates": [[-73.9554177, 40.7387854], [-73.9554056, 40.7387257], [-73.9554012, 40.7386966], [-73.9553999, 40.7386686], [-73.955403, 40.7386424], [-73.9554127, 40.7386062], [-73.9555947, 40.7379995], [-73.9555959, 40.7379874], [-73.955596, 40.7379708], [-73.9555921, 40.7379507], [-73.9555862, 40.7379344], [-73.9555737, 40.7379126], [-73.9555591, 40.7378918]]}}, {"type": "Feature", "id": "SEG-f84531a3e3", "properties": {"id": "SEG-f84531a3e3", "name": "Brooklyn-Queens Expressway", "highway": "motorway", "scope": "in_scope", "borough": "Brooklyn", "bridge": false, "tunnel": false, "status": "inventoried"}, "geometry": {"type": "LineString", "coordinates": [[-73.9343989, 40.7247649], [-73.9334125, 40.7250034]]}}, {"type": "Feature", "id": "SEG-e221e5eafa", "properties": {"id": "SEG-e221e5eafa", "name": "Austell Place", "highway": "unclassified", "scope": "in_scope", "borough": "Queens", "bridge": false, "tunnel": false, "status": "inventoried"}, "geometry": {"type": "LineString", "coordinates": [[-73.9421183, 40.743722], [-73.9420711, 40.7436561], [-73.9420352, 40.743604]]}}, {"type": "Feature", "id": "SEG-55011c2563", "properties": {"id": "SEG-55011c2563", "name": "Austell Place", "highway": "unclassified", "scope": "in_scope", "borough": "Queens", "bridge": false, "tunnel": false, "status": "inventoried"}, "geometry": {"type": "LineString", "coordinates": [[-73.9420352, 40.743604], [-73.9414536, 40.7427592], [-73.9412352, 40.7424421], [-73.9412096, 40.7424034], [-73.9411635, 40.7423339]]}}, {"type": "Feature", "id": "SEG-e480dcb7ee", "properties": {"id": "SEG-e480dcb7ee", "name": "Calyer Street", "highway": "residential", "scope": "in_scope", "borough": "Brooklyn", "bridge": false, "tunnel": false, "status": "inventoried"}, "geometry": {"type": "LineString", "coordinates": [[-73.948255, 40.729791], [-73.9481901, 40.7298124], [-73.9474929, 40.7300423], [-73.947427, 40.730064]]}}, {"type": "Feature", "id": "SEG-d35c0b3779", "properties": {"id": "SEG-d35c0b3779", "name": "Tudor City Place", "highway": "residential", "scope": "in_scope", "borough": "Manhattan", "bridge": false, "tunnel": false, "status": "inventoried"}, "geometry": {"type": "LineString", "coordinates": [[-73.9703341, 40.7492026], [-73.9703099, 40.7492353], [-73.970007, 40.7496655], [-73.9699852, 40.7496964], [-73.9699431, 40.7497536]]}}, {"type": "Feature", "id": "SEG-aacccfdaae", "properties": {"id": "SEG-aacccfdaae", "name": "", "highway": "primary_link", "scope": "in_scope", "borough": "Queens", "bridge": false, "tunnel": false, "status": "inventoried"}, "geometry": {"type": "LineString", "coordinates": [[-73.9328784, 40.7449682], [-73.9331516, 40.7449403], [-73.9332749, 40.7449382]]}}, {"type": "Feature", "id": "SEG-f328515ba6", "properties": {"id": "SEG-f328515ba6", "name": "22nd Street", "highway": "residential", "scope": "in_scope", "borough": "Queens", "bridge": false, "tunnel": false, "status": "inventoried"}, "geometry": {"type": "LineString", "coordinates": [[-73.939087, 40.75598], [-73.9391336, 40.7559294], [-73.9401699, 40.7548058], [-73.9401965, 40.7547767], [-73.94025, 40.754719]]}}, {"type": "Feature", "id": "SEG-05a6223a0f", "properties": {"id": "SEG-05a6223a0f", "name": "Apollo Street", "highway": "residential", "scope": "in_scope", "borough": "Brooklyn", "bridge": false, "tunnel": false, "status": "inventoried"}, "geometry": {"type": "LineString", "coordinates": [[-73.938189, 40.7281], [-73.9382344, 40.7280088], [-73.9379594, 40.7263699], [-73.9379534, 40.726321], [-73.937942, 40.726239]]}}, {"type": "Feature", "id": "SEG-b10fe8dc79", "properties": {"id": "SEG-b10fe8dc79", "name": "Northern Boulevard", "highway": "primary", "scope": "in_scope", "borough": "Queens", "bridge": false, "tunnel": false, "status": "inventoried"}, "geometry": {"type": "LineString", "coordinates": [[-73.9337792, 40.7515694], [-73.933546, 40.7516564], [-73.9334262, 40.7516996], [-73.9333201, 40.7517357], [-73.9333039, 40.7517412], [-73.9331797, 40.7517788], [-73.9330422, 40.7518155], [-73.932901, 40.7518506], [-73.9327525, 40.7518819], [-73.932638, 40.7519027], [-73.9324806, 40.7519274], [-73.9323405, 40.7519456], [-73.9323202, 40.7519478], [-73.9321906, 40.7519622], [-73.932034, 40.751973], [-73.9319184, 40.7519789]]}}, {"type": "Feature", "id": "SEG-366ee3b6bf", "properties": {"id": "SEG-366ee3b6bf", "name": "Ed Koch Queensboro Bridge Upper Level", "highway": "trunk", "scope": "in_scope", "borough": "Manhattan", "bridge": false, "tunnel": false, "status": "inventoried"}, "geometry": {"type": "LineString", "coordinates": [[-73.9621834, 40.7618022], [-73.9620319, 40.7620142], [-73.9619899, 40.7620729]]}}, {"type": "Feature", "id": "SEG-1ba4fb719b", "properties": {"id": "SEG-1ba4fb719b", "name": "", "highway": "service", "scope": "secondary", "borough": "Brooklyn", "bridge": false, "tunnel": false, "status": "inventoried"}, "geometry": {"type": "LineString", "coordinates": [[-73.946583, 40.7318799], [-73.9466259, 40.7318372], [-73.9466085, 40.7317315], [-73.9465562, 40.731699]]}}, {"type": "Feature", "id": "SEG-3de37c491e", "properties": {"id": "SEG-3de37c491e", "name": "30th Street", "highway": "unclassified", "scope": "in_scope", "borough": "Queens", "bridge": false, "tunnel": false, "status": "inventoried"}, "geometry": {"type": "LineString", "coordinates": [[-73.9380194, 40.7414649], [-73.9381918, 40.7406097], [-73.9382029, 40.7405526]]}}, {"type": "Feature", "id": "SEG-193488a7b6", "properties": {"id": "SEG-193488a7b6", "name": "5th Street", "highway": "residential", "scope": "in_scope", "borough": "Queens", "bridge": false, "tunnel": false, "status": "geometry_verified"}, "geometry": {"type": "LineString", "coordinates": [[-73.9552781, 40.7466439], [-73.9554927, 40.7460187], [-73.9555147, 40.7459516]]}}, {"type": "Feature", "id": "SEG-cfab151efd", "properties": {"id": "SEG-cfab151efd", "name": "48th Avenue", "highway": "residential", "scope": "in_scope", "borough": "Queens", "bridge": false, "tunnel": false, "status": "geometry_verified"}, "geometry": {"type": "LineString", "coordinates": [[-73.9536413, 40.7441135], [-73.9537507, 40.7441333], [-73.9548735, 40.7443515], [-73.9558453, 40.7445403], [-73.9558986, 40.7445507], [-73.9559769, 40.7445659]]}}, {"type": "Feature", "id": "SEG-cc3ee3eb01", "properties": {"id": "SEG-cc3ee3eb01", "name": "Jackson Avenue", "highway": "primary", "scope": "in_scope", "borough": "Queens", "bridge": false, "tunnel": false, "status": "geometry_verified"}, "geometry": {"type": "LineString", "coordinates": [[-73.9486711, 40.7446222], [-73.948886, 40.7445092], [-73.949101, 40.7443956], [-73.949595, 40.7441346], [-73.9496847, 40.7440892]]}}, {"type": "Feature", "id": "SEG-68c4da9760", "properties": {"id": "SEG-68c4da9760", "name": "", "highway": "service", "scope": "secondary", "borough": "Queens", "bridge": false, "tunnel": false, "status": "inventoried"}, "geometry": {"type": "LineString", "coordinates": [[-73.9590511, 40.7417713], [-73.9591093, 40.7417825], [-73.9591563, 40.7417927]]}}, {"type": "Feature", "id": "SEG-33159ff2d9", "properties": {"id": "SEG-33159ff2d9", "name": "", "highway": "service", "scope": "secondary", "borough": "Queens", "bridge": false, "tunnel": false, "status": "inventoried"}, "geometry": {"type": "LineString", "coordinates": [[-73.9433914, 40.7500388], [-73.9433028, 40.7499877], [-73.94328, 40.7499746], [-73.9430347, 40.7498403]]}}, {"type": "Feature", "id": "SEG-bf920426c5", "properties": {"id": "SEG-bf920426c5", "name": "", "highway": "service", "scope": "secondary", "borough": "Queens", "bridge": false, "tunnel": false, "status": "inventoried"}, "geometry": {"type": "LineString", "coordinates": [[-73.946134, 40.7501288], [-73.9460332, 40.7500775], [-73.9452117, 40.7496755], [-73.9451438, 40.7496407]]}}, {"type": "Feature", "id": "SEG-86324bba81", "properties": {"id": "SEG-86324bba81", "name": "Center Boulevard", "highway": "residential", "scope": "in_scope", "borough": "Queens", "bridge": false, "tunnel": false, "status": "inventoried"}, "geometry": {"type": "LineString", "coordinates": [[-73.9608097, 40.741069], [-73.9607862, 40.7411532], [-73.9607638, 40.7412217], [-73.9607323, 40.7413076], [-73.960692, 40.7413887], [-73.9606285, 40.7414932], [-73.960552, 40.7415866], [-73.9604737, 40.7416712], [-73.9604035, 40.7417421], [-73.9603243, 40.7418242], [-73.9602037, 40.7419544], [-73.960166, 40.742002], [-73.9601275, 40.7420538], [-73.9600277, 40.7422072], [-73.9600069, 40.7422504], [-73.9599931, 40.7422846], [-73.9599844, 40.7423163], [-73.9599771, 40.7423428], [-73.9599679, 40.7423951]]}}, {"type": "Feature", "id": "SEG-0cd6d5f868", "properties": {"id": "SEG-0cd6d5f868", "name": "Varick Avenue", "highway": "secondary", "scope": "in_scope", "borough": "Brooklyn", "bridge": false, "tunnel": false, "status": "inventoried"}, "geometry": {"type": "LineString", "coordinates": [[-73.93491, 40.725476], [-73.9353412, 40.7258568], [-73.935398, 40.725907]]}}, {"type": "Feature", "id": "SEG-8efaf5775d", "properties": {"id": "SEG-8efaf5775d", "name": "47th Avenue", "highway": "unclassified", "scope": "in_scope", "borough": "Queens", "bridge": false, "tunnel": false, "status": "inventoried"}, "geometry": {"type": "LineString", "coordinates": [[-73.9367223, 40.7432011], [-73.9366486, 40.7431926], [-73.9358859, 40.7431057], [-73.9357999, 40.7430957]]}}, {"type": "Feature", "id": "SEG-dca4638e64", "properties": {"id": "SEG-dca4638e64", "name": "", "highway": "motorway_link", "scope": "in_scope", "borough": "Queens", "bridge": false, "tunnel": false, "status": "geometry_verified"}, "geometry": {"type": "LineString", "coordinates": [[-73.9514507, 40.7412868], [-73.9512394, 40.7413524], [-73.9509886, 40.7414246], [-73.9508243, 40.7415107]]}}, {"type": "Feature", "id": "SEG-122da1227a", "properties": {"id": "SEG-122da1227a", "name": "", "highway": "service", "scope": "secondary", "borough": "Brooklyn", "bridge": false, "tunnel": false, "status": "inventoried"}, "geometry": {"type": "LineString", "coordinates": [[-73.9592237, 40.7282933], [-73.9591245, 40.7276356]]}}, {"type": "Feature", "id": "SEG-f237227023", "properties": {"id": "SEG-f237227023", "name": "47th Road", "highway": "residential", "scope": "in_scope", "borough": "Queens", "bridge": false, "tunnel": false, "status": "geometry_verified"}, "geometry": {"type": "LineString", "coordinates": [[-73.9496847, 40.7440892], [-73.9495032, 40.7440572], [-73.9489349, 40.7439454], [-73.9488789, 40.7439344], [-73.9487635, 40.743912]]}}, {"type": "Feature", "id": "SEG-809baa7333", "properties": {"id": "SEG-809baa7333", "name": "22nd Street", "highway": "residential", "scope": "in_scope", "borough": "Queens", "bridge": false, "tunnel": false, "status": "inventoried"}, "geometry": {"type": "LineString", "coordinates": [[-73.943109, 40.7516275], [-73.9431679, 40.751563], [-73.9433505, 40.7513628], [-73.9444218, 40.7501986], [-73.9444565, 40.7501604], [-73.9445249, 40.7500865]]}}, {"type": "Feature", "id": "SEG-a4d55ed778", "properties": {"id": "SEG-a4d55ed778", "name": "Paidge Avenue", "highway": "unclassified", "scope": "in_scope", "borough": "Brooklyn", "bridge": false, "tunnel": false, "status": "geometry_verified"}, "geometry": {"type": "LineString", "coordinates": [[-73.9502067, 40.7367175], [-73.9488881, 40.7363061], [-73.94881, 40.736288], [-73.9487085, 40.7362842]]}}, {"type": "Feature", "id": "SEG-f2ee7db0fd", "properties": {"id": "SEG-f2ee7db0fd", "name": "43rd Road", "highway": "residential", "scope": "in_scope", "borough": "Queens", "bridge": false, "tunnel": false, "status": "inventoried"}, "geometry": {"type": "LineString", "coordinates": [[-73.9501716, 40.7519416], [-73.9502421, 40.75199], [-73.9508172, 40.752385], [-73.9509023, 40.7524399]]}}, {"type": "Feature", "id": "SEG-56995fbbc6", "properties": {"id": "SEG-56995fbbc6", "name": "Norman Avenue", "highway": "secondary", "scope": "in_scope", "borough": "Brooklyn", "bridge": false, "tunnel": false, "status": "inventoried"}, "geometry": {"type": "LineString", "coordinates": [[-73.941992, 40.72775], [-73.941901, 40.7277587], [-73.9416548, 40.7277823], [-73.941043, 40.727841]]}}, {"type": "Feature", "id": "SEG-7d15f8242e", "properties": {"id": "SEG-7d15f8242e", "name": "Thomson Avenue", "highway": "primary", "scope": "in_scope", "borough": "Queens", "bridge": false, "tunnel": false, "status": "inventoried"}, "geometry": {"type": "LineString", "coordinates": [[-73.935413, 40.7449676], [-73.9346547, 40.7448805], [-73.934592, 40.7448733], [-73.9345028, 40.7448625], [-73.9344235, 40.7448528], [-73.9343789, 40.7448475], [-73.9343325, 40.7448421], [-73.9341503, 40.7448211], [-73.93406, 40.7448107], [-73.9337174, 40.7447704], [-73.9335542, 40.7447251]]}}, {"type": "Feature", "id": "SEG-412f8c235c", "properties": {"id": "SEG-412f8c235c", "name": "11th Street", "highway": "secondary", "scope": "in_scope", "borough": "Queens", "bridge": false, "tunnel": false, "status": "geometry_verified"}, "geometry": {"type": "LineString", "coordinates": [[-73.9510504, 40.7443555], [-73.9510725, 40.7442916], [-73.9512169, 40.7438747], [-73.951271, 40.7437182], [-73.951292, 40.7436586]]}}, {"type": "Feature", "id": "SEG-2c643e4976", "properties": {"id": "SEG-2c643e4976", "name": "21st Street", "highway": "primary", "scope": "in_scope", "borough": "Queens", "bridge": false, "tunnel": false, "status": "inventoried"}, "geometry": {"type": "LineString", "coordinates": [[-73.9473607, 40.748113], [-73.9473246, 40.7482188], [-73.9471345, 40.7487943], [-73.9471114, 40.7488584]]}}, {"type": "Feature", "id": "SEG-5bb0779579", "properties": {"id": "SEG-5bb0779579", "name": "2nd Street", "highway": "residential", "scope": "in_scope", "borough": "Queens", "bridge": false, "tunnel": false, "status": "inventoried"}, "geometry": {"type": "LineString", "coordinates": [[-73.9596127, 40.7401161], [-73.9596346, 40.7400513], [-73.9596411, 40.7400321], [-73.9599425, 40.7391369], [-73.9599472, 40.7391262], [-73.9600015, 40.7390828]]}}, {"type": "Feature", "id": "SEG-57c11ccebf", "properties": {"id": "SEG-57c11ccebf", "name": "39th Avenue", "highway": "residential", "scope": "in_scope", "borough": "Queens", "bridge": false, "tunnel": false, "status": "inventoried"}, "geometry": {"type": "LineString", "coordinates": [[-73.936009, 40.754341], [-73.9353078, 40.7539757], [-73.9352454, 40.7539432]]}}, {"type": "Feature", "id": "SEG-240d2122b1", "properties": {"id": "SEG-240d2122b1", "name": "54th Avenue", "highway": "residential", "scope": "in_scope", "borough": "Queens", "bridge": false, "tunnel": false, "status": "inventoried"}, "geometry": {"type": "LineString", "coordinates": [[-73.9593763, 40.7408018], [-73.9594756, 40.7408202], [-73.9606426, 40.7410384], [-73.9606962, 40.7410487], [-73.9608097, 40.741069]]}}, {"type": "Feature", "id": "SEG-926074acbd", "properties": {"id": "SEG-926074acbd", "name": "Provost Street", "highway": "tertiary", "scope": "in_scope", "borough": "Brooklyn", "bridge": false, "tunnel": false, "status": "geometry_verified"}, "geometry": {"type": "LineString", "coordinates": [[-73.9496921, 40.733516], [-73.9498117, 40.7342235]]}}, {"type": "Feature", "id": "SEG-26ee7d598f", "properties": {"id": "SEG-26ee7d598f", "name": "", "highway": "service", "scope": "secondary", "borough": "Queens", "bridge": false, "tunnel": false, "status": "inventoried"}, "geometry": {"type": "LineString", "coordinates": [[-73.9405692, 40.7430878], [-73.9406392, 40.7431272], [-73.9406737, 40.7431466], [-73.9408855, 40.7433709], [-73.9409566, 40.7434231], [-73.9411277, 40.7435045]]}}, {"type": "Feature", "id": "SEG-f620ba7420", "properties": {"id": "SEG-f620ba7420", "name": "Hunters Point Avenue", "highway": "tertiary", "scope": "in_scope", "borough": "Queens", "bridge": false, "tunnel": false, "status": "inventoried"}, "geometry": {"type": "LineString", "coordinates": [[-73.9337105, 40.7392959], [-73.9337835, 40.7393281], [-73.9338847, 40.739374]]}}, {"type": "Feature", "id": "SEG-925dab558e", "properties": {"id": "SEG-925dab558e", "name": "Hunters Point Avenue", "highway": "tertiary", "scope": "in_scope", "borough": "Queens", "bridge": false, "tunnel": false, "status": "inventoried"}, "geometry": {"type": "LineString", "coordinates": [[-73.9338847, 40.739374], [-73.9344536, 40.7396296], [-73.9345846, 40.7396908]]}}, {"type": "Feature", "id": "SEG-ec5a33974e", "properties": {"id": "SEG-ec5a33974e", "name": "Center Boulevard", "highway": "residential", "scope": "in_scope", "borough": "Queens", "bridge": false, "tunnel": false, "status": "geometry_verified"}, "geometry": {"type": "LineString", "coordinates": [[-73.9566576, 40.7461746], [-73.956676, 40.7461443], [-73.9566995, 40.7461131], [-73.9567091, 40.746101], [-73.9567447, 40.7460602], [-73.95717, 40.745612], [-73.95723, 40.7455488]]}}, {"type": "Feature", "id": "SEG-113c556f55", "properties": {"id": "SEG-113c556f55", "name": "Pearson Place", "highway": "unclassified", "scope": "in_scope", "borough": "Queens", "bridge": false, "tunnel": false, "status": "inventoried"}, "geometry": {"type": "LineString", "coordinates": [[-73.9429806, 40.7433777], [-73.9429413, 40.7433195], [-73.942918, 40.7432863], [-73.9429102, 40.7432752], [-73.9429005, 40.7432605]]}}, {"type": "Feature", "id": "SEG-da472d5cb2", "properties": {"id": "SEG-da472d5cb2", "name": "Pearson Place", "highway": "unclassified", "scope": "in_scope", "borough": "Queens", "bridge": false, "tunnel": false, "status": "inventoried"}, "geometry": {"type": "LineString", "coordinates": [[-73.9429005, 40.7432605], [-73.9427639, 40.7430613]]}}, {"type": "Feature", "id": "SEG-ab63f30b73", "properties": {"id": "SEG-ab63f30b73", "name": "Queens Plaza South", "highway": "secondary", "scope": "in_scope", "borough": "Queens", "bridge": false, "tunnel": false, "status": "inventoried"}, "geometry": {"type": "LineString", "coordinates": [[-73.9466737, 40.7532651], [-73.9475836, 40.7536599]]}}, {"type": "Feature", "id": "SEG-72ff5822cb", "properties": {"id": "SEG-72ff5822cb", "name": "Calyer Street", "highway": "residential", "scope": "in_scope", "borough": "Brooklyn", "bridge": false, "tunnel": false, "status": "inventoried"}, "geometry": {"type": "LineString", "coordinates": [[-73.9569301, 40.7270726], [-73.9568301, 40.7270824], [-73.9564044, 40.7271222], [-73.9563653, 40.7271273], [-73.9563332, 40.7271334], [-73.9563026, 40.7271416], [-73.9558161, 40.7273053]]}}, {"type": "Feature", "id": "SEG-5999ee6cdd", "properties": {"id": "SEG-5999ee6cdd", "name": "Noble Street", "highway": "residential", "scope": "in_scope", "borough": "Brooklyn", "bridge": false, "tunnel": false, "status": "inventoried"}, "geometry": {"type": "LineString", "coordinates": [[-73.9573628, 40.7284668], [-73.9574639, 40.7284561], [-73.958338, 40.7283739]]}}, {"type": "Feature", "id": "SEG-5d9511e4c1", "properties": {"id": "SEG-5d9511e4c1", "name": "Noble Street", "highway": "residential", "scope": "in_scope", "borough": "Brooklyn", "bridge": false, "tunnel": false, "status": "inventoried"}, "geometry": {"type": "LineString", "coordinates": [[-73.958338, 40.7283739], [-73.9588581, 40.7283261], [-73.9589203, 40.7283203], [-73.9589933, 40.728315]]}}, {"type": "Feature", "id": "SEG-acf9c949e2", "properties": {"id": "SEG-acf9c949e2", "name": "Vernon Boulevard", "highway": "secondary", "scope": "in_scope", "borough": "Queens", "bridge": false, "tunnel": false, "status": "geometry_verified"}, "geometry": {"type": "LineString", "coordinates": [[-73.9541215, 40.7419836], [-73.9540921, 40.7420741], [-73.9539828, 40.7424505]]}}, {"type": "Feature", "id": "SEG-ae20975808", "properties": {"id": "SEG-ae20975808", "name": "47th Road", "highway": "residential", "scope": "in_scope", "borough": "Queens", "bridge": false, "tunnel": false, "status": "geometry_verified"}, "geometry": {"type": "LineString", "coordinates": [[-73.95723, 40.7455488], [-73.9570801, 40.7455209], [-73.9566747, 40.7454418], [-73.9558575, 40.7452837], [-73.9558375, 40.7452798], [-73.9557423, 40.7452614]]}}, {"type": "Feature", "id": "SEG-14c33f92bc", "properties": {"id": "SEG-14c33f92bc", "name": "44th Avenue", "highway": "residential", "scope": "in_scope", "borough": "Queens", "bridge": false, "tunnel": false, "status": "inventoried"}, "geometry": {"type": "LineString", "coordinates": [[-73.9505029, 40.7502518], [-73.9504276, 40.7502373], [-73.9492986, 40.7500143], [-73.9491858, 40.7499921]]}}, {"type": "Feature", "id": "SEG-dbdee56f70", "properties": {"id": "SEG-dbdee56f70", "name": "Kent Street", "highway": "residential", "scope": "in_scope", "borough": "Brooklyn", "bridge": false, "tunnel": false, "status": "inventoried"}, "geometry": {"type": "LineString", "coordinates": [[-73.9611776, 40.7302687], [-73.9605622, 40.7303275], [-73.9595091, 40.7304245], [-73.9594475, 40.7304304], [-73.9593494, 40.7304386]]}}, {"type": "Feature", "id": "SEG-3d3b5f6170", "properties": {"id": "SEG-3d3b5f6170", "name": "Queens-Midtown Tunnel", "highway": "motorway", "scope": "in_scope", "borough": "Queens", "bridge": false, "tunnel": false, "status": "blocked"}, "geometry": {"type": "LineString", "coordinates": [[-73.9540716, 40.7414195], [-73.953903, 40.7414191], [-73.9537619, 40.7414127], [-73.9535464, 40.7414033], [-73.9533573, 40.7413886], [-73.9527328, 40.7413438]]}}, {"type": "Feature", "id": "SEG-7d86f36954", "properties": {"id": "SEG-7d86f36954", "name": "1st Avenue", "highway": "primary", "scope": "in_scope", "borough": "Manhattan", "bridge": false, "tunnel": false, "status": "inventoried"}, "geometry": {"type": "LineString", "coordinates": [[-73.9656942, 40.7544977], [-73.9656467, 40.7545628], [-73.9652747, 40.755073], [-73.9652321, 40.7551314]]}}, {"type": "Feature", "id": "SEG-33cf6cc4aa", "properties": {"id": "SEG-33cf6cc4aa", "name": "McGuinness Boulevard", "highway": "primary", "scope": "in_scope", "borough": "Brooklyn", "bridge": false, "tunnel": false, "status": "inventoried"}, "geometry": {"type": "LineString", "coordinates": [[-73.9518504, 40.7311535], [-73.9518387, 40.7310881], [-73.9518265, 40.7310267], [-73.9518216, 40.7310053], [-73.9518121, 40.7309635], [-73.9517854, 40.7308791], [-73.9517436, 40.7307712], [-73.9517023, 40.7306837], [-73.9516759, 40.7306394], [-73.9516092, 40.7305274], [-73.9515692, 40.7304591]]}}, {"type": "Feature", "id": "SEG-4eca7c4b59", "properties": {"id": "SEG-4eca7c4b59", "name": "Humboldt Street", "highway": "residential", "scope": "in_scope", "borough": "Brooklyn", "bridge": false, "tunnel": false, "status": "inventoried"}, "geometry": {"type": "LineString", "coordinates": [[-73.9456716, 40.7270246], [-73.9454434, 40.7256059], [-73.9454318, 40.7255309]]}}, {"type": "Feature", "id": "SEG-eec2279eed", "properties": {"id": "SEG-eec2279eed", "name": "Varick Street", "highway": "secondary", "scope": "in_scope", "borough": "Brooklyn", "bridge": false, "tunnel": false, "status": "inventoried"}, "geometry": {"type": "LineString", "coordinates": [[-73.9360815, 40.7264162], [-73.9354717, 40.7259628], [-73.935398, 40.725907]]}}, {"type": "Feature", "id": "SEG-a26e6ff67d", "properties": {"id": "SEG-a26e6ff67d", "name": "Huron Street", "highway": "residential", "scope": "in_scope", "borough": "Brooklyn", "bridge": false, "tunnel": false, "status": "inventoried"}, "geometry": {"type": "LineString", "coordinates": [[-73.9520628, 40.7332869], [-73.9522072, 40.7332738]]}}, {"type": "Feature", "id": "SEG-266c1cbd57", "properties": {"id": "SEG-266c1cbd57", "name": "2nd Street", "highway": "residential", "scope": "in_scope", "borough": "Queens", "bridge": false, "tunnel": false, "status": "inventoried"}, "geometry": {"type": "LineString", "coordinates": [[-73.9600015, 40.7390828], [-73.9600604, 40.7390466], [-73.9601298, 40.7390213], [-73.961195, 40.7386104], [-73.9612502, 40.7385916], [-73.9613015, 40.738584], [-73.9613317, 40.7385901], [-73.9613546, 40.7386011], [-73.9613754, 40.7386159], [-73.9613856, 40.7386272], [-73.9618214, 40.7393704], [-73.9618409, 40.7394153], [-73.9618497, 40.7394367], [-73.961848, 40.7394672], [-73.9618139, 40.7395061], [-73.9617813, 40.7395228], [-73.9616186, 40.7395964], [-73.9614996, 40.7396622], [-73.9613826, 40.7397381], [-73.9613169, 40.7397865]]}}, {"type": "Feature", "id": "SEG-744a3b8237", "properties": {"id": "SEG-744a3b8237", "name": "51st Avenue", "highway": "residential", "scope": "in_scope", "borough": "Queens", "bridge": false, "tunnel": false, "status": "geometry_verified"}, "geometry": {"type": "LineString", "coordinates": [[-73.9519975, 40.7417019], [-73.9520697, 40.7417025], [-73.9521547, 40.7417065], [-73.9522628, 40.7417135], [-73.9523715, 40.741722], [-73.9524874, 40.7417322], [-73.9526133, 40.7417433], [-73.9527571, 40.7417568], [-73.9528908, 40.7417725], [-73.9529843, 40.7417849], [-73.9530699, 40.7417989], [-73.9535788, 40.7418933], [-73.9536449, 40.7419054], [-73.9537796, 40.7419294]]}}, {"type": "Feature", "id": "SEG-892dedbf32", "properties": {"id": "SEG-892dedbf32", "name": "Jackson Avenue", "highway": "primary", "scope": "in_scope", "borough": "Queens", "bridge": false, "tunnel": false, "status": "geometry_verified"}, "geometry": {"type": "LineString", "coordinates": [[-73.9512578, 40.7432648], [-73.9510762, 40.7433558]]}}, {"type": "Feature", "id": "SEG-4829a3a228", "properties": {"id": "SEG-4829a3a228", "name": "", "highway": "service", "scope": "secondary", "borough": "Brooklyn", "bridge": false, "tunnel": false, "status": "inventoried"}, "geometry": {"type": "LineString", "coordinates": [[-73.9436446, 40.7318714], [-73.9437239, 40.7318557], [-73.9437467, 40.7318479], [-73.9437649, 40.7318421], [-73.9438907, 40.7318017], [-73.943919, 40.7317925]]}}, {"type": "Feature", "id": "SEG-136a831979", "properties": {"id": "SEG-136a831979", "name": "", "highway": "service", "scope": "secondary", "borough": "Brooklyn", "bridge": false, "tunnel": false, "status": "inventoried"}, "geometry": {"type": "LineString", "coordinates": [[-73.943919, 40.7317925], [-73.9441263, 40.7317255]]}}, {"type": "Feature", "id": "SEG-2c372e459a", "properties": {"id": "SEG-2c372e459a", "name": "", "highway": "service", "scope": "secondary", "borough": "Brooklyn", "bridge": false, "tunnel": false, "status": "inventoried"}, "geometry": {"type": "LineString", "coordinates": [[-73.9441263, 40.7317255], [-73.9444392, 40.7316242], [-73.9444666, 40.7316154], [-73.94454, 40.7315928]]}}, {"type": "Feature", "id": "SEG-96c52a818b", "properties": {"id": "SEG-96c52a818b", "name": "", "highway": "tertiary_link", "scope": "in_scope", "borough": "Brooklyn", "bridge": false, "tunnel": false, "status": "inventoried"}, "geometry": {"type": "LineString", "coordinates": [[-73.9582016, 40.7364566], [-73.9581863, 40.7364111], [-73.9581625, 40.7363665], [-73.9581494, 40.7363511], [-73.9581319, 40.7363358], [-73.9580962, 40.7363206]]}}, {"type": "Feature", "id": "SEG-4036683da3", "properties": {"id": "SEG-4036683da3", "name": "Greenpoint Avenue", "highway": "primary", "scope": "in_scope", "borough": "Brooklyn", "bridge": false, "tunnel": false, "status": "inventoried"}, "geometry": {"type": "LineString", "coordinates": [[-73.9437496, 40.7323849], [-73.9438413, 40.7323531], [-73.9442576, 40.7322091], [-73.9445293, 40.7321136], [-73.9446033, 40.7320876]]}}, {"type": "Feature", "id": "SEG-27006131c5", "properties": {"id": "SEG-27006131c5", "name": "Manhattan Avenue", "highway": "tertiary", "scope": "in_scope", "borough": "Brooklyn", "bridge": false, "tunnel": false, "status": "geometry_verified"}, "geometry": {"type": "LineString", "coordinates": [[-73.9554788, 40.7376199], [-73.9554263, 40.7378431], [-73.9554052, 40.7379278], [-73.9553711, 40.7380005]]}}, {"type": "Feature", "id": "SEG-552a79599a", "properties": {"id": "SEG-552a79599a", "name": "East 50th Street", "highway": "residential", "scope": "in_scope", "borough": "Manhattan", "bridge": false, "tunnel": false, "status": "inventoried"}, "geometry": {"type": "LineString", "coordinates": [[-73.9661361, 40.7538651], [-73.9660277, 40.7538199], [-73.9648841, 40.7533444], [-73.964811, 40.753314]]}}, {"type": "Feature", "id": "SEG-0e7eae1b41", "properties": {"id": "SEG-0e7eae1b41", "name": "Borden Avenue", "highway": "secondary", "scope": "in_scope", "borough": "Queens", "bridge": false, "tunnel": false, "status": "inventoried"}, "geometry": {"type": "LineString", "coordinates": [[-73.9368531, 40.7377757], [-73.9367961, 40.7377681], [-73.9361574, 40.7376836]]}}, {"type": "Feature", "id": "SEG-ca070e7d95", "properties": {"id": "SEG-ca070e7d95", "name": "Norman Avenue", "highway": "residential", "scope": "in_scope", "borough": "Brooklyn", "bridge": false, "tunnel": false, "status": "inventoried"}, "geometry": {"type": "LineString", "coordinates": [[-73.950875, 40.725721], [-73.9507962, 40.7257469], [-73.9500967, 40.7259767], [-73.950029, 40.725999]]}}, {"type": "Feature", "id": "SEG-a2adadfea6", "properties": {"id": "SEG-a2adadfea6", "name": "Norman Avenue", "highway": "residential", "scope": "in_scope", "borough": "Brooklyn", "bridge": false, "tunnel": false, "status": "inventoried"}, "geometry": {"type": "LineString", "coordinates": [[-73.9490536, 40.7263206], [-73.9489612, 40.7263515], [-73.9484413, 40.7265249], [-73.948373, 40.726548]]}}, {"type": "Feature", "id": "SEG-525d08d9e7", "properties": {"id": "SEG-525d08d9e7", "name": "FDR Drive", "highway": "motorway", "scope": "in_scope", "borough": "Manhattan", "bridge": false, "tunnel": true, "status": "blocked"}, "geometry": {"type": "LineString", "coordinates": [[-73.9678838, 40.7481568], [-73.9659367, 40.7504833], [-73.9649925, 40.7515697]]}}, {"type": "Feature", "id": "SEG-2dfbb94337", "properties": {"id": "SEG-2dfbb94337", "name": "Court Square East", "highway": "residential", "scope": "in_scope", "borough": "Queens", "bridge": false, "tunnel": false, "status": "inventoried"}, "geometry": {"type": "LineString", "coordinates": [[-73.9428053, 40.7463427], [-73.9427557, 40.7462601], [-73.9427282, 40.7462182], [-73.9423951, 40.7457294], [-73.9420334, 40.7451988]]}}, {"type": "Feature", "id": "SEG-a986ae4d05", "properties": {"id": "SEG-a986ae4d05", "name": "44th Avenue", "highway": "residential", "scope": "in_scope", "borough": "Queens", "bridge": false, "tunnel": false, "status": "inventoried"}, "geometry": {"type": "LineString", "coordinates": [[-73.9514708, 40.7504378], [-73.9506068, 40.7502718], [-73.9505029, 40.7502518]]}}, {"type": "Feature", "id": "SEG-1b1b63caf4", "properties": {"id": "SEG-1b1b63caf4", "name": "31st Place", "highway": "unclassified", "scope": "in_scope", "borough": "Queens", "bridge": false, "tunnel": false, "status": "inventoried"}, "geometry": {"type": "LineString", "coordinates": [[-73.9348703, 40.7429902], [-73.9348879, 40.7429035], [-73.9348938, 40.7428732], [-73.9352241, 40.7412232], [-73.9352382, 40.7411477]]}}, {"type": "Feature", "id": "SEG-dbfe9ab12b", "properties": {"id": "SEG-dbfe9ab12b", "name": "Jackson Avenue", "highway": "primary", "scope": "in_scope", "borough": "Queens", "bridge": false, "tunnel": false, "status": "inventoried"}, "geometry": {"type": "LineString", "coordinates": [[-73.9425182, 40.7471469], [-73.9426974, 40.74708], [-73.9429442, 40.7469797], [-73.9429984, 40.7469582], [-73.9431165, 40.7469112], [-73.9432186, 40.7468625]]}}, {"type": "Feature", "id": "SEG-69d823d989", "properties": {"id": "SEG-69d823d989", "name": "50th Avenue", "highway": "residential", "scope": "in_scope", "borough": "Queens", "bridge": false, "tunnel": false, "status": "inventoried"}, "geometry": {"type": "LineString", "coordinates": [[-73.9593576, 40.7437507], [-73.9591962, 40.7437202], [-73.9585535, 40.7435997], [-73.9584461, 40.7435796]]}}, {"type": "Feature", "id": "SEG-9b6a389110", "properties": {"id": "SEG-9b6a389110", "name": "5th Street", "highway": "residential", "scope": "in_scope", "borough": "Queens", "bridge": false, "tunnel": false, "status": "geometry_verified"}, "geometry": {"type": "LineString", "coordinates": [[-73.9566721, 40.7424777], [-73.9566873, 40.7424322], [-73.9567695, 40.7421854], [-73.9568433, 40.7419552], [-73.9568531, 40.7419227], [-73.9568901, 40.7418108]]}}, {"type": "Feature", "id": "SEG-37c4d165eb", "properties": {"id": "SEG-37c4d165eb", "name": "", "highway": "service", "scope": "secondary", "borough": "Manhattan", "bridge": false, "tunnel": false, "status": "inventoried"}, "geometry": {"type": "LineString", "coordinates": [[-73.9652582, 40.7524802], [-73.9652167, 40.7525326]]}}, {"type": "Feature", "id": "SEG-a0c05558c7", "properties": {"id": "SEG-a0c05558c7", "name": "", "highway": "service", "scope": "secondary", "borough": "Manhattan", "bridge": false, "tunnel": false, "status": "inventoried"}, "geometry": {"type": "LineString", "coordinates": [[-73.9652167, 40.7525326], [-73.9651809, 40.7525779], [-73.9651396, 40.7526344]]}}, {"type": "Feature", "id": "SEG-37062f0dba", "properties": {"id": "SEG-37062f0dba", "name": "21st Street", "highway": "primary", "scope": "in_scope", "borough": "Queens", "bridge": false, "tunnel": false, "status": "geometry_verified"}, "geometry": {"type": "LineString", "coordinates": [[-73.9491605, 40.7427278], [-73.9491984, 40.7426118], [-73.949228, 40.7425326]]}}, {"type": "Feature", "id": "SEG-648e40fa6a", "properties": {"id": "SEG-648e40fa6a", "name": "23rd Street", "highway": "tertiary", "scope": "in_scope", "borough": "Queens", "bridge": false, "tunnel": false, "status": "inventoried"}, "geometry": {"type": "LineString", "coordinates": [[-73.9447725, 40.7484073], [-73.9447402, 40.7484615], [-73.9446568, 40.7485818], [-73.9445907, 40.7486659], [-73.94426, 40.7490431]]}}, {"type": "Feature", "id": "SEG-45235f8e5d", "properties": {"id": "SEG-45235f8e5d", "name": "", "highway": "service", "scope": "secondary", "borough": "Manhattan", "bridge": false, "tunnel": false, "status": "inventoried"}, "geometry": {"type": "LineString", "coordinates": [[-73.9662536, 40.7529662], [-73.9662224, 40.7530089], [-73.9661765, 40.7530717]]}}, {"type": "Feature", "id": "SEG-950c5489e7", "properties": {"id": "SEG-950c5489e7", "name": "Queens Boulevard", "highway": "primary", "scope": "in_scope", "borough": "Queens", "bridge": false, "tunnel": false, "status": "inventoried"}, "geometry": {"type": "LineString", "coordinates": [[-73.9373948, 40.7489275], [-73.937299, 40.7488333], [-73.9367924, 40.7483326]]}}, {"type": "Feature", "id": "SEG-c52ec1cb2f", "properties": {"id": "SEG-c52ec1cb2f", "name": "21st Street", "highway": "primary", "scope": "in_scope", "borough": "Queens", "bridge": false, "tunnel": false, "status": "inventoried"}, "geometry": {"type": "LineString", "coordinates": [[-73.94004, 40.756487], [-73.9402121, 40.7563072], [-73.9402289, 40.7562896], [-73.9406557, 40.7558435]]}}, {"type": "Feature", "id": "SEG-6eadfe6d1e", "properties": {"id": "SEG-6eadfe6d1e", "name": "21st Street", "highway": "primary", "scope": "in_scope", "borough": "Queens", "bridge": false, "tunnel": false, "status": "inventoried"}, "geometry": {"type": "LineString", "coordinates": [[-73.9406557, 40.7558435], [-73.9410733, 40.7554071], [-73.94117, 40.7553061], [-73.941239, 40.755234]]}}, {"type": "Feature", "id": "SEG-7c7eec22a4", "properties": {"id": "SEG-7c7eec22a4", "name": "Hunter Street", "highway": "living_street", "scope": "in_scope", "borough": "Queens", "bridge": false, "tunnel": false, "status": "inventoried"}, "geometry": {"type": "LineString", "coordinates": [[-73.942506, 40.7479638], [-73.9425216, 40.7479511], [-73.9425621, 40.7479181], [-73.9430296, 40.7477553], [-73.9430754, 40.7477388], [-73.9431644, 40.7477083], [-73.9432134, 40.7477084], [-73.9432473, 40.7477084]]}}, {"type": "Feature", "id": "SEG-69350d5bf0", "properties": {"id": "SEG-69350d5bf0", "name": "", "highway": "trunk_link", "scope": "in_scope", "borough": "Queens", "bridge": false, "tunnel": false, "status": "inventoried"}, "geometry": {"type": "LineString", "coordinates": [[-73.9373948, 40.7489275], [-73.9374033, 40.7490561], [-73.9374136, 40.7491214], [-73.9376248, 40.7494266], [-73.9377196, 40.7495248]]}}, {"type": "Feature", "id": "SEG-b4bf67b26e", "properties": {"id": "SEG-b4bf67b26e", "name": "Nassau Avenue", "highway": "residential", "scope": "in_scope", "borough": "Brooklyn", "bridge": false, "tunnel": false, "status": "inventoried"}, "geometry": {"type": "LineString", "coordinates": [[-73.941687, 40.725882], [-73.9416023, 40.7258901], [-73.9408242, 40.7259647], [-73.940738, 40.725973]]}}, {"type": "Feature", "id": "SEG-34a11fa7f3", "properties": {"id": "SEG-34a11fa7f3", "name": "44th Road", "highway": "residential", "scope": "in_scope", "borough": "Queens", "bridge": false, "tunnel": false, "status": "inventoried"}, "geometry": {"type": "LineString", "coordinates": [[-73.9510661, 40.7496217], [-73.9511492, 40.7496392], [-73.9519208, 40.7497921], [-73.9520131, 40.7498105]]}}, {"type": "Feature", "id": "SEG-f6c3aee0cf", "properties": {"id": "SEG-f6c3aee0cf", "name": "12th Street", "highway": "residential", "scope": "in_scope", "borough": "Queens", "bridge": false, "tunnel": false, "status": "inventoried"}, "geometry": {"type": "LineString", "coordinates": [[-73.9458631, 40.7529191], [-73.9459348, 40.7528399]]}}, {"type": "Feature", "id": "SEG-87be6c65fb", "properties": {"id": "SEG-87be6c65fb", "name": "Van Dam Street", "highway": "secondary", "scope": "in_scope", "borough": "Brooklyn", "bridge": false, "tunnel": false, "status": "inventoried"}, "geometry": {"type": "LineString", "coordinates": [[-73.93701, 40.726327], [-73.9370236, 40.726413], [-73.9372245, 40.7276673], [-73.9372315, 40.7277154], [-73.937243, 40.727794]]}}, {"type": "Feature", "id": "SEG-7484b21c22", "properties": {"id": "SEG-7484b21c22", "name": "Meserole Avenue", "highway": "residential", "scope": "in_scope", "borough": "Brooklyn", "bridge": false, "tunnel": false, "status": "inventoried"}, "geometry": {"type": "LineString", "coordinates": [[-73.9543948, 40.7265416], [-73.9544637, 40.7265188], [-73.9551568, 40.7262897], [-73.9552217, 40.7262682]]}}, {"type": "Feature", "id": "SEG-788cf57e60", "properties": {"id": "SEG-788cf57e60", "name": "", "highway": "motorway_link", "scope": "in_scope", "borough": "Manhattan", "bridge": false, "tunnel": false, "status": "inventoried"}, "geometry": {"type": "LineString", "coordinates": [[-73.9683741, 40.7482589], [-73.9688054, 40.7484404], [-73.9688516, 40.7484591]]}}, {"type": "Feature", "id": "SEG-ca86bdd77e", "properties": {"id": "SEG-ca86bdd77e", "name": "31st Place", "highway": "unclassified", "scope": "in_scope", "borough": "Queens", "bridge": false, "tunnel": false, "status": "inventoried"}, "geometry": {"type": "LineString", "coordinates": [[-73.9352382, 40.7411477], [-73.9352558, 40.7410577], [-73.9354277, 40.740179], [-73.9354368, 40.7401407], [-73.9354496, 40.7400756]]}}, {"type": "Feature", "id": "SEG-99b1f75775", "properties": {"id": "SEG-99b1f75775", "name": "Skillman Avenue", "highway": "unclassified", "scope": "in_scope", "borough": "Queens", "bridge": false, "tunnel": false, "status": "inventoried"}, "geometry": {"type": "LineString", "coordinates": [[-73.9418105, 40.7438438], [-73.9415454, 40.7439487], [-73.9407103, 40.7442829], [-73.9406303, 40.7443142], [-73.9405457, 40.7443436], [-73.9404503, 40.7443756], [-73.9403225, 40.7444157]]}}, {"type": "Feature", "id": "SEG-442216fc06", "properties": {"id": "SEG-442216fc06", "name": "Dupont Street", "highway": "residential", "scope": "in_scope", "borough": "Brooklyn", "bridge": false, "tunnel": false, "status": "geometry_verified"}, "geometry": {"type": "LineString", "coordinates": [[-73.9551909, 40.7358732], [-73.9553138, 40.7358618], [-73.9584226, 40.7355697], [-73.9585271, 40.7355605]]}}, {"type": "Feature", "id": "SEG-bdf2cbd67b", "properties": {"id": "SEG-bdf2cbd67b", "name": "27th Street", "highway": "residential", "scope": "in_scope", "borough": "Queens", "bridge": false, "tunnel": false, "status": "inventoried"}, "geometry": {"type": "LineString", "coordinates": [[-73.938333, 40.75182], [-73.9382768, 40.7518808], [-73.9379206, 40.7522664]]}}, {"type": "Feature", "id": "SEG-08f5278efe", "properties": {"id": "SEG-08f5278efe", "name": "27th Street", "highway": "residential", "scope": "in_scope", "borough": "Queens", "bridge": false, "tunnel": false, "status": "inventoried"}, "geometry": {"type": "LineString", "coordinates": [[-73.9379206, 40.7522664], [-73.9379023, 40.7522862]]}}, {"type": "Feature", "id": "SEG-45f5a0aba4", "properties": {"id": "SEG-45f5a0aba4", "name": "27th Street", "highway": "residential", "scope": "in_scope", "borough": "Queens", "bridge": false, "tunnel": false, "status": "inventoried"}, "geometry": {"type": "LineString", "coordinates": [[-73.9379023, 40.7522862], [-73.9375803, 40.7526348], [-73.9372542, 40.7529878], [-73.9372138, 40.7530315], [-73.93717, 40.753079]]}}, {"type": "Feature", "id": "SEG-805ab85867", "properties": {"id": "SEG-805ab85867", "name": "", "highway": "service", "scope": "secondary", "borough": "Brooklyn", "bridge": false, "tunnel": false, "status": "inventoried"}, "geometry": {"type": "LineString", "coordinates": [[-73.9375491, 40.7262761], [-73.9375416, 40.7262052], [-73.9375176, 40.7259772]]}}, {"type": "Feature", "id": "SEG-5513a57412", "properties": {"id": "SEG-5513a57412", "name": "", "highway": "service", "scope": "secondary", "borough": "Brooklyn", "bridge": false, "tunnel": false, "status": "inventoried"}, "geometry": {"type": "LineString", "coordinates": [[-73.9375176, 40.7259772], [-73.9375511, 40.7258989], [-73.9375323, 40.7257505]]}}, {"type": "Feature", "id": "SEG-555dc3a890", "properties": {"id": "SEG-555dc3a890", "name": "Queens Plaza South", "highway": "secondary", "scope": "in_scope", "borough": "Queens", "bridge": false, "tunnel": false, "status": "inventoried"}, "geometry": {"type": "LineString", "coordinates": [[-73.9386164, 40.7496699], [-73.9384302, 40.7495661], [-73.9382711, 40.7495004], [-73.9381874, 40.7494658], [-73.9381286, 40.7494394], [-73.9380745, 40.7494077], [-73.9380101, 40.7493607], [-73.9379528, 40.7493205]]}}, {"type": "Feature", "id": "SEG-93ba1868ab", "properties": {"id": "SEG-93ba1868ab", "name": "India Street", "highway": "residential", "scope": "in_scope", "borough": "Brooklyn", "bridge": false, "tunnel": false, "status": "inventoried"}, "geometry": {"type": "LineString", "coordinates": [[-73.9519481, 40.7325826], [-73.9518502, 40.7325919], [-73.9516923, 40.7326069]]}}, {"type": "Feature", "id": "SEG-8f9bc088b6", "properties": {"id": "SEG-8f9bc088b6", "name": "India Street", "highway": "residential", "scope": "in_scope", "borough": "Brooklyn", "bridge": false, "tunnel": false, "status": "inventoried"}, "geometry": {"type": "LineString", "coordinates": [[-73.9516923, 40.7326069], [-73.9513318, 40.7326411]]}}, {"type": "Feature", "id": "SEG-365c3a4e8e", "properties": {"id": "SEG-365c3a4e8e", "name": "India Street", "highway": "residential", "scope": "in_scope", "borough": "Brooklyn", "bridge": false, "tunnel": false, "status": "inventoried"}, "geometry": {"type": "LineString", "coordinates": [[-73.9513318, 40.7326411], [-73.9497194, 40.7327941], [-73.9496556, 40.7328002], [-73.9495793, 40.7328074]]}}, {"type": "Feature", "id": "SEG-2c2a889054", "properties": {"id": "SEG-2c2a889054", "name": "44th Road", "highway": "residential", "scope": "in_scope", "borough": "Queens", "bridge": false, "tunnel": false, "status": "inventoried"}, "geometry": {"type": "LineString", "coordinates": [[-73.942506, 40.7479638], [-73.9425792, 40.7479796], [-73.9427818, 40.7480233], [-73.9428459, 40.7480382], [-73.9429252, 40.7480509]]}}, {"type": "Feature", "id": "SEG-a2284061b2", "properties": {"id": "SEG-a2284061b2", "name": "", "highway": "trunk_link", "scope": "in_scope", "borough": "Queens", "bridge": false, "tunnel": false, "status": "inventoried"}, "geometry": {"type": "LineString", "coordinates": [[-73.936493, 40.7494004], [-73.9367024, 40.7494323], [-73.9371809, 40.7495107], [-73.9372569, 40.7495241], [-73.9373221, 40.7495405], [-73.9373873, 40.7495601], [-73.9374538, 40.7495817], [-73.9376256, 40.7496515], [-73.9376987, 40.7496847], [-73.9377198, 40.7496953], [-73.9378737, 40.7497501]]}}, {"type": "Feature", "id": "SEG-8b4183946a", "properties": {"id": "SEG-8b4183946a", "name": "Meserole Avenue", "highway": "residential", "scope": "in_scope", "borough": "Brooklyn", "bridge": false, "tunnel": false, "status": "inventoried"}, "geometry": {"type": "LineString", "coordinates": [[-73.945116, 40.729349], [-73.9452023, 40.7293405], [-73.9459607, 40.7292655], [-73.9460412, 40.7292575]]}}, {"type": "Feature", "id": "SEG-c99188c00a", "properties": {"id": "SEG-c99188c00a", "name": "Gem Street", "highway": "residential", "scope": "in_scope", "borough": "Brooklyn", "bridge": false, "tunnel": false, "status": "inventoried"}, "geometry": {"type": "LineString", "coordinates": [[-73.9560625, 40.7241922], [-73.9566286, 40.7251818], [-73.9568767, 40.7256154], [-73.9568926, 40.7256456], [-73.9569257, 40.7257048]]}}, {"type": "Feature", "id": "SEG-4908aabbbd", "properties": {"id": "SEG-4908aabbbd", "name": "", "highway": "service", "scope": "secondary", "borough": "Manhattan", "bridge": false, "tunnel": false, "status": "inventoried"}, "geometry": {"type": "LineString", "coordinates": [[-73.9652298, 40.7518563], [-73.9652272, 40.7518878], [-73.9652097, 40.7519187], [-73.9651914, 40.7519424], [-73.9651664, 40.751965]]}}, {"type": "Feature", "id": "SEG-1d066924c1", "properties": {"id": "SEG-1d066924c1", "name": "", "highway": "service", "scope": "secondary", "borough": "Brooklyn", "bridge": false, "tunnel": false, "status": "inventoried"}, "geometry": {"type": "LineString", "coordinates": [[-73.9580378, 40.7325597], [-73.9581283, 40.7325513], [-73.958471, 40.7325211]]}}, {"type": "Feature", "id": "SEG-8c3774fc34", "properties": {"id": "SEG-8c3774fc34", "name": "Eagle Street", "highway": "residential", "scope": "in_scope", "borough": "Brooklyn", "bridge": false, "tunnel": false, "status": "geometry_verified"}, "geometry": {"type": "LineString", "coordinates": [[-73.955074, 40.7351597], [-73.954961, 40.7351704], [-73.953012, 40.7353544], [-73.9529491, 40.7353604], [-73.9528495, 40.7353684]]}}, {"type": "Feature", "id": "SEG-56986ef785", "properties": {"id": "SEG-56986ef785", "name": "47th Avenue", "highway": "residential", "scope": "in_scope", "borough": "Queens", "bridge": false, "tunnel": false, "status": "geometry_verified"}, "geometry": {"type": "LineString", "coordinates": [[-73.9508224, 40.7450483], [-73.9509231, 40.7450671], [-73.951949, 40.7452633], [-73.95197, 40.7452674]]}}, {"type": "Feature", "id": "SEG-189ed763ed", "properties": {"id": "SEG-189ed763ed", "name": "47th Avenue", "highway": "residential", "scope": "in_scope", "borough": "Queens", "bridge": false, "tunnel": false, "status": "geometry_verified"}, "geometry": {"type": "LineString", "coordinates": [[-73.95197, 40.7452674], [-73.9521113, 40.7452951], [-73.9522759, 40.745327], [-73.9530661, 40.7454802], [-73.9531773, 40.7455002]]}}, {"type": "Feature", "id": "SEG-c809653069", "properties": {"id": "SEG-c809653069", "name": "Jackson Avenue", "highway": "primary", "scope": "in_scope", "borough": "Queens", "bridge": false, "tunnel": false, "status": "geometry_verified"}, "geometry": {"type": "LineString", "coordinates": [[-73.9514078, 40.7431897], [-73.9512578, 40.7432648]]}}, {"type": "Feature", "id": "SEG-5bfcc79dbd", "properties": {"id": "SEG-5bfcc79dbd", "name": "", "highway": "service", "scope": "secondary", "borough": "Queens", "bridge": false, "tunnel": false, "status": "geometry_verified"}, "geometry": {"type": "LineString", "coordinates": [[-73.9471493, 40.7413681], [-73.9471731, 40.7414504], [-73.9472065, 40.7415239], [-73.9472004, 40.7415472]]}}, {"type": "Feature", "id": "SEG-0534c8ffdf", "properties": {"id": "SEG-0534c8ffdf", "name": "", "highway": "service", "scope": "secondary", "borough": "Queens", "bridge": false, "tunnel": false, "status": "geometry_verified"}, "geometry": {"type": "LineString", "coordinates": [[-73.9472004, 40.7415472], [-73.947137, 40.7417881]]}}, {"type": "Feature", "id": "SEG-dfd2ffa7c5", "properties": {"id": "SEG-dfd2ffa7c5", "name": "Skillman Avenue", "highway": "residential", "scope": "in_scope", "borough": "Queens", "bridge": false, "tunnel": false, "status": "inventoried"}, "geometry": {"type": "LineString", "coordinates": [[-73.9376818, 40.7452429], [-73.9373953, 40.7453108], [-73.9370888, 40.7453846], [-73.9367527, 40.7454658], [-73.9354647, 40.7457775], [-73.9352294, 40.7458324]]}}, {"type": "Feature", "id": "SEG-948456158d", "properties": {"id": "SEG-948456158d", "name": "Skillman Avenue", "highway": "residential", "scope": "in_scope", "borough": "Queens", "bridge": false, "tunnel": false, "status": "inventoried"}, "geometry": {"type": "LineString", "coordinates": [[-73.9352294, 40.7458324], [-73.9351814, 40.7458436], [-73.9348948, 40.7459144]]}}, {"type": "Feature", "id": "SEG-983c683f55", "properties": {"id": "SEG-983c683f55", "name": "Skillman Avenue", "highway": "residential", "scope": "in_scope", "borough": "Queens", "bridge": false, "tunnel": false, "status": "inventoried"}, "geometry": {"type": "LineString", "coordinates": [[-73.9348948, 40.7459144], [-73.9345311, 40.7460042], [-73.9344235, 40.7460292]]}}, {"type": "Feature", "id": "SEG-ac4c5045d8", "properties": {"id": "SEG-ac4c5045d8", "name": "Bell Slip", "highway": "residential", "scope": "in_scope", "borough": "Brooklyn", "bridge": false, "tunnel": false, "status": "inventoried"}, "geometry": {"type": "LineString", "coordinates": [[-73.9583151, 40.7363963], [-73.9583522, 40.7364346], [-73.958372, 40.7364558], [-73.9588038, 40.7369286], [-73.9588861, 40.7369725]]}}, {"type": "Feature", "id": "SEG-e6311deb58", "properties": {"id": "SEG-e6311deb58", "name": "Bell Slip", "highway": "residential", "scope": "in_scope", "borough": "Brooklyn", "bridge": false, "tunnel": false, "status": "inventoried"}, "geometry": {"type": "LineString", "coordinates": [[-73.9588861, 40.7369725], [-73.9589934, 40.7370298]]}}, {"type": "Feature", "id": "SEG-b380b43fa3", "properties": {"id": "SEG-b380b43fa3", "name": "5th Street", "highway": "residential", "scope": "in_scope", "borough": "Queens", "bridge": false, "tunnel": false, "status": "geometry_verified"}, "geometry": {"type": "LineString", "coordinates": [[-73.9564373, 40.7431966], [-73.9564563, 40.7431226], [-73.9564654, 40.7430958], [-73.9566455, 40.7425574], [-73.9566721, 40.7424777]]}}, {"type": "Feature", "id": "SEG-59fcd48036", "properties": {"id": "SEG-59fcd48036", "name": "", "highway": "service", "scope": "secondary", "borough": "Brooklyn", "bridge": false, "tunnel": false, "status": "geometry_verified"}, "geometry": {"type": "LineString", "coordinates": [[-73.9522456, 40.7373671], [-73.9522056, 40.7374339], [-73.952196, 40.7374481], [-73.9521727, 40.7374898], [-73.9520409, 40.7377126]]}}, {"type": "Feature", "id": "SEG-0984050947", "properties": {"id": "SEG-0984050947", "name": "", "highway": "service", "scope": "secondary", "borough": "Brooklyn", "bridge": false, "tunnel": false, "status": "geometry_verified"}, "geometry": {"type": "LineString", "coordinates": [[-73.9520409, 40.7377126], [-73.9519371, 40.737914], [-73.9521544, 40.7380177], [-73.9520109, 40.7382311]]}}, {"type": "Feature", "id": "SEG-3c7dcb5146", "properties": {"id": "SEG-3c7dcb5146", "name": "", "highway": "service", "scope": "secondary", "borough": "Brooklyn", "bridge": false, "tunnel": false, "status": "geometry_verified"}, "geometry": {"type": "LineString", "coordinates": [[-73.9520109, 40.7382311], [-73.9517923, 40.7384689]]}}, {"type": "Feature", "id": "SEG-f06a622cfa", "properties": {"id": "SEG-f06a622cfa", "name": "Humboldt Street", "highway": "residential", "scope": "in_scope", "borough": "Brooklyn", "bridge": false, "tunnel": false, "status": "inventoried"}, "geometry": {"type": "LineString", "coordinates": [[-73.9460412, 40.7292575], [-73.9460324, 40.7292039], [-73.9457544, 40.7275222], [-73.9457465, 40.7274743], [-73.945735, 40.7274038]]}}, {"type": "Feature", "id": "SEG-59c0f7cb42", "properties": {"id": "SEG-59c0f7cb42", "name": "39th Avenue", "highway": "residential", "scope": "in_scope", "borough": "Queens", "bridge": false, "tunnel": false, "status": "inventoried"}, "geometry": {"type": "LineString", "coordinates": [[-73.9337053, 40.7531145], [-73.9336436, 40.7530812], [-73.9330398, 40.7527604], [-73.9330094, 40.7527446], [-73.93291, 40.752693]]}}, {"type": "Feature", "id": "SEG-4f66b88fe6", "properties": {"id": "SEG-4f66b88fe6", "name": "Commercial Street", "highway": "tertiary", "scope": "in_scope", "borough": "Brooklyn", "bridge": false, "tunnel": false, "status": "inventoried"}, "geometry": {"type": "LineString", "coordinates": [[-73.9583151, 40.7363963], [-73.9582016, 40.7364566]]}}, {"type": "Feature", "id": "SEG-b8c0bab94d", "properties": {"id": "SEG-b8c0bab94d", "name": "44th Drive", "highway": "unclassified", "scope": "in_scope", "borough": "Queens", "bridge": false, "tunnel": false, "status": "inventoried"}, "geometry": {"type": "LineString", "coordinates": [[-73.9543388, 40.7494155], [-73.954802, 40.749494], [-73.9553503, 40.749587]]}}, {"type": "Feature", "id": "SEG-9098a35505", "properties": {"id": "SEG-9098a35505", "name": "Tudor City Place", "highway": "residential", "scope": "in_scope", "borough": "Manhattan", "bridge": false, "tunnel": false, "status": "inventoried"}, "geometry": {"type": "LineString", "coordinates": [[-73.9709247, 40.7484102], [-73.9708678, 40.7484701], [-73.9705325, 40.7489365], [-73.9705128, 40.7489671]]}}, {"type": "Feature", "id": "SEG-e4280151c9", "properties": {"id": "SEG-e4280151c9", "name": "Queens Boulevard", "highway": "primary", "scope": "in_scope", "borough": "Queens", "bridge": true, "tunnel": false, "status": "inventoried"}, "geometry": {"type": "LineString", "coordinates": [[-73.9367924, 40.7483326], [-73.935561, 40.747158], [-73.9351898, 40.7467914], [-73.9347914, 40.7463847], [-73.9345514, 40.74615]]}}, {"type": "Feature", "id": "SEG-6f4aaab833", "properties": {"id": "SEG-6f4aaab833", "name": "Jackson Avenue", "highway": "primary", "scope": "in_scope", "borough": "Queens", "bridge": false, "tunnel": false, "status": "inventoried"}, "geometry": {"type": "LineString", "coordinates": [[-73.9414362, 40.7474202], [-73.9412109, 40.7475022]]}}, {"type": "Feature", "id": "SEG-c4b6e3e778", "properties": {"id": "SEG-c4b6e3e778", "name": "Ed Koch Queensboro Bridge Lower Roadway", "highway": "trunk", "scope": "in_scope", "borough": "Queens", "bridge": false, "tunnel": false, "status": "inventoried"}, "geometry": {"type": "LineString", "coordinates": [[-73.941921, 40.7513613], [-73.9413265, 40.7510996], [-73.9408211, 40.7508772]]}}, {"type": "Feature", "id": "SEG-8a46f1b31f", "properties": {"id": "SEG-8a46f1b31f", "name": "", "highway": "service", "scope": "secondary", "borough": "Queens", "bridge": false, "tunnel": false, "status": "inventoried"}, "geometry": {"type": "LineString", "coordinates": [[-73.9346062, 40.7387453], [-73.9345552, 40.7389959]]}}, {"type": "Feature", "id": "SEG-b4a0c1f8d4", "properties": {"id": "SEG-b4a0c1f8d4", "name": "", "highway": "service", "scope": "secondary", "borough": "Queens", "bridge": false, "tunnel": false, "status": "inventoried"}, "geometry": {"type": "LineString", "coordinates": [[-73.9345552, 40.7389959], [-73.9344744, 40.7390077]]}}, {"type": "Feature", "id": "SEG-798b310579", "properties": {"id": "SEG-798b310579", "name": "", "highway": "service", "scope": "secondary", "borough": "Queens", "bridge": false, "tunnel": false, "status": "inventoried"}, "geometry": {"type": "LineString", "coordinates": [[-73.9344744, 40.7390077], [-73.9344417, 40.7389728], [-73.934401, 40.738865], [-73.9343693, 40.7388139]]}}, {"type": "Feature", "id": "SEG-3b17cfa31a", "properties": {"id": "SEG-3b17cfa31a", "name": "40th Road", "highway": "residential", "scope": "in_scope", "borough": "Queens", "bridge": false, "tunnel": false, "status": "inventoried"}, "geometry": {"type": "LineString", "coordinates": [[-73.9361192, 40.7517237], [-73.9360631, 40.7516923], [-73.9354122, 40.7513407], [-73.9352044, 40.7512284], [-73.9351756, 40.7512129], [-73.9348854, 40.7510568], [-73.934743, 40.750979]]}}, {"type": "Feature", "id": "SEG-e361176ef2", "properties": {"id": "SEG-e361176ef2", "name": "Borden Avenue", "highway": "secondary", "scope": "in_scope", "borough": "Queens", "bridge": false, "tunnel": false, "status": "inventoried"}, "geometry": {"type": "LineString", "coordinates": [[-73.9359352, 40.7376517], [-73.9358787, 40.7376427], [-73.9357661, 40.7376247], [-73.9355991, 40.7375982], [-73.9354223, 40.7375654]]}}, {"type": "Feature", "id": "SEG-b16fe7b3e3", "properties": {"id": "SEG-b16fe7b3e3", "name": "Starr Avenue", "highway": "residential", "scope": "in_scope", "borough": "Queens", "bridge": false, "tunnel": false, "status": "inventoried"}, "geometry": {"type": "LineString", "coordinates": [[-73.9367086, 40.7356567], [-73.9367642, 40.7357486]]}}, {"type": "Feature", "id": "SEG-6b57844d51", "properties": {"id": "SEG-6b57844d51", "name": "Skillman Avenue", "highway": "residential", "scope": "in_scope", "borough": "Queens", "bridge": false, "tunnel": false, "status": "inventoried"}, "geometry": {"type": "LineString", "coordinates": [[-73.9379634, 40.7451805], [-73.9376818, 40.7452429]]}}, {"type": "Feature", "id": "SEG-62172c7e80", "properties": {"id": "SEG-62172c7e80", "name": "46th Avenue", "highway": "residential", "scope": "in_scope", "borough": "Queens", "bridge": false, "tunnel": false, "status": "geometry_verified"}, "geometry": {"type": "LineString", "coordinates": [[-73.952713, 40.7468835], [-73.9528221, 40.7469042], [-73.953528, 40.7470427], [-73.9547756, 40.7472832], [-73.9549742, 40.7473222], [-73.9550486, 40.7473367]]}}, {"type": "Feature", "id": "SEG-d20fec41ef", "properties": {"id": "SEG-d20fec41ef", "name": "", "highway": "service", "scope": "secondary", "borough": "Brooklyn", "bridge": false, "tunnel": false, "status": "geometry_verified"}, "geometry": {"type": "LineString", "coordinates": [[-73.9517923, 40.7384689], [-73.9518553, 40.7385004], [-73.9519183, 40.7385319], [-73.9521195, 40.7383022], [-73.9520109, 40.7382311]]}}, {"type": "Feature", "id": "SEG-97deab4deb", "properties": {"id": "SEG-97deab4deb", "name": "23rd Street", "highway": "unclassified", "scope": "in_scope", "borough": "Queens", "bridge": false, "tunnel": false, "status": "geometry_verified"}, "geometry": {"type": "LineString", "coordinates": [[-73.9471493, 40.7413681], [-73.947354, 40.740768], [-73.9473805, 40.7406907]]}}, {"type": "Feature", "id": "SEG-23ae9213d7", "properties": {"id": "SEG-23ae9213d7", "name": "East 42nd Street", "highway": "primary", "scope": "in_scope", "borough": "Manhattan", "bridge": false, "tunnel": false, "status": "inventoried"}, "geometry": {"type": "LineString", "coordinates": [[-73.9699706, 40.7488839], [-73.9697356, 40.7487771]]}}, {"type": "Feature", "id": "SEG-3e34f7d12c", "properties": {"id": "SEG-3e34f7d12c", "name": "41st Avenue", "highway": "residential", "scope": "in_scope", "borough": "Queens", "bridge": false, "tunnel": false, "status": "inventoried"}, "geometry": {"type": "LineString", "coordinates": [[-73.944019, 40.75481], [-73.9439531, 40.7547745], [-73.9438162, 40.754706], [-73.9428711, 40.7542233], [-73.9425937, 40.7540816], [-73.9425554, 40.7540621], [-73.94243, 40.753998]]}}, {"type": "Feature", "id": "SEG-943b0bce1e", "properties": {"id": "SEG-943b0bce1e", "name": "", "highway": "service", "scope": "secondary", "borough": "Brooklyn", "bridge": false, "tunnel": false, "status": "inventoried"}, "geometry": {"type": "LineString", "coordinates": [[-73.9411007, 40.7310698], [-73.9411632, 40.7313131]]}}, {"type": "Feature", "id": "SEG-ece47457a3", "properties": {"id": "SEG-ece47457a3", "name": "", "highway": "service", "scope": "secondary", "borough": "Brooklyn", "bridge": false, "tunnel": false, "status": "inventoried"}, "geometry": {"type": "LineString", "coordinates": [[-73.9506699, 40.7253619], [-73.9506078, 40.7253839], [-73.9502983, 40.7254934]]}}, {"type": "Feature", "id": "SEG-198fcc6853", "properties": {"id": "SEG-198fcc6853", "name": "Greenpoint Avenue", "highway": "primary", "scope": "in_scope", "borough": "Brooklyn", "bridge": false, "tunnel": false, "status": "inventoried"}, "geometry": {"type": "LineString", "coordinates": [[-73.9492353, 40.7306923], [-73.9493271, 40.7306802], [-73.9493714, 40.7306741], [-73.9496959, 40.7306431], [-73.9497198, 40.7306408], [-73.9499963, 40.7306144], [-73.9506277, 40.7305542]]}}, {"type": "Feature", "id": "SEG-d574ba6390", "properties": {"id": "SEG-d574ba6390", "name": "", "highway": "service", "scope": "secondary", "borough": "Queens", "bridge": false, "tunnel": false, "status": "inventoried"}, "geometry": {"type": "LineString", "coordinates": [[-73.9344744, 40.7390077], [-73.9344566, 40.7390154], [-73.9343745, 40.7390458]]}}, {"type": "Feature", "id": "SEG-f67a0f8353", "properties": {"id": "SEG-f67a0f8353", "name": "2nd Street", "highway": "residential", "scope": "in_scope", "borough": "Queens", "bridge": false, "tunnel": false, "status": "inventoried"}, "geometry": {"type": "LineString", "coordinates": [[-73.9584461, 40.7435796], [-73.9584691, 40.7435106], [-73.958655, 40.7429929], [-73.9586714, 40.7429466], [-73.9586943, 40.7428732]]}}, {"type": "Feature", "id": "SEG-d6ef008ea5", "properties": {"id": "SEG-d6ef008ea5", "name": "East 50th Street", "highway": "secondary", "scope": "in_scope", "borough": "Manhattan", "bridge": false, "tunnel": false, "status": "inventoried"}, "geometry": {"type": "LineString", "coordinates": [[-73.9707763, 40.7558333], [-73.9706286, 40.7557727], [-73.9703501, 40.755656], [-73.9687289, 40.7549657], [-73.9686723, 40.7549416], [-73.96852, 40.754877]]}}, {"type": "Feature", "id": "SEG-c562386684", "properties": {"id": "SEG-c562386684", "name": "Van Dam Street", "highway": "primary", "scope": "in_scope", "borough": "Queens", "bridge": false, "tunnel": false, "status": "inventoried"}, "geometry": {"type": "LineString", "coordinates": [[-73.9349617, 40.7377897], [-73.935024, 40.7375673], [-73.9350354, 40.7375351], [-73.9350527, 40.7374945]]}}, {"type": "Feature", "id": "SEG-9b85b2c241", "properties": {"id": "SEG-9b85b2c241", "name": "Long Island Expressway", "highway": "motorway", "scope": "in_scope", "borough": "Queens", "bridge": true, "tunnel": false, "status": "blocked"}, "geometry": {"type": "LineString", "coordinates": [[-73.9365309, 40.7379212], [-73.9366936, 40.7379419], [-73.9368352, 40.7379591], [-73.937014, 40.7379827], [-73.9371823, 40.738007], [-73.9373704, 40.7380358], [-73.9375596, 40.7380683], [-73.9377115, 40.7380972], [-73.9378506, 40.7381253], [-73.9379995, 40.7381585], [-73.9381796, 40.7381993], [-73.9383605, 40.7382418], [-73.9385231, 40.7382837], [-73.9386793, 40.7383276], [-73.9388313, 40.7383717], [-73.9390012, 40.7384245], [-73.9391598, 40.7384725], [-73.9393145, 40.738524], [-73.9394429, 40.7385682], [-73.9395861, 40.7386203], [-73.9397015, 40.7386637], [-73.9398404, 40.7387177], [-73.9399552, 40.7387634], [-73.9401785, 40.7388559], [-73.9438315, 40.7403962], [-73.9439955, 40.7404634], [-73.9441535, 40.7405232], [-73.9443246, 40.7405853], [-73.9444917, 40.7406433], [-73.9446516, 40.7406959], [-73.9447843, 40.7407362], [-73.9449385, 40.7407813], [-73.9451073, 40.7408276], [-73.9452862, 40.7408717], [-73.9454596, 40.7409112], [-73.94563, 40.7409478], [-73.9457965, 40.7409824], [-73.9489112, 40.7415926], [-73.9490239, 40.7416127], [-73.9491531, 40.7416358], [-73.94927, 40.7416541], [-73.9493942, 40.741671], [-73.9495014, 40.7416851], [-73.949632, 40.741699], [-73.9497647, 40.741707], [-73.9499034, 40.7417114], [-73.9500345, 40.741712], [-73.950164, 40.7417101], [-73.9503154, 40.7417057]]}}, {"type": "Feature", "id": "SEG-fc8681d570", "properties": {"id": "SEG-fc8681d570", "name": "McGuinness Boulevard", "highway": "primary", "scope": "in_scope", "borough": "Brooklyn", "bridge": false, "tunnel": false, "status": "inventoried"}, "geometry": {"type": "LineString", "coordinates": [[-73.9490536, 40.7263206], [-73.9490964, 40.726396], [-73.9497311, 40.7275152], [-73.9499671, 40.7279313], [-73.9499997, 40.7279887]]}}, {"type": "Feature", "id": "SEG-03db92ee44", "properties": {"id": "SEG-03db92ee44", "name": "McGuinness Boulevard", "highway": "tertiary", "scope": "in_scope", "borough": "Brooklyn", "bridge": false, "tunnel": false, "status": "geometry_verified"}, "geometry": {"type": "LineString", "coordinates": [[-73.9523393, 40.7347071], [-73.952344, 40.7347724], [-73.9523567, 40.7349391], [-73.9523563, 40.7349878], [-73.9523608, 40.7350634], [-73.9523689, 40.735125], [-73.9523967, 40.7352906], [-73.9524168, 40.7354141]]}}, {"type": "Feature", "id": "SEG-bacb844854", "properties": {"id": "SEG-bacb844854", "name": "", "highway": "service", "scope": "secondary", "borough": "Brooklyn", "bridge": false, "tunnel": false, "status": "geometry_verified"}, "geometry": {"type": "LineString", "coordinates": [[-73.9498517, 40.7355849], [-73.9498994, 40.7358802], [-73.9487234, 40.735991], [-73.9486697, 40.735994], [-73.9486201, 40.735993], [-73.9485718, 40.7359737], [-73.948541, 40.735933], [-73.9485053, 40.7357168]]}}, {"type": "Feature", "id": "SEG-e936e733ca", "properties": {"id": "SEG-e936e733ca", "name": "Sutton Place South", "highway": "residential", "scope": "in_scope", "borough": "Manhattan", "bridge": false, "tunnel": false, "status": "inventoried"}, "geometry": {"type": "LineString", "coordinates": [[-73.9621088, 40.7554632], [-73.9620903, 40.7554705], [-73.9620675, 40.7554855], [-73.9620525, 40.7554997], [-73.9616655, 40.7560086], [-73.9616198, 40.7560685]]}}, {"type": "Feature", "id": "SEG-6405ebc5fa", "properties": {"id": "SEG-6405ebc5fa", "name": "East 47th Street", "highway": "residential", "scope": "in_scope", "borough": "Manhattan", "bridge": false, "tunnel": false, "status": "inventoried"}, "geometry": {"type": "LineString", "coordinates": [[-73.969891, 40.7529981], [-73.9700261, 40.7530662], [-73.9703651, 40.7531994], [-73.9708498, 40.7534019], [-73.9712678, 40.7535763], [-73.9719989, 40.7538908], [-73.9721493, 40.7539543]]}}, {"type": "Feature", "id": "SEG-bd04c55e4c", "properties": {"id": "SEG-bd04c55e4c", "name": "Gale Avenue", "highway": "unclassified", "scope": "in_scope", "borough": "Queens", "bridge": false, "tunnel": false, "status": "inventoried"}, "geometry": {"type": "LineString", "coordinates": [[-73.9330306, 40.7371152], [-73.9330493, 40.7370604], [-73.9330633, 40.7370173], [-73.9330679, 40.7369967]]}}, {"type": "Feature", "id": "SEG-7af59b3948", "properties": {"id": "SEG-7af59b3948", "name": "44th Drive", "highway": "tertiary", "scope": "in_scope", "borough": "Queens", "bridge": false, "tunnel": false, "status": "inventoried"}, "geometry": {"type": "LineString", "coordinates": [[-73.9496291, 40.7485546], [-73.9497572, 40.7485791], [-73.9497812, 40.7485837], [-73.9500428, 40.7486335], [-73.9516444, 40.7489444]]}}, {"type": "Feature", "id": "SEG-b2375e590d", "properties": {"id": "SEG-b2375e590d", "name": "", "highway": "motorway_link", "scope": "in_scope", "borough": "Brooklyn", "bridge": true, "tunnel": false, "status": "inventoried"}, "geometry": {"type": "LineString", "coordinates": [[-73.9333375, 40.7248166], [-73.9330835, 40.7248828], [-73.9329564, 40.7249181], [-73.932809, 40.724961], [-73.9326733, 40.7250021], [-73.9325422, 40.7250428], [-73.9323985, 40.7250904], [-73.9322592, 40.7251404], [-73.9318993, 40.7253323]]}}, {"type": "Feature", "id": "SEG-b2791b444e", "properties": {"id": "SEG-b2791b444e", "name": "", "highway": "service", "scope": "secondary", "borough": "Brooklyn", "bridge": false, "tunnel": false, "status": "inventoried"}, "geometry": {"type": "LineString", "coordinates": [[-73.9605031, 40.7276443], [-73.9603611, 40.7276584]]}}, {"type": "Feature", "id": "SEG-ac9afd42bc", "properties": {"id": "SEG-ac9afd42bc", "name": "Banker Street", "highway": "residential", "scope": "in_scope", "borough": "Brooklyn", "bridge": false, "tunnel": false, "status": "inventoried"}, "geometry": {"type": "LineString", "coordinates": [[-73.9560686, 40.7259882], [-73.9561032, 40.7260511], [-73.9563384, 40.7264602], [-73.9563539, 40.7264875], [-73.9563721, 40.7265112], [-73.956827, 40.7269701], [-73.9568712, 40.7270128], [-73.9569301, 40.7270726]]}}, {"type": "Feature", "id": "SEG-a88ba74a3f", "properties": {"id": "SEG-a88ba74a3f", "name": "Dutch Kills Street", "highway": "service", "scope": "secondary", "borough": "Queens", "bridge": false, "tunnel": false, "status": "inventoried"}, "geometry": {"type": "LineString", "coordinates": [[-73.9406353, 40.7478172], [-73.940584, 40.7477306]]}}, {"type": "Feature", "id": "SEG-9aa2fc0df5", "properties": {"id": "SEG-9aa2fc0df5", "name": "Ash Street", "highway": "tertiary", "scope": "in_scope", "borough": "Brooklyn", "bridge": false, "tunnel": false, "status": "geometry_verified"}, "geometry": {"type": "LineString", "coordinates": [[-73.9553711, 40.7380005], [-73.9553925, 40.7379904], [-73.9554139, 40.7379796], [-73.955494, 40.7379348], [-73.9555591, 40.7378918]]}}, {"type": "Feature", "id": "SEG-d0c139ab67", "properties": {"id": "SEG-d0c139ab67", "name": "41st Avenue", "highway": "secondary", "scope": "in_scope", "borough": "Queens", "bridge": false, "tunnel": false, "status": "inventoried"}, "geometry": {"type": "LineString", "coordinates": [[-73.939871, 40.75264], [-73.9398128, 40.7526094], [-73.9395697, 40.75248], [-73.9392335, 40.7523014]]}}, {"type": "Feature", "id": "SEG-3e2a659b25", "properties": {"id": "SEG-3e2a659b25", "name": "41st Avenue", "highway": "secondary", "scope": "in_scope", "borough": "Queens", "bridge": false, "tunnel": false, "status": "inventoried"}, "geometry": {"type": "LineString", "coordinates": [[-73.9392335, 40.7523014], [-73.9391779, 40.7522716], [-73.9391219, 40.7522423]]}}, {"type": "Feature", "id": "SEG-53042e1342", "properties": {"id": "SEG-53042e1342", "name": "Purves Street", "highway": "residential", "scope": "in_scope", "borough": "Queens", "bridge": false, "tunnel": false, "status": "inventoried"}, "geometry": {"type": "LineString", "coordinates": [[-73.9414362, 40.7474202], [-73.9413946, 40.7473561], [-73.9405913, 40.746068], [-73.9405743, 40.7460408]]}}, {"type": "Feature", "id": "SEG-d9b55aea23", "properties": {"id": "SEG-d9b55aea23", "name": "East 51st Street", "highway": "residential", "scope": "in_scope", "borough": "Manhattan", "bridge": false, "tunnel": false, "status": "inventoried"}, "geometry": {"type": "LineString", "coordinates": [[-73.964347, 40.753935], [-73.9655669, 40.7544445], [-73.9656942, 40.7544977]]}}, {"type": "Feature", "id": "SEG-5fe586f807", "properties": {"id": "SEG-5fe586f807", "name": "", "highway": "service", "scope": "secondary", "borough": "Brooklyn", "bridge": false, "tunnel": false, "status": "inventoried"}, "geometry": {"type": "LineString", "coordinates": [[-73.9603395, 40.7275379], [-73.9603519, 40.7276071], [-73.9603611, 40.7276584]]}}, {"type": "Feature", "id": "SEG-776a0d0dde", "properties": {"id": "SEG-776a0d0dde", "name": "", "highway": "service", "scope": "secondary", "borough": "Brooklyn", "bridge": false, "tunnel": false, "status": "inventoried"}, "geometry": {"type": "LineString", "coordinates": [[-73.9603611, 40.7276584], [-73.9604308, 40.7280842], [-73.9605502, 40.7280745]]}}, {"type": "Feature", "id": "SEG-5c23d429bc", "properties": {"id": "SEG-5c23d429bc", "name": "", "highway": "service", "scope": "secondary", "borough": "Brooklyn", "bridge": false, "tunnel": false, "status": "inventoried"}, "geometry": {"type": "LineString", "coordinates": [[-73.9605502, 40.7280745], [-73.9605728, 40.7280727], [-73.9609817, 40.7280345]]}}, {"type": "Feature", "id": "SEG-a5622f281f", "properties": {"id": "SEG-a5622f281f", "name": "", "highway": "service", "scope": "secondary", "borough": "Brooklyn", "bridge": false, "tunnel": false, "status": "inventoried"}, "geometry": {"type": "LineString", "coordinates": [[-73.9609817, 40.7280345], [-73.9609214, 40.727603], [-73.9605031, 40.7276443]]}}, {"type": "Feature", "id": "SEG-9d8993b55a", "properties": {"id": "SEG-9d8993b55a", "name": "11th Street", "highway": "residential", "scope": "in_scope", "borough": "Queens", "bridge": false, "tunnel": false, "status": "geometry_verified"}, "geometry": {"type": "LineString", "coordinates": [[-73.9518215, 40.742981], [-73.9518163, 40.7428499], [-73.9517204, 40.7427478], [-73.9517057, 40.74273], [-73.951698, 40.7427147], [-73.9516939, 40.7426938], [-73.9516948, 40.7426724], [-73.9516997, 40.7426499], [-73.9517812, 40.7424056], [-73.9517969, 40.742361], [-73.951811, 40.7422928]]}}, {"type": "Feature", "id": "SEG-bb2551f82b", "properties": {"id": "SEG-bb2551f82b", "name": "Bradley Avenue", "highway": "residential", "scope": "in_scope", "borough": "Queens", "bridge": false, "tunnel": false, "status": "inventoried"}, "geometry": {"type": "LineString", "coordinates": [[-73.9356502, 40.7368893], [-73.9355654, 40.7367806], [-73.9352012, 40.7362087]]}}, {"type": "Feature", "id": "SEG-7f5ff7aeb8", "properties": {"id": "SEG-7f5ff7aeb8", "name": "31st Street", "highway": "unclassified", "scope": "in_scope", "borough": "Queens", "bridge": false, "tunnel": false, "status": "inventoried"}, "geometry": {"type": "LineString", "coordinates": [[-73.9357999, 40.7430957], [-73.935817, 40.7430094], [-73.9361501, 40.7413346], [-73.9361669, 40.7412509]]}}, {"type": "Feature", "id": "SEG-10a3a6c16f", "properties": {"id": "SEG-10a3a6c16f", "name": "Huron Street", "highway": "residential", "scope": "in_scope", "borough": "Brooklyn", "bridge": false, "tunnel": false, "status": "inventoried"}, "geometry": {"type": "LineString", "coordinates": [[-73.9547276, 40.7330344], [-73.9548501, 40.7330239], [-73.9579648, 40.7327307], [-73.9580639, 40.7327225]]}}, {"type": "Feature", "id": "SEG-821891f4d9", "properties": {"id": "SEG-821891f4d9", "name": "10th Street", "highway": "residential", "scope": "in_scope", "borough": "Queens", "bridge": false, "tunnel": false, "status": "inventoried"}, "geometry": {"type": "LineString", "coordinates": [[-73.952248, 40.7482677], [-73.9521421, 40.7483688], [-73.9519906, 40.7485421]]}}, {"type": "Feature", "id": "SEG-d471208156", "properties": {"id": "SEG-d471208156", "name": "Review Avenue", "highway": "secondary", "scope": "in_scope", "borough": "Queens", "bridge": false, "tunnel": false, "status": "inventoried"}, "geometry": {"type": "LineString", "coordinates": [[-73.9374154, 40.7337615], [-73.9370866, 40.7334333], [-73.9367432, 40.7330879], [-73.9365213, 40.7328648], [-73.9363177, 40.732661], [-73.9361926, 40.7325331], [-73.9360268, 40.7323703], [-73.935783, 40.7321308], [-73.9355317, 40.7318857], [-73.935491, 40.7318486], [-73.9354426, 40.7318095], [-73.9353896, 40.7317691], [-73.9343229, 40.7310415]]}}, {"type": "Feature", "id": "SEG-6cfcb443bf", "properties": {"id": "SEG-6cfcb443bf", "name": "McGuinness Boulevard", "highway": "primary", "scope": "in_scope", "borough": "Brooklyn", "bridge": false, "tunnel": false, "status": "inventoried"}, "geometry": {"type": "LineString", "coordinates": [[-73.9520628, 40.7332869], [-73.9520743, 40.7333571], [-73.9521316, 40.7337101]]}}, {"type": "Feature", "id": "SEG-ba769815f5", "properties": {"id": "SEG-ba769815f5", "name": "McGuinness Boulevard", "highway": "primary", "scope": "in_scope", "borough": "Brooklyn", "bridge": false, "tunnel": false, "status": "inventoried"}, "geometry": {"type": "LineString", "coordinates": [[-73.9521316, 40.7337101], [-73.9521675, 40.7339317], [-73.9521783, 40.7339983]]}}, {"type": "Feature", "id": "SEG-39af8bd633", "properties": {"id": "SEG-39af8bd633", "name": "East 50th Street", "highway": "residential", "scope": "in_scope", "borough": "Manhattan", "bridge": false, "tunnel": false, "status": "inventoried"}, "geometry": {"type": "LineString", "coordinates": [[-73.964811, 40.753314], [-73.9647437, 40.7532862], [-73.9644223, 40.7531536]]}}, {"type": "Feature", "id": "SEG-df67c72698", "properties": {"id": "SEG-df67c72698", "name": "32nd Place", "highway": "unclassified", "scope": "in_scope", "borough": "Queens", "bridge": false, "tunnel": false, "status": "inventoried"}, "geometry": {"type": "LineString", "coordinates": [[-73.9333855, 40.7409291], [-73.9334027, 40.7408432], [-73.9336927, 40.7393869], [-73.9337056, 40.7393474], [-73.9337105, 40.7392959]]}}, {"type": "Feature", "id": "SEG-f3a641446c", "properties": {"id": "SEG-f3a641446c", "name": "Vernon Boulevard", "highway": "secondary", "scope": "in_scope", "borough": "Queens", "bridge": false, "tunnel": false, "status": "geometry_verified"}, "geometry": {"type": "LineString", "coordinates": [[-73.952713, 40.7468835], [-73.952736, 40.7468229], [-73.9529217, 40.7462547], [-73.9529451, 40.7461914]]}}, {"type": "Feature", "id": "SEG-042e6e1407", "properties": {"id": "SEG-042e6e1407", "name": "", "highway": "motorway_link", "scope": "in_scope", "borough": "Manhattan", "bridge": false, "tunnel": false, "status": "inventoried"}, "geometry": {"type": "LineString", "coordinates": [[-73.9637348, 40.7531937], [-73.9638379, 40.7531281], [-73.9639349, 40.7530679], [-73.9640395, 40.752986], [-73.9640993, 40.752927], [-73.9641591, 40.7528701], [-73.9642195, 40.7528183], [-73.9642851, 40.7527658], [-73.9643476, 40.7527082], [-73.9645534, 40.7524971], [-73.9645732, 40.7524797], [-73.9645907, 40.7524652], [-73.9646086, 40.7524569], [-73.9646318, 40.7524489]]}}, {"type": "Feature", "id": "SEG-2a12a223a0", "properties": {"id": "SEG-2a12a223a0", "name": "", "highway": "motorway_link", "scope": "in_scope", "borough": "Manhattan", "bridge": false, "tunnel": false, "status": "inventoried"}, "geometry": {"type": "LineString", "coordinates": [[-73.9646318, 40.7524489], [-73.9646574, 40.7524495], [-73.9646859, 40.7524559], [-73.9647009, 40.7524606], [-73.9648106, 40.7525019], [-73.9648672, 40.7525227], [-73.9649161, 40.75254]]}}, {"type": "Feature", "id": "SEG-c5b5ff1f13", "properties": {"id": "SEG-c5b5ff1f13", "name": "Kingsland Avenue", "highway": "residential", "scope": "in_scope", "borough": "Brooklyn", "bridge": false, "tunnel": false, "status": "inventoried"}, "geometry": {"type": "LineString", "coordinates": [[-73.941687, 40.725882], [-73.9416993, 40.7259573], [-73.9419798, 40.7276749], [-73.941992, 40.72775]]}}, {"type": "Feature", "id": "SEG-7364da43d3", "properties": {"id": "SEG-7364da43d3", "name": "44th Drive", "highway": "tertiary", "scope": "in_scope", "borough": "Queens", "bridge": false, "tunnel": false, "status": "inventoried"}, "geometry": {"type": "LineString", "coordinates": [[-73.9425182, 40.7471469], [-73.9426115, 40.7471832], [-73.9426639, 40.7472001], [-73.94272, 40.7472156], [-73.9427808, 40.7472291], [-73.9434852, 40.7473644], [-73.9435297, 40.7473729], [-73.9437238, 40.7474113]]}}, {"type": "Feature", "id": "SEG-2c19be41c1", "properties": {"id": "SEG-2c19be41c1", "name": "", "highway": "service", "scope": "secondary", "borough": "Brooklyn", "bridge": false, "tunnel": false, "status": "inventoried"}, "geometry": {"type": "LineString", "coordinates": [[-73.9407533, 40.7317079], [-73.9406771, 40.7317762], [-73.9406266, 40.7317948], [-73.9405337, 40.7318176], [-73.9404654, 40.7318207]]}}, {"type": "Feature", "id": "SEG-e16e80c13e", "properties": {"id": "SEG-e16e80c13e", "name": "", "highway": "service", "scope": "secondary", "borough": "Brooklyn", "bridge": false, "tunnel": false, "status": "inventoried"}, "geometry": {"type": "LineString", "coordinates": [[-73.9404654, 40.7318207], [-73.9406061, 40.7321053]]}}, {"type": "Feature", "id": "SEG-3c6bd523a4", "properties": {"id": "SEG-3c6bd523a4", "name": "FDR Drive", "highway": "motorway", "scope": "in_scope", "borough": "Manhattan", "bridge": true, "tunnel": false, "status": "inventoried"}, "geometry": {"type": "LineString", "coordinates": [[-73.97046, 40.7455844], [-73.9705532, 40.7454829], [-73.9707054, 40.7453014], [-73.9708649, 40.7451086], [-73.9710047, 40.7449219], [-73.9711418, 40.7447292], [-73.971271, 40.7445414], [-73.9719214, 40.7435537], [-73.9720464, 40.7433517], [-73.9721641, 40.7431387], [-73.9722672, 40.7429379], [-73.972364, 40.742735], [-73.9724533, 40.742523], [-73.9725292, 40.7423206], [-73.9726041, 40.742096], [-73.9726576, 40.7418734], [-73.9729042, 40.740672]]}}, {"type": "Feature", "id": "SEG-848789d749", "properties": {"id": "SEG-848789d749", "name": "1st Avenue", "highway": "primary", "scope": "in_scope", "borough": "Manhattan", "bridge": false, "tunnel": false, "status": "inventoried"}, "geometry": {"type": "LineString", "coordinates": [[-73.9699706, 40.7488839], [-73.9698497, 40.7489714], [-73.9697852, 40.7490247], [-73.9696993, 40.749106], [-73.9696488, 40.7491532], [-73.9696014, 40.7492013], [-73.9695691, 40.7492386], [-73.9695296, 40.7492847], [-73.9694874, 40.7493369], [-73.9694675, 40.7493564], [-73.969444, 40.7493745], [-73.9693844, 40.7494064]]}}, {"type": "Feature", "id": "SEG-8a562e69f9", "properties": {"id": "SEG-8a562e69f9", "name": "Queens Plaza North", "highway": "tertiary", "scope": "in_scope", "borough": "Queens", "bridge": false, "tunnel": false, "status": "inventoried"}, "geometry": {"type": "LineString", "coordinates": [[-73.937784, 40.7498992], [-73.9378516, 40.7499279], [-73.9378863, 40.7499427], [-73.9380468, 40.7500144], [-73.9385356, 40.75023], [-73.9386102, 40.7502624]]}}, {"type": "Feature", "id": "SEG-fb18747b34", "properties": {"id": "SEG-fb18747b34", "name": "Stewart Avenue", "highway": "unclassified", "scope": "in_scope", "borough": "Brooklyn", "bridge": false, "tunnel": false, "status": "inventoried"}, "geometry": {"type": "LineString", "coordinates": [[-73.9328855, 40.7247866], [-73.9329187, 40.7248637], [-73.9330485, 40.7251639], [-73.933174, 40.7254544], [-73.933219, 40.7255488], [-73.933344, 40.725826]]}}, {"type": "Feature", "id": "SEG-f6e5068486", "properties": {"id": "SEG-f6e5068486", "name": "", "highway": "service", "scope": "secondary", "borough": "Queens", "bridge": false, "tunnel": false, "status": "inventoried"}, "geometry": {"type": "LineString", "coordinates": [[-73.9348222, 40.7457974], [-73.9345641, 40.7458487], [-73.9344414, 40.7456358]]}}, {"type": "Feature", "id": "SEG-76dc57b2ff", "properties": {"id": "SEG-76dc57b2ff", "name": "Crescent Street", "highway": "residential", "scope": "in_scope", "borough": "Queens", "bridge": false, "tunnel": false, "status": "inventoried"}, "geometry": {"type": "LineString", "coordinates": [[-73.9429252, 40.7480509], [-73.9429698, 40.7480034], [-73.9432473, 40.7477084]]}}, {"type": "Feature", "id": "SEG-117fad1c3e", "properties": {"id": "SEG-117fad1c3e", "name": "", "highway": "service", "scope": "secondary", "borough": "Brooklyn", "bridge": false, "tunnel": false, "status": "geometry_verified"}, "geometry": {"type": "LineString", "coordinates": [[-73.9570786, 40.7380955], [-73.9569269, 40.7381729]]}}, {"type": "Feature", "id": "SEG-4ef5a32df4", "properties": {"id": "SEG-4ef5a32df4", "name": "", "highway": "service", "scope": "secondary", "borough": "Brooklyn", "bridge": false, "tunnel": false, "status": "geometry_verified"}, "geometry": {"type": "LineString", "coordinates": [[-73.952558, 40.737975], [-73.9525889, 40.7380715]]}}, {"type": "Feature", "id": "SEG-a2ce687c56", "properties": {"id": "SEG-a2ce687c56", "name": "Calyer Street", "highway": "residential", "scope": "in_scope", "borough": "Brooklyn", "bridge": false, "tunnel": false, "status": "inventoried"}, "geometry": {"type": "LineString", "coordinates": [[-73.947427, 40.730064], [-73.9473638, 40.7300857], [-73.9463374, 40.7304371], [-73.9462406, 40.7304885]]}}, {"type": "Feature", "id": "SEG-485f0b98a2", "properties": {"id": "SEG-485f0b98a2", "name": "Crescent Street", "highway": "residential", "scope": "in_scope", "borough": "Queens", "bridge": false, "tunnel": false, "status": "inventoried"}, "geometry": {"type": "LineString", "coordinates": [[-73.9412869, 40.7498313], [-73.9413281, 40.7497861], [-73.9420687, 40.7489744], [-73.9421415, 40.748902]]}}, {"type": "Feature", "id": "SEG-9bdf13e05b", "properties": {"id": "SEG-9bdf13e05b", "name": "Ash Street", "highway": "tertiary", "scope": "in_scope", "borough": "Brooklyn", "bridge": false, "tunnel": false, "status": "geometry_verified"}, "geometry": {"type": "LineString", "coordinates": [[-73.9531707, 40.7382202], [-73.9532797, 40.7382084], [-73.9537921, 40.7381614], [-73.9545199, 40.7380947], [-73.9551996, 40.7380317], [-73.9552832, 40.7380239], [-73.9553103, 40.7380205], [-73.9553395, 40.7380126], [-73.9553711, 40.7380005]]}}, {"type": "Feature", "id": "SEG-890f20b28c", "properties": {"id": "SEG-890f20b28c", "name": "India Street", "highway": "residential", "scope": "in_scope", "borough": "Brooklyn", "bridge": false, "tunnel": false, "status": "inventoried"}, "geometry": {"type": "LineString", "coordinates": [[-73.9520892, 40.7325692], [-73.9519481, 40.7325826]]}}, {"type": "Feature", "id": "SEG-2d82ce0677", "properties": {"id": "SEG-2d82ce0677", "name": "39th Avenue", "highway": "residential", "scope": "in_scope", "borough": "Queens", "bridge": false, "tunnel": false, "status": "inventoried"}, "geometry": {"type": "LineString", "coordinates": [[-73.94004, 40.756487], [-73.9399279, 40.7564274], [-73.9398564, 40.7563894], [-73.9391618, 40.7560198], [-73.939087, 40.75598]]}}, {"type": "Feature", "id": "SEG-20b6eb8126", "properties": {"id": "SEG-20b6eb8126", "name": "Borden Avenue", "highway": "residential", "scope": "in_scope", "borough": "Queens", "bridge": false, "tunnel": false, "status": "geometry_verified"}, "geometry": {"type": "LineString", "coordinates": [[-73.9568901, 40.7418108], [-73.956926, 40.7418607], [-73.9569898, 40.7419265], [-73.9572059, 40.7420357]]}}, {"type": "Feature", "id": "SEG-8fc503ef4c", "properties": {"id": "SEG-8fc503ef4c", "name": "43rd Avenue", "highway": "secondary", "scope": "in_scope", "borough": "Queens", "bridge": false, "tunnel": false, "status": "inventoried"}, "geometry": {"type": "LineString", "coordinates": [[-73.9412696, 40.7476037], [-73.9413022, 40.7476536], [-73.941632, 40.7481875], [-73.9416655, 40.7482416]]}}, {"type": "Feature", "id": "SEG-d52b64f15e", "properties": {"id": "SEG-d52b64f15e", "name": "Long Island Expressway", "highway": "motorway", "scope": "in_scope", "borough": "Queens", "bridge": true, "tunnel": false, "status": "blocked"}, "geometry": {"type": "LineString", "coordinates": [[-73.9502822, 40.7415935], [-73.9501794, 40.7415939], [-73.9500669, 40.7415979], [-73.9499463, 40.7415978], [-73.949809, 40.7415942], [-73.9496831, 40.7415881], [-73.9495409, 40.7415755], [-73.9494099, 40.74156], [-73.9492754, 40.7415401], [-73.9491412, 40.7415182], [-73.9489872, 40.7414893], [-73.945834, 40.7408776], [-73.9456586, 40.7408424], [-73.9454724, 40.7408024], [-73.9452977, 40.740759], [-73.945136, 40.7407171], [-73.9449801, 40.7406747], [-73.9448388, 40.7406353], [-73.9447074, 40.7405953], [-73.9445713, 40.7405503], [-73.9444358, 40.7405039], [-73.9442932, 40.7404528], [-73.9441762, 40.7404085], [-73.9440463, 40.7403579], [-73.9439019, 40.7402999], [-73.9402741, 40.7387624], [-73.9401321, 40.7387025], [-73.9399357, 40.7386237], [-73.9397733, 40.7385601], [-73.9396208, 40.7385041], [-73.9394764, 40.7384511], [-73.9393021, 40.738393], [-73.9391266, 40.7383365], [-73.9389649, 40.7382858], [-73.9388085, 40.7382391], [-73.9386141, 40.7381862], [-73.9384235, 40.7381376], [-73.9382516, 40.7380952], [-73.9380611, 40.7380525], [-73.9378732, 40.7380117], [-73.9376481, 40.7379659], [-73.9374663, 40.737933], [-73.9372461, 40.7378967], [-73.9370467, 40.7378675], [-73.9368688, 40.7378432], [-73.9366759, 40.7378211], [-73.9359688, 40.7377409], [-73.9357812, 40.7377186], [-73.9356106, 40.737694], [-73.9354438, 40.737665], [-73.9352207, 40.7376213], [-73.9338404, 40.7373539]]}}, {"type": "Feature", "id": "SEG-29c3992f1c", "properties": {"id": "SEG-29c3992f1c", "name": "Stewart Avenue", "highway": "unclassified", "scope": "in_scope", "borough": "Brooklyn", "bridge": false, "tunnel": false, "status": "inventoried"}, "geometry": {"type": "LineString", "coordinates": [[-73.933344, 40.725826], [-73.9336523, 40.7264645], [-73.9340165, 40.7267874], [-73.9340616, 40.7268009], [-73.934146, 40.7268262]]}}, {"type": "Feature", "id": "SEG-451528e103", "properties": {"id": "SEG-451528e103", "name": "", "highway": "service", "scope": "secondary", "borough": "Queens", "bridge": false, "tunnel": false, "status": "geometry_verified"}, "geometry": {"type": "LineString", "coordinates": [[-73.9446306, 40.7457665], [-73.9445556, 40.7457961], [-73.9444916, 40.7458208]]}}, {"type": "Feature", "id": "SEG-d84d69d721", "properties": {"id": "SEG-d84d69d721", "name": "41st Avenue", "highway": "residential", "scope": "in_scope", "borough": "Queens", "bridge": false, "tunnel": false, "status": "inventoried"}, "geometry": {"type": "LineString", "coordinates": [[-73.9452875, 40.7554583], [-73.9451292, 40.755271], [-73.9446775, 40.7550291], [-73.9444314, 40.7550218]]}}, {"type": "Feature", "id": "SEG-fb566a5bc4", "properties": {"id": "SEG-fb566a5bc4", "name": "Greenpoint Avenue", "highway": "primary", "scope": "in_scope", "borough": "Queens", "bridge": false, "tunnel": false, "status": "inventoried"}, "geometry": {"type": "LineString", "coordinates": [[-73.9385386, 40.734066], [-73.9381828, 40.734277], [-73.9380656, 40.7343656]]}}, {"type": "Feature", "id": "SEG-40992cb8c3", "properties": {"id": "SEG-40992cb8c3", "name": "47th Avenue", "highway": "unclassified", "scope": "in_scope", "borough": "Queens", "bridge": false, "tunnel": false, "status": "inventoried"}, "geometry": {"type": "LineString", "coordinates": [[-73.9404587, 40.7436324], [-73.9403725, 40.7436232], [-73.9395179, 40.7435255]]}}, {"type": "Feature", "id": "SEG-9ae459d1fc", "properties": {"id": "SEG-9ae459d1fc", "name": "47th Road", "highway": "residential", "scope": "in_scope", "borough": "Queens", "bridge": false, "tunnel": false, "status": "geometry_verified"}, "geometry": {"type": "LineString", "coordinates": [[-73.9510504, 40.7443555], [-73.9509526, 40.7443382]]}}, {"type": "Feature", "id": "SEG-9dc5415557", "properties": {"id": "SEG-9dc5415557", "name": "Meserole Avenue", "highway": "residential", "scope": "in_scope", "borough": "Brooklyn", "bridge": false, "tunnel": false, "status": "inventoried"}, "geometry": {"type": "LineString", "coordinates": [[-73.9569257, 40.7257048], [-73.9573258, 40.7255725], [-73.9573469, 40.7255682], [-73.9573708, 40.7255633], [-73.9573919, 40.7255614], [-73.9574204, 40.7255632], [-73.9574871, 40.7255696]]}}, {"type": "Feature", "id": "SEG-05edb25008", "properties": {"id": "SEG-05edb25008", "name": "Greenpoint Avenue", "highway": "primary", "scope": "in_scope", "borough": "Brooklyn", "bridge": false, "tunnel": false, "status": "inventoried"}, "geometry": {"type": "LineString", "coordinates": [[-73.9514256, 40.7304718], [-73.9515692, 40.7304591]]}}, {"type": "Feature", "id": "SEG-2ef856a696", "properties": {"id": "SEG-2ef856a696", "name": "Commercial Street", "highway": "residential", "scope": "in_scope", "borough": "Brooklyn", "bridge": false, "tunnel": false, "status": "inventoried"}, "geometry": {"type": "LineString", "coordinates": [[-73.9589215, 40.7360666], [-73.958779, 40.7361475], [-73.9586354, 40.7362211]]}}, {"type": "Feature", "id": "SEG-c8064eb3ff", "properties": {"id": "SEG-c8064eb3ff", "name": "30th Place", "highway": "unclassified", "scope": "in_scope", "borough": "Queens", "bridge": false, "tunnel": false, "status": "inventoried"}, "geometry": {"type": "LineString", "coordinates": [[-73.9377342, 40.7381931], [-73.9377206, 40.7382598], [-73.9373284, 40.7402216], [-73.937293, 40.7403988], [-73.9372795, 40.7404678]]}}, {"type": "Feature", "id": "SEG-657bb34a83", "properties": {"id": "SEG-657bb34a83", "name": "North Henry Street", "highway": "residential", "scope": "in_scope", "borough": "Brooklyn", "bridge": false, "tunnel": false, "status": "inventoried"}, "geometry": {"type": "LineString", "coordinates": [[-73.944186, 40.729442], [-73.9438937, 40.7276971], [-73.9438864, 40.7276533], [-73.9438743, 40.7275817]]}}, {"type": "Feature", "id": "SEG-323d0678c6", "properties": {"id": "SEG-323d0678c6", "name": "", "highway": "service", "scope": "secondary", "borough": "Brooklyn", "bridge": false, "tunnel": false, "status": "geometry_verified"}, "geometry": {"type": "LineString", "coordinates": [[-73.9576068, 40.7374201], [-73.957276, 40.7375889]]}}, {"type": "Feature", "id": "SEG-7f84ec5f73", "properties": {"id": "SEG-7f84ec5f73", "name": "Queens Plaza North", "highway": "tertiary", "scope": "in_scope", "borough": "Queens", "bridge": false, "tunnel": false, "status": "inventoried"}, "geometry": {"type": "LineString", "coordinates": [[-73.9394341, 40.7506253], [-73.9395168, 40.7506604], [-73.9397386, 40.7507544], [-73.9401877, 40.7509455], [-73.940281, 40.7509864]]}}, {"type": "Feature", "id": "SEG-843fd286c8", "properties": {"id": "SEG-843fd286c8", "name": "FDR Drive", "highway": "motorway", "scope": "in_scope", "borough": "Manhattan", "bridge": false, "tunnel": true, "status": "blocked"}, "geometry": {"type": "LineString", "coordinates": [[-73.9590876, 40.7580288], [-73.9583867, 40.7590118]]}}, {"type": "Feature", "id": "SEG-79e3a54936", "properties": {"id": "SEG-79e3a54936", "name": "44th Avenue", "highway": "residential", "scope": "in_scope", "borough": "Queens", "bridge": false, "tunnel": false, "status": "inventoried"}, "geometry": {"type": "LineString", "coordinates": [[-73.9466666, 40.7495081], [-73.9465381, 40.7494844], [-73.9454671, 40.7492779]]}}, {"type": "Feature", "id": "SEG-c99fab92c8", "properties": {"id": "SEG-c99fab92c8", "name": "", "highway": "service", "scope": "secondary", "borough": "Manhattan", "bridge": false, "tunnel": false, "status": "inventoried"}, "geometry": {"type": "LineString", "coordinates": [[-73.9636705, 40.754478], [-73.9636288, 40.7545281], [-73.9635937, 40.7545703], [-73.9634179, 40.7547815], [-73.9633013, 40.7549946]]}}, {"type": "Feature", "id": "SEG-5f3330217f", "properties": {"id": "SEG-5f3330217f", "name": "10th Street", "highway": "residential", "scope": "in_scope", "borough": "Queens", "bridge": false, "tunnel": false, "status": "inventoried"}, "geometry": {"type": "LineString", "coordinates": [[-73.9510661, 40.7496217], [-73.9510157, 40.749678], [-73.9509166, 40.749789], [-73.9507501, 40.7499752], [-73.9505945, 40.7501493], [-73.9505534, 40.7501953], [-73.9505029, 40.7502518]]}}, {"type": "Feature", "id": "SEG-1b994bf665", "properties": {"id": "SEG-1b994bf665", "name": "", "highway": "service", "scope": "secondary", "borough": "Brooklyn", "bridge": false, "tunnel": false, "status": "inventoried"}, "geometry": {"type": "LineString", "coordinates": [[-73.9596052, 40.7275717], [-73.9596775, 40.7281595]]}}, {"type": "Feature", "id": "SEG-8ca4267e06", "properties": {"id": "SEG-8ca4267e06", "name": "", "highway": "service", "scope": "secondary", "borough": "Brooklyn", "bridge": false, "tunnel": false, "status": "inventoried"}, "geometry": {"type": "LineString", "coordinates": [[-73.9596775, 40.7281595], [-73.9598837, 40.7281454]]}}, {"type": "Feature", "id": "SEG-a58eaaa56d", "properties": {"id": "SEG-a58eaaa56d", "name": "", "highway": "service", "scope": "secondary", "borough": "Brooklyn", "bridge": false, "tunnel": false, "status": "inventoried"}, "geometry": {"type": "LineString", "coordinates": [[-73.9598837, 40.7281454], [-73.960064, 40.7281292], [-73.9599796, 40.7275972], [-73.9597969, 40.727609]]}}, {"type": "Feature", "id": "SEG-870d99f428", "properties": {"id": "SEG-870d99f428", "name": "Dobbin Street", "highway": "residential", "scope": "in_scope", "borough": "Brooklyn", "bridge": false, "tunnel": false, "status": "inventoried"}, "geometry": {"type": "LineString", "coordinates": [[-73.9552217, 40.7262682], [-73.9551862, 40.7262075], [-73.9543366, 40.7247193], [-73.9543097, 40.7246719], [-73.954269, 40.724601]]}}, {"type": "Feature", "id": "SEG-06e448e36b", "properties": {"id": "SEG-06e448e36b", "name": "Queens Boulevard", "highway": "primary", "scope": "in_scope", "borough": "Queens", "bridge": false, "tunnel": false, "status": "inventoried"}, "geometry": {"type": "LineString", "coordinates": [[-73.9344235, 40.7460292], [-73.93438, 40.7459868], [-73.934314, 40.7459225], [-73.9340881, 40.7457024]]}}, {"type": "Feature", "id": "SEG-0f0731324a", "properties": {"id": "SEG-0f0731324a", "name": "Queens Boulevard", "highway": "primary", "scope": "in_scope", "borough": "Queens", "bridge": false, "tunnel": false, "status": "inventoried"}, "geometry": {"type": "LineString", "coordinates": [[-73.9340881, 40.7457024], [-73.9339889, 40.7456057], [-73.9337556, 40.7453783]]}}, {"type": "Feature", "id": "SEG-645d76bfd1", "properties": {"id": "SEG-645d76bfd1", "name": "Queens Boulevard", "highway": "primary", "scope": "in_scope", "borough": "Queens", "bridge": false, "tunnel": false, "status": "inventoried"}, "geometry": {"type": "LineString", "coordinates": [[-73.9337556, 40.7453783], [-73.9336787, 40.7453033], [-73.933646, 40.7452715], [-73.9335163, 40.7451604]]}}, {"type": "Feature", "id": "SEG-387cfe14a5", "properties": {"id": "SEG-387cfe14a5", "name": "Queens Plaza South", "highway": "secondary", "scope": "in_scope", "borough": "Queens", "bridge": false, "tunnel": false, "status": "inventoried"}, "geometry": {"type": "LineString", "coordinates": [[-73.9451046, 40.7524881], [-73.9443723, 40.7521673], [-73.944235, 40.752108]]}}, {"type": "Feature", "id": "SEG-879d17ef07", "properties": {"id": "SEG-879d17ef07", "name": "Long Island Expressway", "highway": "motorway", "scope": "in_scope", "borough": "Queens", "bridge": false, "tunnel": false, "status": "blocked"}, "geometry": {"type": "LineString", "coordinates": [[-73.9531151, 40.7415362], [-73.9531854, 40.7415391], [-73.9534214, 40.7415505]]}}, {"type": "Feature", "id": "SEG-cfb338cd3a", "properties": {"id": "SEG-cfb338cd3a", "name": "Long Island Expressway", "highway": "motorway", "scope": "in_scope", "borough": "Queens", "bridge": false, "tunnel": false, "status": "blocked"}, "geometry": {"type": "LineString", "coordinates": [[-73.9534214, 40.7415505], [-73.9536296, 40.7415573], [-73.9538322, 40.741562], [-73.9539927, 40.7415619]]}}, {"type": "Feature", "id": "SEG-d9fa6db470", "properties": {"id": "SEG-d9fa6db470", "name": "", "highway": "service", "scope": "secondary", "borough": "Queens", "bridge": false, "tunnel": false, "status": "inventoried"}, "geometry": {"type": "LineString", "coordinates": [[-73.9382533, 40.7346869], [-73.9382689, 40.7346776], [-73.93835, 40.7346315]]}}, {"type": "Feature", "id": "SEG-360118b2c9", "properties": {"id": "SEG-360118b2c9", "name": "47th Avenue", "highway": "unclassified", "scope": "in_scope", "borough": "Queens", "bridge": false, "tunnel": false, "status": "inventoried"}, "geometry": {"type": "LineString", "coordinates": [[-73.9330136, 40.7427745], [-73.9329301, 40.7427647], [-73.9321707, 40.742676], [-73.932086, 40.7426661]]}}, {"type": "Feature", "id": "SEG-01662ff886", "properties": {"id": "SEG-01662ff886", "name": "", "highway": "service", "scope": "secondary", "borough": "Queens", "bridge": false, "tunnel": false, "status": "inventoried"}, "geometry": {"type": "LineString", "coordinates": [[-73.9337556, 40.7453783], [-73.9338114, 40.7453031], [-73.9338515, 40.7452523], [-73.933869, 40.74516], [-73.9338031, 40.7451399], [-73.9337485, 40.7451231], [-73.9337113, 40.7451118], [-73.9337462, 40.7449412]]}}, {"type": "Feature", "id": "SEG-8ed02699d3", "properties": {"id": "SEG-8ed02699d3", "name": "East 45th Street", "highway": "secondary", "scope": "in_scope", "borough": "Manhattan", "bridge": false, "tunnel": false, "status": "inventoried"}, "geometry": {"type": "LineString", "coordinates": [[-73.9684095, 40.7507505], [-73.9685658, 40.7508123], [-73.9698674, 40.7513585], [-73.9706697, 40.7516917], [-73.9708043, 40.7517476]]}}, {"type": "Feature", "id": "SEG-599da78f2e", "properties": {"id": "SEG-599da78f2e", "name": "10th Street", "highway": "residential", "scope": "in_scope", "borough": "Queens", "bridge": false, "tunnel": false, "status": "inventoried"}, "geometry": {"type": "LineString", "coordinates": [[-73.9476435, 40.7535789], [-73.9475836, 40.7536599]]}}, {"type": "Feature", "id": "SEG-cc9d0adaae", "properties": {"id": "SEG-cc9d0adaae", "name": "47th Avenue", "highway": "unclassified", "scope": "in_scope", "borough": "Queens", "bridge": false, "tunnel": false, "status": "inventoried"}, "geometry": {"type": "LineString", "coordinates": [[-73.9348703, 40.7429902], [-73.9340855, 40.742901], [-73.9339429, 40.7428834]]}}, {"type": "Feature", "id": "SEG-36c2cd3caf", "properties": {"id": "SEG-36c2cd3caf", "name": "Pearson Place", "highway": "unclassified", "scope": "in_scope", "borough": "Queens", "bridge": false, "tunnel": false, "status": "inventoried"}, "geometry": {"type": "LineString", "coordinates": [[-73.9427639, 40.7430613], [-73.9419034, 40.7418115], [-73.9418736, 40.7417692], [-73.9418218, 40.7416958]]}}, {"type": "Feature", "id": "SEG-2609ee9139", "properties": {"id": "SEG-2609ee9139", "name": "Borden Avenue", "highway": "secondary", "scope": "in_scope", "borough": "Queens", "bridge": false, "tunnel": false, "status": "inventoried"}, "geometry": {"type": "LineString", "coordinates": [[-73.938707, 40.7381346], [-73.9384822, 40.7380766], [-73.9383071, 40.7380329], [-73.9381421, 40.7379946]]}}, {"type": "Feature", "id": "SEG-9b909940ea", "properties": {"id": "SEG-9b909940ea", "name": "48th Avenue", "highway": "residential", "scope": "in_scope", "borough": "Queens", "bridge": false, "tunnel": false, "status": "geometry_verified"}, "geometry": {"type": "LineString", "coordinates": [[-73.957904, 40.7448287], [-73.9577462, 40.7447884], [-73.9577172, 40.7447885], [-73.9567746, 40.7446081]]}}, {"type": "Feature", "id": "SEG-859781af96", "properties": {"id": "SEG-859781af96", "name": "48th Avenue", "highway": "residential", "scope": "in_scope", "borough": "Queens", "bridge": false, "tunnel": false, "status": "geometry_verified"}, "geometry": {"type": "LineString", "coordinates": [[-73.9567746, 40.7446081], [-73.9561575, 40.7444884], [-73.9560956, 40.7444763], [-73.9560125, 40.7444602]]}}, {"type": "Feature", "id": "SEG-96ebe137fc", "properties": {"id": "SEG-96ebe137fc", "name": "McGuinness Boulevard", "highway": "primary", "scope": "in_scope", "borough": "Brooklyn", "bridge": false, "tunnel": false, "status": "inventoried"}, "geometry": {"type": "LineString", "coordinates": [[-73.9515692, 40.7304591], [-73.9515283, 40.7303884], [-73.9513621, 40.7300946], [-73.9512738, 40.7299386], [-73.9512346, 40.7298675], [-73.9511706, 40.7297516], [-73.9510967, 40.7296241], [-73.9509481, 40.7293679], [-73.9507816, 40.7290809], [-73.9507574, 40.7290382], [-73.9507224, 40.7289764]]}}, {"type": "Feature", "id": "SEG-31c5a70269", "properties": {"id": "SEG-31c5a70269", "name": "Brooklyn-Queens Expressway", "highway": "motorway", "scope": "in_scope", "borough": "Brooklyn", "bridge": false, "tunnel": false, "status": "inventoried"}, "geometry": {"type": "LineString", "coordinates": [[-73.9355924, 40.7244524], [-73.9352568, 40.7245598], [-73.9347807, 40.7246725]]}}, {"type": "Feature", "id": "SEG-fd58bdd36d", "properties": {"id": "SEG-fd58bdd36d", "name": "Meserole Avenue", "highway": "residential", "scope": "in_scope", "borough": "Brooklyn", "bridge": false, "tunnel": false, "status": "inventoried"}, "geometry": {"type": "LineString", "coordinates": [[-73.944186, 40.729442], [-73.9442698, 40.7294336], [-73.9449793, 40.7293627], [-73.9450374, 40.7293569], [-73.945116, 40.729349]]}}, {"type": "Feature", "id": "SEG-6fd07b4cdb", "properties": {"id": "SEG-6fd07b4cdb", "name": "Old Ridge Road", "highway": "service", "scope": "secondary", "borough": "Queens", "bridge": false, "tunnel": false, "status": "inventoried"}, "geometry": {"type": "LineString", "coordinates": [[-73.932101, 40.755557], [-73.9321703, 40.7555032], [-73.9333487, 40.754587], [-73.933422, 40.75453]]}}, {"type": "Feature", "id": "SEG-5043a065a2", "properties": {"id": "SEG-5043a065a2", "name": "", "highway": "service", "scope": "secondary", "borough": "Brooklyn", "bridge": false, "tunnel": false, "status": "inventoried"}, "geometry": {"type": "LineString", "coordinates": [[-73.9602428, 40.7281928], [-73.9602219, 40.7280492], [-73.9601613, 40.7276296], [-73.9601474, 40.7275338]]}}, {"type": "Feature", "id": "SEG-2d3c9a0969", "properties": {"id": "SEG-2d3c9a0969", "name": "Huron Street", "highway": "residential", "scope": "in_scope", "borough": "Brooklyn", "bridge": false, "tunnel": false, "status": "inventoried"}, "geometry": {"type": "LineString", "coordinates": [[-73.9522072, 40.7332738], [-73.9522984, 40.7332651], [-73.9545636, 40.7330496], [-73.9546107, 40.7330444], [-73.9547276, 40.7330344]]}}, {"type": "Feature", "id": "SEG-772338b605", "properties": {"id": "SEG-772338b605", "name": "Hausman Street", "highway": "residential", "scope": "in_scope", "borough": "Brooklyn", "bridge": false, "tunnel": false, "status": "inventoried"}, "geometry": {"type": "LineString", "coordinates": [[-73.938876, 40.726151], [-73.9388888, 40.7262301], [-73.939162, 40.7278999], [-73.9391695, 40.7279458], [-73.939181, 40.728016]]}}, {"type": "Feature", "id": "SEG-e620952d85", "properties": {"id": "SEG-e620952d85", "name": "5th Street", "highway": "residential", "scope": "in_scope", "borough": "Queens", "bridge": false, "tunnel": false, "status": "geometry_verified"}, "geometry": {"type": "LineString", "coordinates": [[-73.9559769, 40.7445659], [-73.9560125, 40.7444602]]}}, {"type": "Feature", "id": "SEG-c2e8ce44a4", "properties": {"id": "SEG-c2e8ce44a4", "name": "", "highway": "service", "scope": "secondary", "borough": "Queens", "bridge": false, "tunnel": false, "status": "inventoried"}, "geometry": {"type": "LineString", "coordinates": [[-73.9347731, 40.7509547], [-73.9346623, 40.7508863], [-73.9346271, 40.7508654]]}}, {"type": "Feature", "id": "SEG-a27ffa8190", "properties": {"id": "SEG-a27ffa8190", "name": "East 47th Street", "highway": "residential", "scope": "in_scope", "borough": "Manhattan", "bridge": false, "tunnel": false, "status": "inventoried"}, "geometry": {"type": "LineString", "coordinates": [[-73.9676741, 40.7520288], [-73.9677417, 40.752079], [-73.9681571, 40.7522627], [-73.9697636, 40.7529323], [-73.969891, 40.7529981]]}}, {"type": "Feature", "id": "SEG-c59a09e560", "properties": {"id": "SEG-c59a09e560", "name": "Varick Avenue", "highway": "secondary", "scope": "in_scope", "borough": "Brooklyn", "bridge": false, "tunnel": false, "status": "inventoried"}, "geometry": {"type": "LineString", "coordinates": [[-73.934468, 40.7244078], [-73.9344979, 40.724479], [-73.9347575, 40.7250994], [-73.93491, 40.725476]]}}, {"type": "Feature", "id": "SEG-517ed04662", "properties": {"id": "SEG-517ed04662", "name": "McGuinness Boulevard", "highway": "tertiary", "scope": "in_scope", "borough": "Brooklyn", "bridge": false, "tunnel": false, "status": "geometry_verified"}, "geometry": {"type": "LineString", "coordinates": [[-73.9524168, 40.7354141], [-73.9525296, 40.7361199]]}}, {"type": "Feature", "id": "SEG-fd2fb3b81b", "properties": {"id": "SEG-fd2fb3b81b", "name": "FDR Drive", "highway": "motorway", "scope": "in_scope", "borough": "Manhattan", "bridge": false, "tunnel": false, "status": "inventoried"}, "geometry": {"type": "LineString", "coordinates": [[-73.9682455, 40.7479473], [-73.9683571, 40.7478125]]}}, {"type": "Feature", "id": "SEG-c954a325df", "properties": {"id": "SEG-c954a325df", "name": "", "highway": "motorway_link", "scope": "in_scope", "borough": "Queens", "bridge": false, "tunnel": false, "status": "geometry_verified"}, "geometry": {"type": "LineString", "coordinates": [[-73.9514507, 40.7412868], [-73.9511168, 40.7413102], [-73.9508169, 40.7413303]]}}, {"type": "Feature", "id": "SEG-1048f065fd", "properties": {"id": "SEG-1048f065fd", "name": "Eckford Street", "highway": "residential", "scope": "in_scope", "borough": "Brooklyn", "bridge": false, "tunnel": false, "status": "inventoried"}, "geometry": {"type": "LineString", "coordinates": [[-73.9515716, 40.7286975], [-73.951609, 40.7287609], [-73.9524494, 40.7302557], [-73.9524751, 40.7303035], [-73.9525082, 40.7303694]]}}, {"type": "Feature", "id": "SEG-b76938b59f", "properties": {"id": "SEG-b76938b59f", "name": "Crescent Street", "highway": "tertiary", "scope": "in_scope", "borough": "Queens", "bridge": false, "tunnel": false, "status": "inventoried"}, "geometry": {"type": "LineString", "coordinates": [[-73.9379572, 40.7535014], [-73.9380094, 40.7534536], [-73.9381567, 40.7532956], [-73.9382296, 40.7532158], [-73.9383798, 40.7530498], [-73.9387263, 40.7526763], [-73.9388806, 40.7525099]]}}, {"type": "Feature", "id": "SEG-149a8d7808", "properties": {"id": "SEG-149a8d7808", "name": "Crescent Street", "highway": "tertiary", "scope": "in_scope", "borough": "Queens", "bridge": false, "tunnel": false, "status": "inventoried"}, "geometry": {"type": "LineString", "coordinates": [[-73.9388806, 40.7525099], [-73.9390701, 40.7523073], [-73.9391219, 40.7522423]]}}, {"type": "Feature", "id": "SEG-073cc1b3b2", "properties": {"id": "SEG-073cc1b3b2", "name": "", "highway": "motorway_link", "scope": "in_scope", "borough": "Brooklyn", "bridge": false, "tunnel": false, "status": "inventoried"}, "geometry": {"type": "LineString", "coordinates": [[-73.9335065, 40.7252316], [-73.9345008, 40.7249845]]}}, {"type": "Feature", "id": "SEG-1834a1a8e9", "properties": {"id": "SEG-1834a1a8e9", "name": "Borden Avenue", "highway": "secondary", "scope": "in_scope", "borough": "Queens", "bridge": false, "tunnel": false, "status": "inventoried"}, "geometry": {"type": "LineString", "coordinates": [[-73.9377342, 40.7381931], [-73.9378134, 40.7382108], [-73.9379866, 40.73825], [-73.9383069, 40.738328], [-73.9384721, 40.7383691], [-73.9386311, 40.7384107]]}}, {"type": "Feature", "id": "SEG-4ec742c913", "properties": {"id": "SEG-4ec742c913", "name": "Borden Avenue", "highway": "secondary", "scope": "in_scope", "borough": "Queens", "bridge": false, "tunnel": false, "status": "inventoried"}, "geometry": {"type": "LineString", "coordinates": [[-73.9330306, 40.7371152], [-73.9328112, 40.7370802], [-73.9317446, 40.7368703], [-73.9315914, 40.7368368]]}}, {"type": "Feature", "id": "SEG-8cb6298dff", "properties": {"id": "SEG-8cb6298dff", "name": "", "highway": "service", "scope": "secondary", "borough": "Brooklyn", "bridge": false, "tunnel": false, "status": "inventoried"}, "geometry": {"type": "LineString", "coordinates": [[-73.947187, 40.7296417], [-73.9471202, 40.7296616], [-73.9465445, 40.7298493], [-73.9466009, 40.7299764], [-73.9462695, 40.7300673], [-73.946174, 40.7300785]]}}, {"type": "Feature", "id": "SEG-3fcc13e97c", "properties": {"id": "SEG-3fcc13e97c", "name": "Moultrie Street", "highway": "residential", "scope": "in_scope", "borough": "Brooklyn", "bridge": false, "tunnel": false, "status": "inventoried"}, "geometry": {"type": "LineString", "coordinates": [[-73.94684, 40.729031], [-73.9468769, 40.729096], [-73.9471185, 40.7295211], [-73.947187, 40.7296417]]}}, {"type": "Feature", "id": "SEG-437e52c0b8", "properties": {"id": "SEG-437e52c0b8", "name": "Moultrie Street", "highway": "residential", "scope": "in_scope", "borough": "Brooklyn", "bridge": false, "tunnel": false, "status": "inventoried"}, "geometry": {"type": "LineString", "coordinates": [[-73.947187, 40.7296417], [-73.9474002, 40.7300169], [-73.947427, 40.730064]]}}, {"type": "Feature", "id": "SEG-1dec650710", "properties": {"id": "SEG-1dec650710", "name": "", "highway": "service", "scope": "secondary", "borough": "Brooklyn", "bridge": false, "tunnel": false, "status": "geometry_verified"}, "geometry": {"type": "LineString", "coordinates": [[-73.9574538, 40.7371843], [-73.9575144, 40.7372458], [-73.957343, 40.7373428], [-73.9572238, 40.737222]]}}, {"type": "Feature", "id": "SEG-0c17fd5075", "properties": {"id": "SEG-0c17fd5075", "name": "", "highway": "service", "scope": "secondary", "borough": "Brooklyn", "bridge": false, "tunnel": false, "status": "geometry_verified"}, "geometry": {"type": "LineString", "coordinates": [[-73.9572238, 40.737222], [-73.9571479, 40.7371455], [-73.9571286, 40.7371254], [-73.9570733, 40.7370681]]}}, {"type": "Feature", "id": "SEG-a11b1e2254", "properties": {"id": "SEG-a11b1e2254", "name": "44th Drive", "highway": "tertiary", "scope": "in_scope", "borough": "Queens", "bridge": false, "tunnel": false, "status": "inventoried"}, "geometry": {"type": "LineString", "coordinates": [[-73.9417221, 40.7461432], [-73.9417949, 40.7462679], [-73.9420831, 40.7466884], [-73.9423253, 40.7470364], [-73.9423511, 40.7470629], [-73.9423781, 40.7470835]]}}, {"type": "Feature", "id": "SEG-14def2b16d", "properties": {"id": "SEG-14def2b16d", "name": "21st Street", "highway": "unclassified", "scope": "in_scope", "borough": "Queens", "bridge": false, "tunnel": false, "status": "geometry_verified"}, "geometry": {"type": "LineString", "coordinates": [[-73.9496907, 40.7411365], [-73.9497155, 40.7410715], [-73.9498704, 40.7405808], [-73.9498855, 40.7405348], [-73.9499161, 40.7404501]]}}, {"type": "Feature", "id": "SEG-6161b6f3a3", "properties": {"id": "SEG-6161b6f3a3", "name": "2nd Street", "highway": "residential", "scope": "in_scope", "borough": "Queens", "bridge": false, "tunnel": false, "status": "inventoried"}, "geometry": {"type": "LineString", "coordinates": [[-73.9589108, 40.7421891], [-73.9589441, 40.7420898], [-73.9589746, 40.7419989], [-73.9590511, 40.7417713]]}}, {"type": "Feature", "id": "SEG-fd6d442e21", "properties": {"id": "SEG-fd6d442e21", "name": "2nd Street", "highway": "residential", "scope": "in_scope", "borough": "Queens", "bridge": false, "tunnel": false, "status": "inventoried"}, "geometry": {"type": "LineString", "coordinates": [[-73.9590511, 40.7417713], [-73.9591224, 40.7415583], [-73.9593515, 40.7408757], [-73.9593763, 40.7408018]]}}, {"type": "Feature", "id": "SEG-ec2730b217", "properties": {"id": "SEG-ec2730b217", "name": "FDR Drive", "highway": "motorway", "scope": "in_scope", "borough": "Manhattan", "bridge": false, "tunnel": true, "status": "blocked"}, "geometry": {"type": "LineString", "coordinates": [[-73.9652088, 40.7516587], [-73.9682455, 40.7479473]]}}, {"type": "Feature", "id": "SEG-a9ee34bd46", "properties": {"id": "SEG-a9ee34bd46", "name": "Queens Plaza North", "highway": "tertiary", "scope": "in_scope", "borough": "Queens", "bridge": false, "tunnel": false, "status": "inventoried"}, "geometry": {"type": "LineString", "coordinates": [[-73.9418628, 40.7516905], [-73.9419466, 40.7517283], [-73.9426387, 40.7520293], [-73.9427036, 40.7520575]]}}, {"type": "Feature", "id": "SEG-3c5b08c1fa", "properties": {"id": "SEG-3c5b08c1fa", "name": "Manhattan Avenue", "highway": "tertiary", "scope": "in_scope", "borough": "Brooklyn", "bridge": false, "tunnel": false, "status": "inventoried"}, "geometry": {"type": "LineString", "coordinates": [[-73.9542532, 40.7302057], [-73.9542745, 40.73028], [-73.9542885, 40.7303404], [-73.9543047, 40.7304402], [-73.9543706, 40.730845], [-73.9543818, 40.7309123]]}}, {"type": "Feature", "id": "SEG-13c5261506", "properties": {"id": "SEG-13c5261506", "name": "Thomson Avenue", "highway": "primary", "scope": "in_scope", "borough": "Queens", "bridge": false, "tunnel": false, "status": "inventoried"}, "geometry": {"type": "LineString", "coordinates": [[-73.9376818, 40.7452429], [-73.9375856, 40.7452251], [-73.9374838, 40.7452086], [-73.937263, 40.7451821]]}}, {"type": "Feature", "id": "SEG-4e0a984db4", "properties": {"id": "SEG-4e0a984db4", "name": "21st Street", "highway": "primary", "scope": "in_scope", "borough": "Queens", "bridge": false, "tunnel": false, "status": "geometry_verified"}, "geometry": {"type": "LineString", "coordinates": [[-73.949228, 40.7425326], [-73.9492579, 40.7424454], [-73.9492952, 40.7423276]]}}, {"type": "Feature", "id": "SEG-66566d4f3f", "properties": {"id": "SEG-66566d4f3f", "name": "Java Street", "highway": "residential", "scope": "in_scope", "borough": "Brooklyn", "bridge": false, "tunnel": false, "status": "inventoried"}, "geometry": {"type": "LineString", "coordinates": [[-73.9519711, 40.731859], [-73.9520628, 40.7318501], [-73.9543811, 40.7316338], [-73.9544971, 40.7316233]]}}, {"type": "Feature", "id": "SEG-9287c7d6cf", "properties": {"id": "SEG-9287c7d6cf", "name": "11th Street", "highway": "unclassified", "scope": "in_scope", "borough": "Queens", "bridge": false, "tunnel": false, "status": "geometry_verified"}, "geometry": {"type": "LineString", "coordinates": [[-73.9524307, 40.7404306], [-73.9524585, 40.7403451], [-73.9525946, 40.7399364], [-73.9526072, 40.7398986]]}}, {"type": "Feature", "id": "SEG-4dbf1d9aaf", "properties": {"id": "SEG-4dbf1d9aaf", "name": "", "highway": "service", "scope": "secondary", "borough": "Queens", "bridge": false, "tunnel": false, "status": "inventoried"}, "geometry": {"type": "LineString", "coordinates": [[-73.959911, 40.7403791], [-73.9597953, 40.7407102]]}}, {"type": "Feature", "id": "SEG-52512d2cd2", "properties": {"id": "SEG-52512d2cd2", "name": "Borden Avenue", "highway": "secondary", "scope": "in_scope", "borough": "Queens", "bridge": false, "tunnel": false, "status": "inventoried"}, "geometry": {"type": "LineString", "coordinates": [[-73.9354223, 40.7375654], [-73.9352357, 40.7375303], [-73.9350527, 40.7374945]]}}, {"type": "Feature", "id": "SEG-f93669fa3a", "properties": {"id": "SEG-f93669fa3a", "name": "27th Street", "highway": "residential", "scope": "in_scope", "borough": "Queens", "bridge": false, "tunnel": false, "status": "inventoried"}, "geometry": {"type": "LineString", "coordinates": [[-73.93504, 40.755391], [-73.934973, 40.755464], [-73.9340486, 40.7564722], [-73.9340116, 40.7565125], [-73.933958, 40.756571]]}}, {"type": "Feature", "id": "SEG-e8a8b43b8f", "properties": {"id": "SEG-e8a8b43b8f", "name": "McGuinness Boulevard", "highway": "primary", "scope": "in_scope", "borough": "Brooklyn", "bridge": false, "tunnel": false, "status": "inventoried"}, "geometry": {"type": "LineString", "coordinates": [[-73.9514256, 40.7304718], [-73.9514713, 40.7305517], [-73.9515313, 40.7306584], [-73.9515619, 40.7307191], [-73.9516033, 40.7307989], [-73.9516317, 40.7308639], [-73.9516364, 40.7308767], [-73.9516546, 40.7309259], [-73.9516725, 40.7309824], [-73.9516807, 40.7310121], [-73.9516909, 40.731049], [-73.9517005, 40.7311028], [-73.9517118, 40.7311668]]}}, {"type": "Feature", "id": "SEG-320d4e5c22", "properties": {"id": "SEG-320d4e5c22", "name": "40th Avenue", "highway": "residential", "scope": "in_scope", "borough": "Queens", "bridge": false, "tunnel": false, "status": "inventoried"}, "geometry": {"type": "LineString", "coordinates": [[-73.936402, 40.752672], [-73.9364729, 40.7527096], [-73.9371077, 40.753046], [-73.93717, 40.753079]]}}, {"type": "Feature", "id": "SEG-51aa877bb3", "properties": {"id": "SEG-51aa877bb3", "name": "Borden Avenue", "highway": "primary", "scope": "in_scope", "borough": "Queens", "bridge": false, "tunnel": false, "status": "geometry_verified"}, "geometry": {"type": "LineString", "coordinates": [[-73.9545741, 40.7413557], [-73.9543492, 40.7413061]]}}, {"type": "Feature", "id": "SEG-4312a39c44", "properties": {"id": "SEG-4312a39c44", "name": "Freeman Street", "highway": "residential", "scope": "in_scope", "borough": "Brooklyn", "bridge": false, "tunnel": false, "status": "geometry_verified"}, "geometry": {"type": "LineString", "coordinates": [[-73.9499284, 40.7349329], [-73.9500152, 40.7349253], [-73.9511981, 40.7348144]]}}, {"type": "Feature", "id": "SEG-3d2e7f073b", "properties": {"id": "SEG-3d2e7f073b", "name": "Freeman Street", "highway": "residential", "scope": "in_scope", "borough": "Brooklyn", "bridge": false, "tunnel": false, "status": "geometry_verified"}, "geometry": {"type": "LineString", "coordinates": [[-73.9511981, 40.7348144], [-73.9521697, 40.7347228], [-73.9522101, 40.7347178], [-73.9523393, 40.7347071]]}}, {"type": "Feature", "id": "SEG-b674e6118f", "properties": {"id": "SEG-b674e6118f", "name": "44th Drive", "highway": "tertiary", "scope": "in_scope", "borough": "Queens", "bridge": false, "tunnel": false, "status": "inventoried"}, "geometry": {"type": "LineString", "coordinates": [[-73.9425182, 40.7471469], [-73.9424515, 40.7471203], [-73.9424118, 40.7471023], [-73.9423781, 40.7470835]]}}, {"type": "Feature", "id": "SEG-e7064bd80f", "properties": {"id": "SEG-e7064bd80f", "name": "Commercial Street", "highway": "tertiary", "scope": "in_scope", "borough": "Brooklyn", "bridge": false, "tunnel": false, "status": "geometry_verified"}, "geometry": {"type": "LineString", "coordinates": [[-73.9565297, 40.737353], [-73.9567764, 40.7372374], [-73.9569305, 40.7371418]]}}, {"type": "Feature", "id": "SEG-12f9afc0e8", "properties": {"id": "SEG-12f9afc0e8", "name": "Thomson Avenue", "highway": "primary", "scope": "in_scope", "borough": "Queens", "bridge": false, "tunnel": false, "status": "inventoried"}, "geometry": {"type": "LineString", "coordinates": [[-73.9335542, 40.7447251], [-73.9334157, 40.7446933], [-73.933381, 40.7446861], [-73.9327897, 40.7446154], [-73.932728, 40.7446172], [-73.9326468, 40.7446215]]}}, {"type": "Feature", "id": "SEG-512f9d730f", "properties": {"id": "SEG-512f9d730f", "name": "44th Avenue", "highway": "residential", "scope": "in_scope", "borough": "Queens", "bridge": false, "tunnel": false, "status": "inventoried"}, "geometry": {"type": "LineString", "coordinates": [[-73.9491858, 40.7499921], [-73.949084, 40.7499731], [-73.9485772, 40.749878], [-73.9476295, 40.7496824]]}}, {"type": "Feature", "id": "SEG-73e5cbe801", "properties": {"id": "SEG-73e5cbe801", "name": "43rd Avenue", "highway": "secondary", "scope": "in_scope", "borough": "Queens", "bridge": false, "tunnel": false, "status": "inventoried"}, "geometry": {"type": "LineString", "coordinates": [[-73.949596, 40.752609], [-73.9495329, 40.7525777], [-73.9488858, 40.752257], [-73.948807, 40.752218]]}}, {"type": "Feature", "id": "SEG-2936a4526b", "properties": {"id": "SEG-2936a4526b", "name": "Green Street", "highway": "residential", "scope": "in_scope", "borough": "Brooklyn", "bridge": false, "tunnel": false, "status": "inventoried"}, "geometry": {"type": "LineString", "coordinates": [[-73.9581783, 40.7334328], [-73.9580767, 40.7334422], [-73.9561393, 40.7336178]]}}, {"type": "Feature", "id": "SEG-73b04fa68b", "properties": {"id": "SEG-73b04fa68b", "name": "Green Street", "highway": "residential", "scope": "in_scope", "borough": "Brooklyn", "bridge": false, "tunnel": false, "status": "inventoried"}, "geometry": {"type": "LineString", "coordinates": [[-73.9561393, 40.7336178], [-73.9549583, 40.7337321], [-73.9548439, 40.7337436]]}}, {"type": "Feature", "id": "SEG-e80140f7e8", "properties": {"id": "SEG-e80140f7e8", "name": "East 46th Street", "highway": "secondary", "scope": "in_scope", "borough": "Manhattan", "bridge": false, "tunnel": false, "status": "inventoried"}, "geometry": {"type": "LineString", "coordinates": [[-73.970341, 40.752379], [-73.9702445, 40.7523379], [-73.9702121, 40.752324], [-73.9681142, 40.751437], [-73.9679588, 40.7513685]]}}, {"type": "Feature", "id": "SEG-b78a23a457", "properties": {"id": "SEG-b78a23a457", "name": "Bridgewater Street", "highway": "secondary", "scope": "in_scope", "borough": "Brooklyn", "bridge": false, "tunnel": false, "status": "inventoried"}, "geometry": {"type": "LineString", "coordinates": [[-73.937243, 40.727794], [-73.9381103, 40.7280745], [-73.938189, 40.7281]]}}, {"type": "Feature", "id": "SEG-b4f8965a86", "properties": {"id": "SEG-b4f8965a86", "name": "49th Avenue", "highway": "residential", "scope": "in_scope", "borough": "Queens", "bridge": false, "tunnel": false, "status": "geometry_verified"}, "geometry": {"type": "LineString", "coordinates": [[-73.9504735, 40.7427318], [-73.9504478, 40.7427373], [-73.9504275, 40.7427411], [-73.9504007, 40.7427398], [-73.9493458, 40.7425479], [-73.949228, 40.7425326]]}}, {"type": "Feature", "id": "SEG-684efe26e5", "properties": {"id": "SEG-684efe26e5", "name": "Center Boulevard", "highway": "residential", "scope": "in_scope", "borough": "Queens", "bridge": false, "tunnel": false, "status": "geometry_verified"}, "geometry": {"type": "LineString", "coordinates": [[-73.957904, 40.7448287], [-73.9579752, 40.7447612], [-73.9581217, 40.7446351], [-73.9582257, 40.7445507], [-73.9584373, 40.7443811], [-73.9585095, 40.7443287]]}}, {"type": "Feature", "id": "SEG-bd3adc76c9", "properties": {"id": "SEG-bd3adc76c9", "name": "", "highway": "service", "scope": "secondary", "borough": "Queens", "bridge": false, "tunnel": false, "status": "inventoried"}, "geometry": {"type": "LineString", "coordinates": [[-73.9341795, 40.7513535], [-73.9342684, 40.7514579], [-73.9342863, 40.7514929], [-73.9343133, 40.7515458]]}}, {"type": "Feature", "id": "SEG-feb28f53f6", "properties": {"id": "SEG-feb28f53f6", "name": "", "highway": "service", "scope": "secondary", "borough": "Brooklyn", "bridge": false, "tunnel": false, "status": "inventoried"}, "geometry": {"type": "LineString", "coordinates": [[-73.960355, 40.7333907], [-73.9603274, 40.733223]]}}, {"type": "Feature", "id": "SEG-7a5d230b1b", "properties": {"id": "SEG-7a5d230b1b", "name": "North Loop Road", "highway": "unclassified", "scope": "in_scope", "borough": "Manhattan", "bridge": false, "tunnel": false, "status": "inventoried"}, "geometry": {"type": "LineString", "coordinates": [[-73.954271, 40.7557654], [-73.9543983, 40.7558376], [-73.9544524, 40.7558671], [-73.9557302, 40.7565542], [-73.9557744, 40.7565765], [-73.9557889, 40.7565843], [-73.9558339, 40.7566077]]}}, {"type": "Feature", "id": "SEG-0d0c851355", "properties": {"id": "SEG-0d0c851355", "name": "1st Avenue", "highway": "primary", "scope": "in_scope", "borough": "Manhattan", "bridge": false, "tunnel": false, "status": "inventoried"}, "geometry": {"type": "LineString", "coordinates": [[-73.9662667, 40.7536872], [-73.9661712, 40.7538175], [-73.9661361, 40.7538651]]}}, {"type": "Feature", "id": "SEG-bf13bf8c72", "properties": {"id": "SEG-bf13bf8c72", "name": "34th Street", "highway": "unclassified", "scope": "in_scope", "borough": "Queens", "bridge": false, "tunnel": false, "status": "inventoried"}, "geometry": {"type": "LineString", "coordinates": [[-73.93585, 40.7366879], [-73.9360358, 40.7366705], [-73.936078, 40.7366636], [-73.936109, 40.7366575], [-73.9369864, 40.7363449], [-73.9370411, 40.7363239], [-73.9371176, 40.7362941]]}}, {"type": "Feature", "id": "SEG-93bc5006dd", "properties": {"id": "SEG-93bc5006dd", "name": "21st Street", "highway": "primary", "scope": "in_scope", "borough": "Queens", "bridge": false, "tunnel": false, "status": "geometry_verified"}, "geometry": {"type": "LineString", "coordinates": [[-73.9492952, 40.7423276], [-73.9493656, 40.742226], [-73.9493841, 40.7421945], [-73.949407, 40.7421604], [-73.949441, 40.7421188], [-73.9494737, 40.7420872], [-73.9495049, 40.7420639], [-73.949552, 40.7420327], [-73.9497675, 40.7419177], [-73.9498212, 40.7418922]]}}, {"type": "Feature", "id": "SEG-911b828f56", "properties": {"id": "SEG-911b828f56", "name": "Green Street", "highway": "residential", "scope": "in_scope", "borough": "Brooklyn", "bridge": false, "tunnel": false, "status": "inventoried"}, "geometry": {"type": "LineString", "coordinates": [[-73.9548439, 40.7337436], [-73.9547203, 40.733755], [-73.9544376, 40.7337822], [-73.9525207, 40.7339663], [-73.9524222, 40.7339758], [-73.9523243, 40.7339848]]}}, {"type": "Feature", "id": "SEG-2b30835d99", "properties": {"id": "SEG-2b30835d99", "name": "", "highway": "service", "scope": "secondary", "borough": "Queens", "bridge": false, "tunnel": false, "status": "geometry_verified"}, "geometry": {"type": "LineString", "coordinates": [[-73.9569473, 40.7441139], [-73.9569549, 40.7440893], [-73.9569735, 40.7440293]]}}, {"type": "Feature", "id": "SEG-bff62e4c5b", "properties": {"id": "SEG-bff62e4c5b", "name": "28th Street", "highway": "residential", "scope": "in_scope", "borough": "Queens", "bridge": false, "tunnel": false, "status": "inventoried"}, "geometry": {"type": "LineString", "coordinates": [[-73.9389912, 40.7498201], [-73.9390312, 40.7497749], [-73.9391223, 40.7496724], [-73.9392015, 40.7495834], [-73.9394276, 40.749329]]}}, {"type": "Feature", "id": "SEG-ff1c34c99b", "properties": {"id": "SEG-ff1c34c99b", "name": "28th Street", "highway": "residential", "scope": "in_scope", "borough": "Queens", "bridge": false, "tunnel": false, "status": "inventoried"}, "geometry": {"type": "LineString", "coordinates": [[-73.9394276, 40.749329], [-73.9394691, 40.7492823], [-73.9396285, 40.749103], [-73.9396484, 40.7490806]]}}, {"type": "Feature", "id": "SEG-6e253c43ea", "properties": {"id": "SEG-6e253c43ea", "name": "", "highway": "service", "scope": "secondary", "borough": "Brooklyn", "bridge": false, "tunnel": false, "status": "inventoried"}, "geometry": {"type": "LineString", "coordinates": [[-73.9493845, 40.7326862], [-73.9490982, 40.7327143], [-73.9479065, 40.7328326], [-73.9476151, 40.73286], [-73.9474341, 40.7328766], [-73.9468714, 40.7329285]]}}, {"type": "Feature", "id": "SEG-939ee973a2", "properties": {"id": "SEG-939ee973a2", "name": "27th Street", "highway": "unclassified", "scope": "in_scope", "borough": "Queens", "bridge": false, "tunnel": false, "status": "inventoried"}, "geometry": {"type": "LineString", "coordinates": [[-73.9404587, 40.7436324], [-73.9405692, 40.7430878]]}}, {"type": "Feature", "id": "SEG-09544c4848", "properties": {"id": "SEG-09544c4848", "name": "27th Street", "highway": "unclassified", "scope": "in_scope", "borough": "Queens", "bridge": false, "tunnel": false, "status": "inventoried"}, "geometry": {"type": "LineString", "coordinates": [[-73.9405692, 40.7430878], [-73.9405862, 40.7430065], [-73.940598, 40.7429632], [-73.9406154, 40.742922], [-73.9406341, 40.7428882], [-73.940659, 40.7428461], [-73.9406852, 40.742808], [-73.9407106, 40.7427735], [-73.9407422, 40.7427382], [-73.9407754, 40.7427045], [-73.9411635, 40.7423339]]}}, {"type": "Feature", "id": "SEG-9a108ce0b2", "properties": {"id": "SEG-9a108ce0b2", "name": "Morgan Avenue", "highway": "residential", "scope": "in_scope", "borough": "Brooklyn", "bridge": false, "tunnel": false, "status": "inventoried"}, "geometry": {"type": "LineString", "coordinates": [[-73.939805, 40.726062], [-73.9398182, 40.726142], [-73.9400962, 40.7278156], [-73.9401033, 40.7278585], [-73.940115, 40.727929]]}}, {"type": "Feature", "id": "SEG-b9909bec8d", "properties": {"id": "SEG-b9909bec8d", "name": "Meserole Avenue", "highway": "residential", "scope": "in_scope", "borough": "Brooklyn", "bridge": false, "tunnel": false, "status": "inventoried"}, "geometry": {"type": "LineString", "coordinates": [[-73.947666, 40.728758], [-73.9477289, 40.7287372], [-73.9484278, 40.7285071], [-73.948495, 40.728485]]}}, {"type": "Feature", "id": "SEG-e5cbf0777e", "properties": {"id": "SEG-e5cbf0777e", "name": "", "highway": "service", "scope": "secondary", "borough": "Queens", "bridge": false, "tunnel": false, "status": "inventoried"}, "geometry": {"type": "LineString", "coordinates": [[-73.9324814, 40.7524679], [-73.9325284, 40.752414], [-73.9325549, 40.7523826], [-73.9328542, 40.7522619], [-73.9330649, 40.7520964], [-73.9331844, 40.7519648]]}}, {"type": "Feature", "id": "SEG-973e4d242d", "properties": {"id": "SEG-973e4d242d", "name": "Crescent Street", "highway": "tertiary", "scope": "in_scope", "borough": "Queens", "bridge": false, "tunnel": false, "status": "inventoried"}, "geometry": {"type": "LineString", "coordinates": [[-73.936789, 40.7547625], [-73.9368404, 40.7547053], [-73.9375316, 40.7539607], [-73.9379046, 40.7535523], [-73.9379572, 40.7535014]]}}, {"type": "Feature", "id": "SEG-2c6c38db90", "properties": {"id": "SEG-2c6c38db90", "name": "", "highway": "trunk_link", "scope": "in_scope", "borough": "Queens", "bridge": true, "tunnel": false, "status": "inventoried"}, "geometry": {"type": "LineString", "coordinates": [[-73.9449671, 40.7525293], [-73.9452521, 40.7522684], [-73.9454801, 40.7520528]]}}, {"type": "Feature", "id": "SEG-50fb44fe4b", "properties": {"id": "SEG-50fb44fe4b", "name": "Queens-Midtown Tunnel", "highway": "motorway", "scope": "in_scope", "borough": "Queens", "bridge": false, "tunnel": false, "status": "blocked"}, "geometry": {"type": "LineString", "coordinates": [[-73.9539927, 40.7415619], [-73.9540773, 40.7415443]]}}, {"type": "Feature", "id": "SEG-8bc588256a", "properties": {"id": "SEG-8bc588256a", "name": "McGuinness Boulevard", "highway": "primary", "scope": "in_scope", "borough": "Brooklyn", "bridge": false, "tunnel": false, "status": "inventoried"}, "geometry": {"type": "LineString", "coordinates": [[-73.9501326, 40.727944], [-73.9500987, 40.7278889], [-73.9499595, 40.7276601], [-73.9496484, 40.727093], [-73.949574, 40.7269627], [-73.9494198, 40.726693], [-73.9492447, 40.7263866], [-73.9492252, 40.7263514], [-73.9491851, 40.7262788]]}}, {"type": "Feature", "id": "SEG-0361bd9938", "properties": {"id": "SEG-0361bd9938", "name": "11th Street", "highway": "secondary", "scope": "in_scope", "borough": "Queens", "bridge": false, "tunnel": false, "status": "inventoried"}, "geometry": {"type": "LineString", "coordinates": [[-73.9467482, 40.7531892], [-73.9468004, 40.7531363], [-73.9468421, 40.7530922], [-73.9479852, 40.7519118], [-73.948053, 40.751842]]}}, {"type": "Feature", "id": "SEG-f88bef15a2", "properties": {"id": "SEG-f88bef15a2", "name": "1st Avenue", "highway": "primary", "scope": "in_scope", "borough": "Manhattan", "bridge": false, "tunnel": false, "status": "inventoried"}, "geometry": {"type": "LineString", "coordinates": [[-73.9701821, 40.7481335], [-73.9701117, 40.7482053], [-73.9697866, 40.7486685], [-73.9697611, 40.7487179], [-73.9697356, 40.7487771]]}}, {"type": "Feature", "id": "SEG-c7dd47a73b", "properties": {"id": "SEG-c7dd47a73b", "name": "46th Avenue", "highway": "residential", "scope": "in_scope", "borough": "Queens", "bridge": false, "tunnel": false, "status": "geometry_verified"}, "geometry": {"type": "LineString", "coordinates": [[-73.9480715, 40.7459865], [-73.9481937, 40.7460093], [-73.9487593, 40.7461206], [-73.9501517, 40.7463922], [-73.9502674, 40.746413]]}}, {"type": "Feature", "id": "SEG-0900bdf4aa", "properties": {"id": "SEG-0900bdf4aa", "name": "Greenpoint Avenue", "highway": "primary", "scope": "in_scope", "borough": "Queens", "bridge": false, "tunnel": false, "status": "inventoried"}, "geometry": {"type": "LineString", "coordinates": [[-73.9362915, 40.7350026], [-73.9361942, 40.7350395], [-73.9359672, 40.7351255], [-73.9348694, 40.7355257], [-73.9347826, 40.7355614]]}}, {"type": "Feature", "id": "SEG-241b320077", "properties": {"id": "SEG-241b320077", "name": "East 42nd Street", "highway": "primary", "scope": "in_scope", "borough": "Manhattan", "bridge": false, "tunnel": false, "status": "inventoried"}, "geometry": {"type": "LineString", "coordinates": [[-73.9697356, 40.7487771], [-73.9697166, 40.7487276], [-73.9696887, 40.7486917], [-73.969668, 40.7486768], [-73.9695959, 40.7486413], [-73.9689733, 40.7483776], [-73.9687676, 40.7482874], [-73.9686637, 40.74824], [-73.9686102, 40.7482103], [-73.9685674, 40.7481811], [-73.9685386, 40.7481564], [-73.9685145, 40.7481266], [-73.9684994, 40.7481009], [-73.9684862, 40.7480698], [-73.9684812, 40.7480426], [-73.9684802, 40.7480158], [-73.9684845, 40.7479893], [-73.9684916, 40.7479675], [-73.968503, 40.7479418], [-73.9685319, 40.7478985], [-73.9686476, 40.7477154], [-73.96877, 40.7475579]]}}, {"type": "Feature", "id": "SEG-73d60cff7f", "properties": {"id": "SEG-73d60cff7f", "name": "48th Avenue", "highway": "residential", "scope": "in_scope", "borough": "Queens", "bridge": false, "tunnel": false, "status": "geometry_verified"}, "geometry": {"type": "LineString", "coordinates": [[-73.9560125, 40.7444602], [-73.9559334, 40.7444449], [-73.9549074, 40.7442458], [-73.9537861, 40.7440282], [-73.9536756, 40.7440068]]}}, {"type": "Feature", "id": "SEG-933280bce4", "properties": {"id": "SEG-933280bce4", "name": "Franklin Street", "highway": "tertiary", "scope": "in_scope", "borough": "Brooklyn", "bridge": false, "tunnel": false, "status": "inventoried"}, "geometry": {"type": "LineString", "coordinates": [[-73.9585271, 40.7355605], [-73.958538, 40.7356215], [-73.9586163, 40.7361048], [-73.9586201, 40.7361408], [-73.9586354, 40.7362211]]}}, {"type": "Feature", "id": "SEG-ef82b87cf9", "properties": {"id": "SEG-ef82b87cf9", "name": "", "highway": "service", "scope": "secondary", "borough": "Queens", "bridge": false, "tunnel": false, "status": "geometry_verified"}, "geometry": {"type": "LineString", "coordinates": [[-73.9531439, 40.7425496], [-73.9531254, 40.7426112], [-73.9531191, 40.7426322], [-73.9530572, 40.7428324], [-73.95321, 40.7428629], [-73.9532791, 40.7426634], [-73.9532859, 40.7426426], [-73.9533061, 40.742581]]}}, {"type": "Feature", "id": "SEG-90f7377f91", "properties": {"id": "SEG-90f7377f91", "name": "Jewel Street", "highway": "residential", "scope": "in_scope", "borough": "Brooklyn", "bridge": false, "tunnel": false, "status": "inventoried"}, "geometry": {"type": "LineString", "coordinates": [[-73.947666, 40.728758], [-73.9477049, 40.7288258], [-73.9482018, 40.7296977], [-73.9482253, 40.729739], [-73.948255, 40.729791]]}}, {"type": "Feature", "id": "SEG-6fdd175391", "properties": {"id": "SEG-6fdd175391", "name": "Java Street", "highway": "residential", "scope": "in_scope", "borough": "Brooklyn", "bridge": false, "tunnel": false, "status": "inventoried"}, "geometry": {"type": "LineString", "coordinates": [[-73.9578282, 40.7313042], [-73.9579284, 40.731295], [-73.9593227, 40.7311622], [-73.9593806, 40.7311566], [-73.9594665, 40.7311471]]}}, {"type": "Feature", "id": "SEG-1f96018246", "properties": {"id": "SEG-1f96018246", "name": "McGuinness Boulevard", "highway": "primary", "scope": "in_scope", "borough": "Brooklyn", "bridge": false, "tunnel": false, "status": "inventoried"}, "geometry": {"type": "LineString", "coordinates": [[-73.9499997, 40.7279887], [-73.9500354, 40.7280516], [-73.9505539, 40.7289661], [-73.9505853, 40.7290212]]}}, {"type": "Feature", "id": "SEG-9a54b67813", "properties": {"id": "SEG-9a54b67813", "name": "Manhattan Avenue", "highway": "tertiary", "scope": "in_scope", "borough": "Brooklyn", "bridge": false, "tunnel": false, "status": "inventoried"}, "geometry": {"type": "LineString", "coordinates": [[-73.9548439, 40.7337436], [-73.9548336, 40.7336832], [-73.9547389, 40.7331039], [-73.9547276, 40.7330344]]}}, {"type": "Feature", "id": "SEG-10e96bf818", "properties": {"id": "SEG-10e96bf818", "name": "", "highway": "service", "scope": "secondary", "borough": "Brooklyn", "bridge": false, "tunnel": false, "status": "geometry_verified"}, "geometry": {"type": "LineString", "coordinates": [[-73.9527849, 40.7376994], [-73.9527049, 40.7377034], [-73.9526367, 40.7377061], [-73.9525091, 40.7377149]]}}, {"type": "Feature", "id": "SEG-5e5b7c6c8e", "properties": {"id": "SEG-5e5b7c6c8e", "name": "", "highway": "service", "scope": "secondary", "borough": "Brooklyn", "bridge": false, "tunnel": false, "status": "geometry_verified"}, "geometry": {"type": "LineString", "coordinates": [[-73.9525091, 40.7377149], [-73.952324, 40.737661]]}}, {"type": "Feature", "id": "SEG-c30c5705c7", "properties": {"id": "SEG-c30c5705c7", "name": "", "highway": "service", "scope": "secondary", "borough": "Queens", "bridge": false, "tunnel": false, "status": "inventoried"}, "geometry": {"type": "LineString", "coordinates": [[-73.9406557, 40.7558435], [-73.940774, 40.755906], [-73.9408879, 40.7559662]]}}, {"type": "Feature", "id": "SEG-dde99df9f8", "properties": {"id": "SEG-dde99df9f8", "name": "", "highway": "service", "scope": "secondary", "borough": "Queens", "bridge": false, "tunnel": false, "status": "inventoried"}, "geometry": {"type": "LineString", "coordinates": [[-73.9408879, 40.7559662], [-73.9413967, 40.7562352], [-73.9414599, 40.7562686]]}}, {"type": "Feature", "id": "SEG-46e0046708", "properties": {"id": "SEG-46e0046708", "name": "", "highway": "motorway_link", "scope": "in_scope", "borough": "Brooklyn", "bridge": true, "tunnel": false, "status": "inventoried"}, "geometry": {"type": "LineString", "coordinates": [[-73.9347049, 40.7244981], [-73.9343172, 40.7245885]]}}, {"type": "Feature", "id": "SEG-a68352e3be", "properties": {"id": "SEG-a68352e3be", "name": "Dutch Kills Street", "highway": "residential", "scope": "in_scope", "borough": "Queens", "bridge": false, "tunnel": false, "status": "inventoried"}, "geometry": {"type": "LineString", "coordinates": [[-73.940584, 40.7477306], [-73.9405471, 40.7476678], [-73.9405341, 40.7476462], [-73.9399741, 40.7467561], [-73.9397314, 40.7463577]]}}, {"type": "Feature", "id": "SEG-16f5da4147", "properties": {"id": "SEG-16f5da4147", "name": "29th Street", "highway": "unclassified", "scope": "in_scope", "borough": "Queens", "bridge": false, "tunnel": false, "status": "inventoried"}, "geometry": {"type": "LineString", "coordinates": [[-73.9385316, 40.7405854], [-73.9385341, 40.7406414], [-73.9385343, 40.7406787], [-73.9387972, 40.7411842], [-73.9387804, 40.7412799], [-73.9384318, 40.7432718], [-73.9384252, 40.7433095], [-73.9384118, 40.7433968]]}}, {"type": "Feature", "id": "SEG-b11dbb33b2", "properties": {"id": "SEG-b11dbb33b2", "name": "Franklin Street", "highway": "secondary", "scope": "in_scope", "borough": "Brooklyn", "bridge": false, "tunnel": false, "status": "inventoried"}, "geometry": {"type": "LineString", "coordinates": [[-73.9574772, 40.7291692], [-73.9574876, 40.7292324], [-73.9575407, 40.7295555], [-73.9575794, 40.7297908], [-73.9575954, 40.7298876]]}}, {"type": "Feature", "id": "SEG-31d46e6109", "properties": {"id": "SEG-31d46e6109", "name": "Greenpoint Avenue", "highway": "primary", "scope": "in_scope", "borough": "Brooklyn", "bridge": false, "tunnel": false, "status": "inventoried"}, "geometry": {"type": "LineString", "coordinates": [[-73.9487891, 40.730739], [-73.9490842, 40.7307126], [-73.9491447, 40.7307046], [-73.9492353, 40.7306923]]}}, {"type": "Feature", "id": "SEG-3fb1ffe89d", "properties": {"id": "SEG-3fb1ffe89d", "name": "46th Road", "highway": "residential", "scope": "in_scope", "borough": "Queens", "bridge": false, "tunnel": false, "status": "geometry_verified"}, "geometry": {"type": "LineString", "coordinates": [[-73.9529451, 40.7461914], [-73.952841, 40.7461713], [-73.9522936, 40.7460656], [-73.9506887, 40.745756], [-73.9505893, 40.745737]]}}, {"type": "Feature", "id": "SEG-e7dc50a6c3", "properties": {"id": "SEG-e7dc50a6c3", "name": "Court Square West", "highway": "residential", "scope": "in_scope", "borough": "Queens", "bridge": false, "tunnel": false, "status": "inventoried"}, "geometry": {"type": "LineString", "coordinates": [[-73.942874, 40.744817], [-73.9432629, 40.7453839], [-73.9436753, 40.7459851], [-73.9436986, 40.746019]]}}, {"type": "Feature", "id": "SEG-5993cf5a73", "properties": {"id": "SEG-5993cf5a73", "name": "Court Square West", "highway": "residential", "scope": "in_scope", "borough": "Queens", "bridge": false, "tunnel": false, "status": "inventoried"}, "geometry": {"type": "LineString", "coordinates": [[-73.9436986, 40.746019], [-73.9439436, 40.7463762], [-73.9439862, 40.7464383]]}}, {"type": "Feature", "id": "SEG-ca1d299fac", "properties": {"id": "SEG-ca1d299fac", "name": "43rd Avenue", "highway": "secondary", "scope": "in_scope", "borough": "Queens", "bridge": false, "tunnel": false, "status": "inventoried"}, "geometry": {"type": "LineString", "coordinates": [[-73.9416655, 40.7482416], [-73.9417089, 40.7483115], [-73.9420291, 40.7488179], [-73.9420405, 40.7488336], [-73.9420638, 40.7488574], [-73.9420776, 40.7488677], [-73.9421008, 40.7488809], [-73.9421415, 40.748902]]}}, {"type": "Feature", "id": "SEG-64b8885f4c", "properties": {"id": "SEG-64b8885f4c", "name": "Nassau Avenue", "highway": "residential", "scope": "in_scope", "borough": "Brooklyn", "bridge": false, "tunnel": false, "status": "inventoried"}, "geometry": {"type": "LineString", "coordinates": [[-73.938876, 40.726151], [-73.9387967, 40.7261585], [-73.9380323, 40.7262305], [-73.937942, 40.726239]]}}, {"type": "Feature", "id": "SEG-ab981b7d0a", "properties": {"id": "SEG-ab981b7d0a", "name": "29th Street", "highway": "unclassified", "scope": "in_scope", "borough": "Queens", "bridge": false, "tunnel": false, "status": "inventoried"}, "geometry": {"type": "LineString", "coordinates": [[-73.9400286, 40.7384935], [-73.9400455, 40.7384435], [-73.9400548, 40.7384181], [-73.940065, 40.7384013], [-73.9400788, 40.7383837], [-73.9400972, 40.7383669], [-73.9401231, 40.7383549], [-73.940476, 40.7382234], [-73.940606, 40.738175]]}}, {"type": "Feature", "id": "SEG-2e1bb19c79", "properties": {"id": "SEG-2e1bb19c79", "name": "34th Street", "highway": "unclassified", "scope": "in_scope", "borough": "Queens", "bridge": false, "tunnel": false, "status": "inventoried"}, "geometry": {"type": "LineString", "coordinates": [[-73.9328889, 40.7378595], [-73.9332163, 40.737743], [-73.9332526, 40.7377338], [-73.9332989, 40.737725], [-73.9333424, 40.7377237], [-73.9333847, 40.7377262], [-73.9334251, 40.7377327], [-73.9334672, 40.7377444], [-73.9335114, 40.7377612], [-73.9335602, 40.7377883]]}}, {"type": "Feature", "id": "SEG-9b51a5dff1", "properties": {"id": "SEG-9b51a5dff1", "name": "Moultrie Street", "highway": "residential", "scope": "in_scope", "borough": "Brooklyn", "bridge": false, "tunnel": false, "status": "inventoried"}, "geometry": {"type": "LineString", "coordinates": [[-73.9458951, 40.7273769], [-73.945931, 40.7274394], [-73.9468112, 40.7289806], [-73.94684, 40.729031]]}}, {"type": "Feature", "id": "SEG-434daf2b55", "properties": {"id": "SEG-434daf2b55", "name": "", "highway": "service", "scope": "secondary", "borough": "Queens", "bridge": false, "tunnel": false, "status": "inventoried"}, "geometry": {"type": "LineString", "coordinates": [[-73.9453399, 40.7535523], [-73.9454305, 40.7534373], [-73.9455263, 40.7533157], [-73.94423, 40.7527666]]}}, {"type": "Feature", "id": "SEG-23e1f05de1", "properties": {"id": "SEG-23e1f05de1", "name": "Center Boulevard", "highway": "residential", "scope": "in_scope", "borough": "Queens", "bridge": false, "tunnel": false, "status": "geometry_verified"}, "geometry": {"type": "LineString", "coordinates": [[-73.95723, 40.7455488], [-73.9572797, 40.7454933], [-73.9573444, 40.7454245], [-73.9577248, 40.7450202], [-73.9577572, 40.7449819], [-73.9578086, 40.7449222]]}}, {"type": "Feature", "id": "SEG-6ebf7c77d2", "properties": {"id": "SEG-6ebf7c77d2", "name": "", "highway": "service", "scope": "secondary", "borough": "Manhattan", "bridge": false, "tunnel": false, "status": "inventoried"}, "geometry": {"type": "LineString", "coordinates": [[-73.9662536, 40.7529662], [-73.9652167, 40.7525326]]}}, {"type": "Feature", "id": "SEG-93131b2aae", "properties": {"id": "SEG-93131b2aae", "name": "West Street", "highway": "residential", "scope": "in_scope", "borough": "Brooklyn", "bridge": false, "tunnel": false, "status": "inventoried"}, "geometry": {"type": "LineString", "coordinates": [[-73.9588788, 40.7275959], [-73.9588897, 40.7276664], [-73.9589186, 40.7278464]]}}, {"type": "Feature", "id": "SEG-2e5c89b787", "properties": {"id": "SEG-2e5c89b787", "name": "West Street", "highway": "residential", "scope": "in_scope", "borough": "Brooklyn", "bridge": false, "tunnel": false, "status": "inventoried"}, "geometry": {"type": "LineString", "coordinates": [[-73.9589186, 40.7278464], [-73.9589708, 40.7281722], [-73.9589831, 40.7282486], [-73.9589933, 40.728315]]}}, {"type": "Feature", "id": "SEG-24a6abd26d", "properties": {"id": "SEG-24a6abd26d", "name": "1st Avenue", "highway": "primary", "scope": "in_scope", "borough": "Manhattan", "bridge": false, "tunnel": false, "status": "inventoried"}, "geometry": {"type": "LineString", "coordinates": [[-73.9661361, 40.7538651], [-73.9660942, 40.7539245], [-73.9659141, 40.754185], [-73.9657271, 40.7544495], [-73.9656942, 40.7544977]]}}, {"type": "Feature", "id": "SEG-156cf3396c", "properties": {"id": "SEG-156cf3396c", "name": "2nd Avenue", "highway": "primary", "scope": "in_scope", "borough": "Manhattan", "bridge": false, "tunnel": false, "status": "inventoried"}, "geometry": {"type": "LineString", "coordinates": [[-73.96852, 40.754877], [-73.9685618, 40.7548198], [-73.9686785, 40.7546603], [-73.968933, 40.7543125], [-73.968978, 40.754251]]}}, {"type": "Feature", "id": "SEG-e755f8eed7", "properties": {"id": "SEG-e755f8eed7", "name": "FDR Drive", "highway": "primary", "scope": "in_scope", "borough": "Manhattan", "bridge": false, "tunnel": false, "status": "inventoried"}, "geometry": {"type": "LineString", "coordinates": [[-73.96877, 40.7475579], [-73.9689848, 40.7472812], [-73.9692725, 40.74693]]}}, {"type": "Feature", "id": "SEG-81023c6edf", "properties": {"id": "SEG-81023c6edf", "name": "Borden Avenue", "highway": "secondary", "scope": "in_scope", "borough": "Queens", "bridge": false, "tunnel": false, "status": "inventoried"}, "geometry": {"type": "LineString", "coordinates": [[-73.9358769, 40.7379376], [-73.9359579, 40.7379472], [-73.9361408, 40.7379687], [-73.9367347, 40.7380387], [-73.9367993, 40.7380463]]}}, {"type": "Feature", "id": "SEG-cb3fa27349", "properties": {"id": "SEG-cb3fa27349", "name": "Van Dam Street", "highway": "primary", "scope": "in_scope", "borough": "Queens", "bridge": false, "tunnel": false, "status": "inventoried"}, "geometry": {"type": "LineString", "coordinates": [[-73.9335542, 40.7447251], [-73.9335719, 40.7446321], [-73.9336647, 40.7441445], [-73.9337568, 40.7437022]]}}, {"type": "Feature", "id": "SEG-88f6c7362b", "properties": {"id": "SEG-88f6c7362b", "name": "Van Dam Street", "highway": "primary", "scope": "in_scope", "borough": "Queens", "bridge": false, "tunnel": false, "status": "inventoried"}, "geometry": {"type": "LineString", "coordinates": [[-73.9337568, 40.7437022], [-73.9338252, 40.7434179], [-73.9338463, 40.7433305], [-73.933864, 40.7432522], [-73.9339286, 40.7429656], [-73.9339429, 40.7428834]]}}, {"type": "Feature", "id": "SEG-3b74dd8817", "properties": {"id": "SEG-3b74dd8817", "name": "Long Island Expressway", "highway": "motorway", "scope": "in_scope", "borough": "Queens", "bridge": false, "tunnel": false, "status": "inventoried"}, "geometry": {"type": "LineString", "coordinates": [[-73.930661, 40.7369917], [-73.9316409, 40.737133], [-73.933341, 40.7373875], [-73.9334832, 40.7374084], [-73.9336258, 40.7374314], [-73.9338009, 40.7374619]]}}, {"type": "Feature", "id": "SEG-c5006994a4", "properties": {"id": "SEG-c5006994a4", "name": "Borden Avenue", "highway": "secondary", "scope": "in_scope", "borough": "Queens", "bridge": false, "tunnel": false, "status": "inventoried"}, "geometry": {"type": "LineString", "coordinates": [[-73.9349617, 40.7377897], [-73.9351336, 40.7378205], [-73.935321, 40.7378538], [-73.9354861, 40.7378813], [-73.935675, 40.7379089], [-73.9358082, 40.7379279], [-73.9358769, 40.7379376]]}}, {"type": "Feature", "id": "SEG-7bb27d2834", "properties": {"id": "SEG-7bb27d2834", "name": "Vernon Boulevard", "highway": "secondary", "scope": "in_scope", "borough": "Queens", "bridge": false, "tunnel": false, "status": "inventoried"}, "geometry": {"type": "LineString", "coordinates": [[-73.9489518, 40.7547004], [-73.9488583, 40.7547603], [-73.9487567, 40.7548771], [-73.9486662, 40.7549823], [-73.9486512, 40.75505]]}}, {"type": "Feature", "id": "SEG-f3b94d0547", "properties": {"id": "SEG-f3b94d0547", "name": "Queens Plaza South", "highway": "secondary", "scope": "in_scope", "borough": "Queens", "bridge": false, "tunnel": false, "status": "inventoried"}, "geometry": {"type": "LineString", "coordinates": [[-73.9493907, 40.7541784], [-73.9492944, 40.7541541], [-73.949042, 40.7540903]]}}, {"type": "Feature", "id": "SEG-7d4b430ca7", "properties": {"id": "SEG-7d4b430ca7", "name": "Queens Plaza South", "highway": "secondary", "scope": "in_scope", "borough": "Queens", "bridge": false, "tunnel": false, "status": "inventoried"}, "geometry": {"type": "LineString", "coordinates": [[-73.949042, 40.7540903], [-73.9490134, 40.7540831], [-73.9485753, 40.7539772], [-73.948456, 40.7539352]]}}, {"type": "Feature", "id": "SEG-53775c6971", "properties": {"id": "SEG-53775c6971", "name": "1st Avenue Tunnel", "highway": "primary", "scope": "in_scope", "borough": "Manhattan", "bridge": false, "tunnel": false, "status": "inventoried"}, "geometry": {"type": "LineString", "coordinates": [[-73.9675604, 40.7520303], [-73.9673956, 40.752247], [-73.967132, 40.7526057], [-73.9669992, 40.7527764], [-73.9667185, 40.7531735], [-73.9666948, 40.7532154], [-73.9666622, 40.7532753]]}}, {"type": "Feature", "id": "SEG-9a817eb678", "properties": {"id": "SEG-9a817eb678", "name": "India Street", "highway": "residential", "scope": "in_scope", "borough": "Brooklyn", "bridge": false, "tunnel": false, "status": "inventoried"}, "geometry": {"type": "LineString", "coordinates": [[-73.9546103, 40.7323299], [-73.954498, 40.7323405], [-73.953871, 40.7324001]]}}, {"type": "Feature", "id": "SEG-fc1ca11d54", "properties": {"id": "SEG-fc1ca11d54", "name": "India Street", "highway": "residential", "scope": "in_scope", "borough": "Brooklyn", "bridge": false, "tunnel": false, "status": "inventoried"}, "geometry": {"type": "LineString", "coordinates": [[-73.953871, 40.7324001], [-73.9521846, 40.7325601], [-73.9520892, 40.7325692]]}}, {"type": "Feature", "id": "SEG-bcb1616b2b", "properties": {"id": "SEG-bcb1616b2b", "name": "Brooklyn-Queens Expressway", "highway": "motorway_link", "scope": "in_scope", "borough": "Brooklyn", "bridge": false, "tunnel": false, "status": "inventoried"}, "geometry": {"type": "LineString", "coordinates": [[-73.9343634, 40.7246883], [-73.9333748, 40.7249041]]}}, {"type": "Feature", "id": "SEG-b0a47f4363", "properties": {"id": "SEG-b0a47f4363", "name": "39th Avenue", "highway": "residential", "scope": "in_scope", "borough": "Queens", "bridge": false, "tunnel": false, "status": "inventoried"}, "geometry": {"type": "LineString", "coordinates": [[-73.939087, 40.75598], [-73.9390186, 40.7559442], [-73.9383917, 40.7556092], [-73.938294, 40.755557]]}}, {"type": "Feature", "id": "SEG-f30a3c1f33", "properties": {"id": "SEG-f30a3c1f33", "name": "Freeman Street", "highway": "residential", "scope": "in_scope", "borough": "Brooklyn", "bridge": false, "tunnel": false, "status": "geometry_verified"}, "geometry": {"type": "LineString", "coordinates": [[-73.9549621, 40.734465], [-73.955077, 40.7344572], [-73.9553566, 40.7344311], [-73.9557882, 40.7343909]]}}, {"type": "Feature", "id": "SEG-81705c0d9a", "properties": {"id": "SEG-81705c0d9a", "name": "Freeman Street", "highway": "residential", "scope": "in_scope", "borough": "Brooklyn", "bridge": false, "tunnel": false, "status": "geometry_verified"}, "geometry": {"type": "LineString", "coordinates": [[-73.9557882, 40.7343909], [-73.958136, 40.7341644], [-73.9581932, 40.7341587], [-73.9582957, 40.7341475]]}}, {"type": "Feature", "id": "SEG-b629478300", "properties": {"id": "SEG-b629478300", "name": "McGuinness Boulevard", "highway": "primary", "scope": "in_scope", "borough": "Brooklyn", "bridge": false, "tunnel": false, "status": "inventoried"}, "geometry": {"type": "LineString", "coordinates": [[-73.9523243, 40.7339848], [-73.9523135, 40.7339196], [-73.9522996, 40.7338354], [-73.952274, 40.7336799], [-73.9522417, 40.7334835], [-73.9522186, 40.7333433], [-73.9522072, 40.7332738]]}}, {"type": "Feature", "id": "SEG-43c3f45c48", "properties": {"id": "SEG-43c3f45c48", "name": "43rd Road", "highway": "residential", "scope": "in_scope", "borough": "Queens", "bridge": false, "tunnel": false, "status": "inventoried"}, "geometry": {"type": "LineString", "coordinates": [[-73.9488007, 40.7510056], [-73.9488866, 40.7510653], [-73.9493679, 40.7513929], [-73.9494038, 40.751417], [-73.949464, 40.7514585]]}}, {"type": "Feature", "id": "SEG-207c70ddda", "properties": {"id": "SEG-207c70ddda", "name": "Ed Koch Queensboro Bridge Upper Level", "highway": "trunk", "scope": "in_scope", "borough": "Manhattan", "bridge": true, "tunnel": false, "status": "inventoried"}, "geometry": {"type": "LineString", "coordinates": [[-73.9617837, 40.7601725], [-73.9623046, 40.7603984], [-73.962365, 40.7604268], [-73.9624283, 40.7604613], [-73.9624834, 40.7604978], [-73.9625297, 40.760529], [-73.9625856, 40.760578], [-73.9626234, 40.7606216], [-73.9626458, 40.7606592], [-73.9626736, 40.7607168], [-73.9626928, 40.7607627], [-73.9627066, 40.7608086], [-73.9627155, 40.7608519], [-73.962719, 40.7609011], [-73.9627147, 40.7609513], [-73.9627086, 40.7609973], [-73.9626931, 40.761048], [-73.9626805, 40.7610855], [-73.9626611, 40.7611256], [-73.9626403, 40.7611683], [-73.9626113, 40.7612148], [-73.9621834, 40.7618022]]}}, {"type": "Feature", "id": "SEG-8765ecac9b", "properties": {"id": "SEG-8765ecac9b", "name": "44th Drive", "highway": "tertiary", "scope": "in_scope", "borough": "Queens", "bridge": false, "tunnel": false, "status": "inventoried"}, "geometry": {"type": "LineString", "coordinates": [[-73.9496291, 40.7485546], [-73.9494953, 40.7485291], [-73.9491667, 40.7484653], [-73.9484233, 40.7483206], [-73.9482914, 40.7482949], [-73.9479369, 40.7482259], [-73.9478763, 40.7482141], [-73.9475082, 40.7481423], [-73.9474774, 40.7481363], [-73.9473607, 40.748113]]}}, {"type": "Feature", "id": "SEG-09aaa7da6f", "properties": {"id": "SEG-09aaa7da6f", "name": "43rd Avenue", "highway": "secondary", "scope": "in_scope", "borough": "Queens", "bridge": false, "tunnel": false, "status": "inventoried"}, "geometry": {"type": "LineString", "coordinates": [[-73.9446843, 40.7501655], [-73.9445249, 40.7500865]]}}, {"type": "Feature", "id": "SEG-4262e55c14", "properties": {"id": "SEG-4262e55c14", "name": "Kent Street", "highway": "residential", "scope": "in_scope", "borough": "Brooklyn", "bridge": false, "tunnel": false, "status": "inventoried"}, "geometry": {"type": "LineString", "coordinates": [[-73.9517118, 40.7311668], [-73.9516222, 40.7311755], [-73.9514343, 40.7311936], [-73.9513102, 40.7312055], [-73.9510557, 40.73123], [-73.9494908, 40.7313808], [-73.9494274, 40.7313869], [-73.9493477, 40.7313945]]}}, {"type": "Feature", "id": "SEG-5cfbb5cdaa", "properties": {"id": "SEG-5cfbb5cdaa", "name": "Queens-Midtown Tunnel", "highway": "motorway", "scope": "in_scope", "borough": "Manhattan", "bridge": false, "tunnel": true, "status": "blocked"}, "geometry": {"type": "LineString", "coordinates": [[-73.9540774, 40.7415712], [-73.954428, 40.7415583], [-73.95471, 40.7415589], [-73.9549791, 40.7415617], [-73.9552692, 40.7415944], [-73.9555653, 40.7416391], [-73.9591551, 40.7423274], [-73.9595575, 40.7424223], [-73.9599801, 40.742553], [-73.9602374, 40.7426611], [-73.9605435, 40.7428032], [-73.9608227, 40.7429519], [-73.9610851, 40.7431114], [-73.9678889, 40.7477556], [-73.9680801, 40.747854], [-73.9682989, 40.7479503], [-73.9685084, 40.7480228], [-73.9686997, 40.7480759], [-73.9689349, 40.7481202], [-73.9691531, 40.7481409], [-73.9694051, 40.7481416], [-73.9696313, 40.7481217], [-73.9698667, 40.7480862], [-73.9701379, 40.7480115], [-73.9703059, 40.7479475], [-73.9705148, 40.7478302], [-73.9707216, 40.7477117], [-73.9709014, 40.7475645], [-73.971005, 40.7474512], [-73.9711001, 40.7473123]]}}, {"type": "Feature", "id": "SEG-7e4c1f0fb0", "properties": {"id": "SEG-7e4c1f0fb0", "name": "27th Street", "highway": "unclassified", "scope": "in_scope", "borough": "Queens", "bridge": false, "tunnel": false, "status": "inventoried"}, "geometry": {"type": "LineString", "coordinates": [[-73.9422986, 40.7411894], [-73.9423291, 40.7411029], [-73.942527, 40.7404918]]}}, {"type": "Feature", "id": "SEG-e623686d34", "properties": {"id": "SEG-e623686d34", "name": "Queens Plaza South", "highway": "secondary", "scope": "in_scope", "borough": "Queens", "bridge": false, "tunnel": false, "status": "inventoried"}, "geometry": {"type": "LineString", "coordinates": [[-73.944235, 40.752108], [-73.9441131, 40.7520561], [-73.9441065, 40.7520532], [-73.9433119, 40.7517141], [-73.9431783, 40.7516574], [-73.943109, 40.7516275]]}}, {"type": "Feature", "id": "SEG-3c8ea12b94", "properties": {"id": "SEG-3c8ea12b94", "name": "27th Street", "highway": "residential", "scope": "in_scope", "borough": "Queens", "bridge": false, "tunnel": false, "status": "inventoried"}, "geometry": {"type": "LineString", "coordinates": [[-73.9398386, 40.7501879], [-73.9398863, 40.7501332], [-73.9400604, 40.7499428], [-73.9404926, 40.7494698], [-73.940535, 40.749424]]}}, {"type": "Feature", "id": "SEG-6888975a03", "properties": {"id": "SEG-6888975a03", "name": "Meserole Avenue", "highway": "residential", "scope": "in_scope", "borough": "Brooklyn", "bridge": false, "tunnel": false, "status": "inventoried"}, "geometry": {"type": "LineString", "coordinates": [[-73.9501326, 40.727944], [-73.9502227, 40.7279138], [-73.9509105, 40.7276859], [-73.950978, 40.727664]]}}, {"type": "Feature", "id": "SEG-8953a27797", "properties": {"id": "SEG-8953a27797", "name": "", "highway": "service", "scope": "secondary", "borough": "Queens", "bridge": false, "tunnel": false, "status": "inventoried"}, "geometry": {"type": "LineString", "coordinates": [[-73.9339508, 40.7457984], [-73.9339991, 40.7458438]]}}, {"type": "Feature", "id": "SEG-fa19e81351", "properties": {"id": "SEG-fa19e81351", "name": "", "highway": "service", "scope": "secondary", "borough": "Queens", "bridge": false, "tunnel": false, "status": "inventoried"}, "geometry": {"type": "LineString", "coordinates": [[-73.9339991, 40.7458438], [-73.9340449, 40.74589], [-73.9340229, 40.7459032], [-73.9339554, 40.7459437], [-73.9339406, 40.7459526]]}}, {"type": "Feature", "id": "SEG-384275e607", "properties": {"id": "SEG-384275e607", "name": "", "highway": "service", "scope": "secondary", "borough": "Queens", "bridge": false, "tunnel": false, "status": "inventoried"}, "geometry": {"type": "LineString", "coordinates": [[-73.9339406, 40.7459526], [-73.9338993, 40.7459622], [-73.933789, 40.7459878], [-73.9337777, 40.7459904]]}}, {"type": "Feature", "id": "SEG-c6b49f161d", "properties": {"id": "SEG-c6b49f161d", "name": "Thomson Avenue", "highway": "primary", "scope": "in_scope", "borough": "Queens", "bridge": false, "tunnel": false, "status": "inventoried"}, "geometry": {"type": "LineString", "coordinates": [[-73.9431564, 40.7467699], [-73.9432186, 40.7468625]]}}, {"type": "Feature", "id": "SEG-d7a28152cb", "properties": {"id": "SEG-d7a28152cb", "name": "", "highway": "service", "scope": "secondary", "borough": "Brooklyn", "bridge": false, "tunnel": false, "status": "geometry_verified"}, "geometry": {"type": "LineString", "coordinates": [[-73.9496098, 40.7340887], [-73.9482874, 40.734219], [-73.9482485, 40.7341987], [-73.9479173, 40.7342271], [-73.9478529, 40.7342622], [-73.947114, 40.7343308]]}}, {"type": "Feature", "id": "SEG-1e7a275e11", "properties": {"id": "SEG-1e7a275e11", "name": "", "highway": "motorway_link", "scope": "in_scope", "borough": "Queens", "bridge": false, "tunnel": false, "status": "geometry_verified"}, "geometry": {"type": "LineString", "coordinates": [[-73.9503154, 40.7417057], [-73.9509947, 40.7416664], [-73.9511105, 40.7416525], [-73.9512403, 40.7416418], [-73.9516045, 40.7416083]]}}, {"type": "Feature", "id": "SEG-b52791d6bf", "properties": {"id": "SEG-b52791d6bf", "name": "42nd Road", "highway": "residential", "scope": "in_scope", "borough": "Queens", "bridge": false, "tunnel": false, "status": "inventoried"}, "geometry": {"type": "LineString", "coordinates": [[-73.9397181, 40.7490021], [-73.9396115, 40.7489401], [-73.9395717, 40.7489169], [-73.9394402, 40.7487074]]}}, {"type": "Feature", "id": "SEG-56218f4f6c", "properties": {"id": "SEG-56218f4f6c", "name": "Queens Plaza South", "highway": "secondary", "scope": "in_scope", "borough": "Queens", "bridge": false, "tunnel": false, "status": "inventoried"}, "geometry": {"type": "LineString", "coordinates": [[-73.9398386, 40.7501879], [-73.9397694, 40.7501579], [-73.9392382, 40.7499233], [-73.9391063, 40.7498702], [-73.9389912, 40.7498201]]}}, {"type": "Feature", "id": "SEG-bb98dd84ad", "properties": {"id": "SEG-bb98dd84ad", "name": "43rd Avenue", "highway": "secondary", "scope": "in_scope", "borough": "Queens", "bridge": false, "tunnel": false, "status": "inventoried"}, "geometry": {"type": "LineString", "coordinates": [[-73.948807, 40.752218], [-73.9487475, 40.7521883], [-73.94815, 40.7518905], [-73.948053, 40.751842]]}}, {"type": "Feature", "id": "SEG-edfc975310", "properties": {"id": "SEG-edfc975310", "name": "Van Dam Street", "highway": "primary", "scope": "in_scope", "borough": "Queens", "bridge": false, "tunnel": false, "status": "inventoried"}, "geometry": {"type": "LineString", "coordinates": [[-73.9350527, 40.7374945], [-73.9350666, 40.7374693], [-73.935082, 40.7374444], [-73.9350953, 40.7374315], [-73.9352998, 40.7372257]]}}, {"type": "Feature", "id": "SEG-2b6782aa30", "properties": {"id": "SEG-2b6782aa30", "name": "30th Street", "highway": "unclassified", "scope": "in_scope", "borough": "Queens", "bridge": false, "tunnel": false, "status": "inventoried"}, "geometry": {"type": "LineString", "coordinates": [[-73.937263, 40.7451821], [-73.93729, 40.7450739], [-73.9374942, 40.7440939]]}}, {"type": "Feature", "id": "SEG-803463b9ad", "properties": {"id": "SEG-803463b9ad", "name": "30th Street", "highway": "unclassified", "scope": "in_scope", "borough": "Queens", "bridge": false, "tunnel": false, "status": "inventoried"}, "geometry": {"type": "LineString", "coordinates": [[-73.9374942, 40.7440939], [-73.9376365, 40.7434029], [-73.9376553, 40.7433081]]}}, {"type": "Feature", "id": "SEG-f2cd939607", "properties": {"id": "SEG-f2cd939607", "name": "Thomson Avenue", "highway": "primary", "scope": "in_scope", "borough": "Queens", "bridge": true, "tunnel": false, "status": "inventoried"}, "geometry": {"type": "LineString", "coordinates": [[-73.9399335, 40.7457495], [-73.9392655, 40.7456005]]}}, {"type": "Feature", "id": "SEG-19b718aa2e", "properties": {"id": "SEG-19b718aa2e", "name": "Paidge Avenue", "highway": "tertiary", "scope": "in_scope", "borough": "Brooklyn", "bridge": false, "tunnel": false, "status": "geometry_verified"}, "geometry": {"type": "LineString", "coordinates": [[-73.9512301, 40.7370457], [-73.9505795, 40.7368365], [-73.9504444, 40.7367939], [-73.9502067, 40.7367175]]}}, {"type": "Feature", "id": "SEG-3073ebe9ce", "properties": {"id": "SEG-3073ebe9ce", "name": "50th Avenue", "highway": "tertiary", "scope": "in_scope", "borough": "Queens", "bridge": false, "tunnel": false, "status": "geometry_verified"}, "geometry": {"type": "LineString", "coordinates": [[-73.951811, 40.7422928], [-73.9522145, 40.7423708]]}}, {"type": "Feature", "id": "SEG-f8c41b83fe", "properties": {"id": "SEG-f8c41b83fe", "name": "Queens-Midtown Tunnel", "highway": "motorway", "scope": "in_scope", "borough": "Manhattan", "bridge": false, "tunnel": false, "status": "inventoried"}, "geometry": {"type": "LineString", "coordinates": [[-73.9731241, 40.7459742], [-73.9731729, 40.7459765], [-73.9732297, 40.7459831], [-73.9733021, 40.7459973], [-73.9733647, 40.7460146], [-73.9734241, 40.7460359], [-73.9734599, 40.7460505], [-73.9736071, 40.7461116], [-73.9738776, 40.7462313], [-73.9740538, 40.7463171]]}}, {"type": "Feature", "id": "SEG-3b611cc247", "properties": {"id": "SEG-3b611cc247", "name": "21st Street", "highway": "primary", "scope": "in_scope", "borough": "Queens", "bridge": false, "tunnel": false, "status": "geometry_verified"}, "geometry": {"type": "LineString", "coordinates": [[-73.9483009, 40.7452936], [-73.9483235, 40.7452269], [-73.948388, 40.7450343], [-73.9484506, 40.7448418], [-73.9485012, 40.7447002]]}}, {"type": "Feature", "id": "SEG-e2259337d9", "properties": {"id": "SEG-e2259337d9", "name": "11th Place", "highway": "residential", "scope": "in_scope", "borough": "Queens", "bridge": false, "tunnel": false, "status": "geometry_verified"}, "geometry": {"type": "LineString", "coordinates": [[-73.9504735, 40.7427318], [-73.950494, 40.7426714], [-73.9506619, 40.7421787], [-73.9506763, 40.7421369], [-73.9507008, 40.742066]]}}, {"type": "Feature", "id": "SEG-1b4b680279", "properties": {"id": "SEG-1b4b680279", "name": "Jewel Street", "highway": "residential", "scope": "in_scope", "borough": "Brooklyn", "bridge": false, "tunnel": false, "status": "inventoried"}, "geometry": {"type": "LineString", "coordinates": [[-73.948255, 40.729791], [-73.9482921, 40.7298581], [-73.9487219, 40.7306002], [-73.9487391, 40.7306381], [-73.9487891, 40.730739]]}}, {"type": "Feature", "id": "SEG-298a59b72f", "properties": {"id": "SEG-298a59b72f", "name": "Borden Avenue", "highway": "primary", "scope": "in_scope", "borough": "Queens", "bridge": false, "tunnel": false, "status": "geometry_verified"}, "geometry": {"type": "LineString", "coordinates": [[-73.9539755, 40.7412245], [-73.9537769, 40.7411891], [-73.9533578, 40.7411143], [-73.9532729, 40.741098], [-73.9522718, 40.7409061]]}}, {"type": "Feature", "id": "SEG-3868bebebd", "properties": {"id": "SEG-3868bebebd", "name": "Calyer Street", "highway": "residential", "scope": "in_scope", "borough": "Brooklyn", "bridge": false, "tunnel": false, "status": "inventoried"}, "geometry": {"type": "LineString", "coordinates": [[-73.9572233, 40.7270439], [-73.9571181, 40.7270557], [-73.9569301, 40.7270726]]}}, {"type": "Feature", "id": "SEG-1556cd0136", "properties": {"id": "SEG-1556cd0136", "name": "Leonard Street", "highway": "residential", "scope": "in_scope", "borough": "Brooklyn", "bridge": false, "tunnel": false, "status": "inventoried"}, "geometry": {"type": "LineString", "coordinates": [[-73.9524262, 40.728421], [-73.9523945, 40.7283619], [-73.9518835, 40.7274881], [-73.9518623, 40.7274519], [-73.9518273, 40.727392]]}}, {"type": "Feature", "id": "SEG-22c824ef8c", "properties": {"id": "SEG-22c824ef8c", "name": "41st Avenue", "highway": "residential", "scope": "in_scope", "borough": "Queens", "bridge": false, "tunnel": false, "status": "inventoried"}, "geometry": {"type": "LineString", "coordinates": [[-73.9452875, 40.7554583], [-73.9444314, 40.7550218]]}}, {"type": "Feature", "id": "SEG-726c596028", "properties": {"id": "SEG-726c596028", "name": "Center Boulevard", "highway": "residential", "scope": "in_scope", "borough": "Queens", "bridge": false, "tunnel": false, "status": "inventoried"}, "geometry": {"type": "LineString", "coordinates": [[-73.9613169, 40.7397865], [-73.9612522, 40.739835], [-73.9611422, 40.7399573], [-73.9610269, 40.7401137], [-73.9609205, 40.7402971], [-73.9609062, 40.7403672]]}}, {"type": "Feature", "id": "SEG-336a1f253c", "properties": {"id": "SEG-336a1f253c", "name": "45th Avenue", "highway": "residential", "scope": "in_scope", "borough": "Queens", "bridge": false, "tunnel": false, "status": "inventoried"}, "geometry": {"type": "LineString", "coordinates": [[-73.9543388, 40.7494155], [-73.9543611, 40.7493472], [-73.9544289, 40.74914], [-73.9544685, 40.7490196], [-73.9536161, 40.7488546], [-73.9532346, 40.7487808], [-73.9530504, 40.7487451], [-73.9527787, 40.7486925], [-73.9523642, 40.748614], [-73.952304, 40.7486029], [-73.9521933, 40.7485811]]}}, {"type": "Feature", "id": "SEG-ca301a7c32", "properties": {"id": "SEG-ca301a7c32", "name": "30th Place", "highway": "unclassified", "scope": "in_scope", "borough": "Queens", "bridge": false, "tunnel": false, "status": "inventoried"}, "geometry": {"type": "LineString", "coordinates": [[-73.9377958, 40.7379218], [-73.9377872, 40.7379602], [-73.9377502, 40.7381235], [-73.9377491, 40.738129], [-73.9377342, 40.7381931]]}}, {"type": "Feature", "id": "SEG-ad742ffcb9", "properties": {"id": "SEG-ad742ffcb9", "name": "30th Place", "highway": "unclassified", "scope": "in_scope", "borough": "Queens", "bridge": false, "tunnel": false, "status": "inventoried"}, "geometry": {"type": "LineString", "coordinates": [[-73.9367223, 40.7432011], [-73.9367067, 40.743285], [-73.9365657, 40.7439858]]}}, {"type": "Feature", "id": "SEG-a981652df6", "properties": {"id": "SEG-a981652df6", "name": "30th Place", "highway": "unclassified", "scope": "in_scope", "borough": "Queens", "bridge": false, "tunnel": false, "status": "inventoried"}, "geometry": {"type": "LineString", "coordinates": [[-73.9365657, 40.7439858], [-73.9363725, 40.7449635], [-73.9363505, 40.7450749]]}}, {"type": "Feature", "id": "SEG-9c2fc13096", "properties": {"id": "SEG-9c2fc13096", "name": "Morgan Avenue", "highway": "residential", "scope": "in_scope", "borough": "Brooklyn", "bridge": false, "tunnel": false, "status": "inventoried"}, "geometry": {"type": "LineString", "coordinates": [[-73.9393984, 40.7235607], [-73.9394057, 40.7236129], [-73.9397879, 40.7259565], [-73.9397948, 40.7259994], [-73.939805, 40.726062]]}}, {"type": "Feature", "id": "SEG-8081240165", "properties": {"id": "SEG-8081240165", "name": "", "highway": "service", "scope": "secondary", "borough": "Queens", "bridge": false, "tunnel": false, "status": "inventoried"}, "geometry": {"type": "LineString", "coordinates": [[-73.9493191, 40.7542683], [-73.9493739, 40.7542828], [-73.9493967, 40.7543184], [-73.9494639, 40.7543558], [-73.949604, 40.7544023], [-73.9497432, 40.7544028]]}}, {"type": "Feature", "id": "SEG-243dd63fa9", "properties": {"id": "SEG-243dd63fa9", "name": "", "highway": "service", "scope": "secondary", "borough": "Queens", "bridge": false, "tunnel": false, "status": "inventoried"}, "geometry": {"type": "LineString", "coordinates": [[-73.9497432, 40.7544028], [-73.9509704, 40.7548947], [-73.951222, 40.7545982], [-73.9500695, 40.7540024]]}}, {"type": "Feature", "id": "SEG-daa63cb0d1", "properties": {"id": "SEG-daa63cb0d1", "name": "Review Avenue", "highway": "secondary", "scope": "in_scope", "borough": "Queens", "bridge": false, "tunnel": false, "status": "inventoried"}, "geometry": {"type": "LineString", "coordinates": [[-73.9343229, 40.7310415], [-73.9342, 40.7309567], [-73.9340886, 40.730881], [-73.9334851, 40.7304713], [-73.9333401, 40.7303715], [-73.9332269, 40.7302953], [-73.9331275, 40.7302284], [-73.9323104, 40.7296783], [-73.9322758, 40.7296548], [-73.9320025, 40.7294692], [-73.9317741, 40.7293142], [-73.9317306, 40.7292868], [-73.9316858, 40.7292608], [-73.9316422, 40.7292361], [-73.9316057, 40.7292186], [-73.931564, 40.7292032], [-73.9315059, 40.7291868], [-73.9311991, 40.729125], [-73.9311134, 40.7291088], [-73.9310849, 40.7291069], [-73.9310534, 40.7291105], [-73.9309395, 40.7291617], [-73.9307692, 40.7292677], [-73.9307152, 40.7292937], [-73.9307057, 40.729297], [-73.9306521, 40.7293156], [-73.9305908, 40.7293336], [-73.9305207, 40.7293498], [-73.9304432, 40.729361], [-73.9303675, 40.7293664], [-73.9302857, 40.7293684], [-73.9301972, 40.7293677], [-73.9299623, 40.7293556], [-73.9295111, 40.729334], [-73.929362, 40.7293277], [-73.92913, 40.729318], [-73.9290722, 40.7293173], [-73.9290147, 40.7293177], [-73.9289574, 40.7293196], [-73.9288886, 40.7293244], [-73.9288137, 40.729331], [-73.9287377, 40.7293394], [-73.9286922, 40.7293467], [-73.9286453, 40.7293542], [-73.9285122, 40.7293832]]}}, {"type": "Feature", "id": "SEG-c1a0e2a294", "properties": {"id": "SEG-c1a0e2a294", "name": "Borden Avenue", "highway": "secondary", "scope": "in_scope", "borough": "Queens", "bridge": false, "tunnel": false, "status": "inventoried"}, "geometry": {"type": "LineString", "coordinates": [[-73.9377958, 40.7379218], [-73.9377206, 40.7379086], [-73.9375761, 40.7378832], [-73.9374047, 40.7378549], [-73.937214, 40.7378239], [-73.9370644, 40.7378024], [-73.9369517, 40.7377882], [-73.9368531, 40.7377757]]}}, {"type": "Feature", "id": "SEG-a38437f7a8", "properties": {"id": "SEG-a38437f7a8", "name": "", "highway": "service", "scope": "secondary", "borough": "Brooklyn", "bridge": false, "tunnel": false, "status": "inventoried"}, "geometry": {"type": "LineString", "coordinates": [[-73.9518075, 40.7333124], [-73.9518257, 40.7333807], [-73.9519197, 40.7337294], [-73.9520338, 40.733719], [-73.9521316, 40.7337101]]}}, {"type": "Feature", "id": "SEG-1d93eca262", "properties": {"id": "SEG-1d93eca262", "name": "42nd Road", "highway": "residential", "scope": "in_scope", "borough": "Queens", "bridge": false, "tunnel": false, "status": "inventoried"}, "geometry": {"type": "LineString", "coordinates": [[-73.9397181, 40.7490021], [-73.9398345, 40.7490621], [-73.9404688, 40.7493898], [-73.940535, 40.749424]]}}, {"type": "Feature", "id": "SEG-c80f0ee4ae", "properties": {"id": "SEG-c80f0ee4ae", "name": "Van Dam Street", "highway": "primary", "scope": "in_scope", "borough": "Queens", "bridge": false, "tunnel": false, "status": "inventoried"}, "geometry": {"type": "LineString", "coordinates": [[-73.9335163, 40.7451604], [-73.9335548, 40.7450258], [-73.9335745, 40.7448972], [-73.9335724, 40.7448623], [-73.9335542, 40.7447251]]}}, {"type": "Feature", "id": "SEG-8ab5ffe9a0", "properties": {"id": "SEG-8ab5ffe9a0", "name": "Franklin Street", "highway": "secondary", "scope": "in_scope", "borough": "Brooklyn", "bridge": false, "tunnel": false, "status": "inventoried"}, "geometry": {"type": "LineString", "coordinates": [[-73.9572233, 40.7270439], [-73.9572089, 40.727108], [-73.9571899, 40.7272156], [-73.9571844, 40.7272515], [-73.9571805, 40.7272854], [-73.9571809, 40.7273244]]}}, {"type": "Feature", "id": "SEG-6a6224fd11", "properties": {"id": "SEG-6a6224fd11", "name": "37th Street", "highway": "residential", "scope": "in_scope", "borough": "Queens", "bridge": false, "tunnel": false, "status": "inventoried"}, "geometry": {"type": "LineString", "coordinates": [[-73.93587, 40.7343471], [-73.9343783, 40.7349071], [-73.9344214, 40.7349758], [-73.9347403, 40.735489], [-73.9347826, 40.7355614]]}}, {"type": "Feature", "id": "SEG-740f5c888e", "properties": {"id": "SEG-740f5c888e", "name": "Greenpoint Avenue", "highway": "primary", "scope": "in_scope", "borough": "Queens", "bridge": false, "tunnel": false, "status": "inventoried"}, "geometry": {"type": "LineString", "coordinates": [[-73.9347826, 40.7355614], [-73.9347099, 40.7355912], [-73.9346807, 40.735602], [-73.9338396, 40.7359143], [-73.9330873, 40.7361945]]}}, {"type": "Feature", "id": "SEG-caa9035cf4", "properties": {"id": "SEG-caa9035cf4", "name": "Greenpoint Avenue", "highway": "primary", "scope": "in_scope", "borough": "Queens", "bridge": false, "tunnel": false, "status": "inventoried"}, "geometry": {"type": "LineString", "coordinates": [[-73.9330873, 40.7361945], [-73.9328482, 40.7362817], [-73.9327511, 40.7363216], [-73.9326659, 40.7363566]]}}, {"type": "Feature", "id": "SEG-1b08d2175b", "properties": {"id": "SEG-1b08d2175b", "name": "Meserole Avenue", "highway": "residential", "scope": "in_scope", "borough": "Brooklyn", "bridge": false, "tunnel": false, "status": "inventoried"}, "geometry": {"type": "LineString", "coordinates": [[-73.94684, 40.729031], [-73.9469004, 40.729011], [-73.9472211, 40.728905]]}}, {"type": "Feature", "id": "SEG-a57c919621", "properties": {"id": "SEG-a57c919621", "name": "Meserole Avenue", "highway": "residential", "scope": "in_scope", "borough": "Brooklyn", "bridge": false, "tunnel": false, "status": "inventoried"}, "geometry": {"type": "LineString", "coordinates": [[-73.9472211, 40.728905], [-73.9475995, 40.72878], [-73.947666, 40.728758]]}}, {"type": "Feature", "id": "SEG-38e3fc1b9c", "properties": {"id": "SEG-38e3fc1b9c", "name": "Queens-Midtown Tunnel", "highway": "motorway", "scope": "in_scope", "borough": "Manhattan", "bridge": false, "tunnel": true, "status": "blocked"}, "geometry": {"type": "LineString", "coordinates": [[-73.9711001, 40.7473123], [-73.9716642, 40.7464943], [-73.9717881, 40.7463639], [-73.971946, 40.746246], [-73.972144, 40.7461393], [-73.9723791, 40.7460515], [-73.9726434, 40.7459913], [-73.9728807, 40.7459682], [-73.9731241, 40.7459742]]}}, {"type": "Feature", "id": "SEG-31ad2e0909", "properties": {"id": "SEG-31ad2e0909", "name": "", "highway": "motorway_link", "scope": "in_scope", "borough": "Brooklyn", "bridge": false, "tunnel": false, "status": "inventoried"}, "geometry": {"type": "LineString", "coordinates": [[-73.9348741, 40.7248917], [-73.9352892, 40.7247835], [-73.9364485, 40.7244802], [-73.9365193, 40.7244621]]}}, {"type": "Feature", "id": "SEG-a994c04fac", "properties": {"id": "SEG-a994c04fac", "name": "", "highway": "service", "scope": "secondary", "borough": "Brooklyn", "bridge": false, "tunnel": false, "status": "geometry_verified"}, "geometry": {"type": "LineString", "coordinates": [[-73.9557882, 40.7343909], [-73.9557937, 40.7344362], [-73.9558263, 40.7346612]]}}, {"type": "Feature", "id": "SEG-a7b2c82e5a", "properties": {"id": "SEG-a7b2c82e5a", "name": "Kingsland Avenue", "highway": "unclassified", "scope": "in_scope", "borough": "Brooklyn", "bridge": false, "tunnel": false, "status": "geometry_verified"}, "geometry": {"type": "LineString", "coordinates": [[-73.942962, 40.7335619], [-73.9430818, 40.7336337], [-73.94315, 40.7336746], [-73.9442873, 40.7343566], [-73.9447929, 40.7346598], [-73.9448359, 40.7346855], [-73.9450127, 40.7347916], [-73.9450892, 40.7348437]]}}, {"type": "Feature", "id": "SEG-d3fe184a90", "properties": {"id": "SEG-d3fe184a90", "name": "", "highway": "residential", "scope": "in_scope", "borough": "Queens", "bridge": false, "tunnel": false, "status": "inventoried"}, "geometry": {"type": "LineString", "coordinates": [[-73.9394402, 40.7487074], [-73.9394333, 40.7488074], [-73.9394764, 40.7488803], [-73.9395317, 40.7489708], [-73.939559, 40.7490154], [-73.9396484, 40.7490806]]}}, {"type": "Feature", "id": "SEG-d2af95f02f", "properties": {"id": "SEG-d2af95f02f", "name": "11th Street", "highway": "secondary", "scope": "in_scope", "borough": "Queens", "bridge": false, "tunnel": false, "status": "geometry_verified"}, "geometry": {"type": "LineString", "coordinates": [[-73.9509526, 40.7443382], [-73.9509342, 40.7443949], [-73.9509157, 40.7444519], [-73.9508545, 40.7446402], [-73.9508377, 40.744692], [-73.9508152, 40.7447603], [-73.9507827, 40.7448588], [-73.9507466, 40.7449683], [-73.950723, 40.7450298]]}}, {"type": "Feature", "id": "SEG-451b1458cb", "properties": {"id": "SEG-451b1458cb", "name": "Queens Boulevard", "highway": "primary", "scope": "in_scope", "borough": "Queens", "bridge": false, "tunnel": false, "status": "inventoried"}, "geometry": {"type": "LineString", "coordinates": [[-73.9345514, 40.74615], [-73.9344976, 40.7460992], [-73.9344605, 40.7460642], [-73.9344235, 40.7460292]]}}, {"type": "Feature", "id": "SEG-2b62a6137a", "properties": {"id": "SEG-2b62a6137a", "name": "Manhattan Avenue", "highway": "tertiary", "scope": "in_scope", "borough": "Brooklyn", "bridge": false, "tunnel": false, "status": "geometry_verified"}, "geometry": {"type": "LineString", "coordinates": [[-73.955074, 40.7351597], [-73.9550845, 40.7352248], [-73.9551203, 40.7354396], [-73.9551817, 40.7358085], [-73.9551909, 40.7358732]]}}, {"type": "Feature", "id": "SEG-7bee8bb9c0", "properties": {"id": "SEG-7bee8bb9c0", "name": "22nd Street", "highway": "residential", "scope": "in_scope", "borough": "Queens", "bridge": false, "tunnel": false, "status": "inventoried"}, "geometry": {"type": "LineString", "coordinates": [[-73.9446843, 40.7501655], [-73.9447451, 40.7500969], [-73.9451438, 40.7496407]]}}, {"type": "Feature", "id": "SEG-54db939313", "properties": {"id": "SEG-54db939313", "name": "22nd Street", "highway": "residential", "scope": "in_scope", "borough": "Queens", "bridge": false, "tunnel": false, "status": "inventoried"}, "geometry": {"type": "LineString", "coordinates": [[-73.9451438, 40.7496407], [-73.9453811, 40.7493729], [-73.9454155, 40.7493349], [-73.9454671, 40.7492779]]}}, {"type": "Feature", "id": "SEG-d9d30bfa0e", "properties": {"id": "SEG-d9d30bfa0e", "name": "50th Avenue", "highway": "residential", "scope": "in_scope", "borough": "Queens", "bridge": false, "tunnel": false, "status": "geometry_verified"}, "geometry": {"type": "LineString", "coordinates": [[-73.9538853, 40.7426931], [-73.9533061, 40.742581]]}}, {"type": "Feature", "id": "SEG-d1da409313", "properties": {"id": "SEG-d1da409313", "name": "50th Avenue", "highway": "residential", "scope": "in_scope", "borough": "Queens", "bridge": false, "tunnel": false, "status": "geometry_verified"}, "geometry": {"type": "LineString", "coordinates": [[-73.9533061, 40.742581], [-73.9531439, 40.7425496]]}}, {"type": "Feature", "id": "SEG-c155261bec", "properties": {"id": "SEG-c155261bec", "name": "50th Avenue", "highway": "residential", "scope": "in_scope", "borough": "Queens", "bridge": false, "tunnel": false, "status": "geometry_verified"}, "geometry": {"type": "LineString", "coordinates": [[-73.9531439, 40.7425496], [-73.9529956, 40.742524], [-73.9529536, 40.7425168], [-73.9527543, 40.7424742]]}}, {"type": "Feature", "id": "SEG-2b08a45252", "properties": {"id": "SEG-2b08a45252", "name": "2nd Avenue", "highway": "primary", "scope": "in_scope", "borough": "Manhattan", "bridge": false, "tunnel": false, "status": "inventoried"}, "geometry": {"type": "LineString", "coordinates": [[-73.969431, 40.753624], [-73.9694717, 40.7535685], [-73.9698464, 40.7530579], [-73.969891, 40.7529981]]}}, {"type": "Feature", "id": "SEG-153f723017", "properties": {"id": "SEG-153f723017", "name": "45th Road", "highway": "residential", "scope": "in_scope", "borough": "Queens", "bridge": false, "tunnel": false, "status": "geometry_verified"}, "geometry": {"type": "LineString", "coordinates": [[-73.9501204, 40.7471228], [-73.9500382, 40.7471086]]}}, {"type": "Feature", "id": "SEG-1c2864336a", "properties": {"id": "SEG-1c2864336a", "name": "Noble Street", "highway": "residential", "scope": "in_scope", "borough": "Brooklyn", "bridge": false, "tunnel": false, "status": "inventoried"}, "geometry": {"type": "LineString", "coordinates": [[-73.9609978, 40.7281229], [-73.9605642, 40.7281631]]}}, {"type": "Feature", "id": "SEG-0f4aad07a3", "properties": {"id": "SEG-0f4aad07a3", "name": "Noble Street", "highway": "residential", "scope": "in_scope", "borough": "Brooklyn", "bridge": false, "tunnel": false, "status": "inventoried"}, "geometry": {"type": "LineString", "coordinates": [[-73.9605642, 40.7281631], [-73.9605237, 40.7281684], [-73.9604569, 40.7281742], [-73.9602428, 40.7281928]]}}, {"type": "Feature", "id": "SEG-02998dba92", "properties": {"id": "SEG-02998dba92", "name": "Noble Street", "highway": "residential", "scope": "in_scope", "borough": "Brooklyn", "bridge": false, "tunnel": false, "status": "inventoried"}, "geometry": {"type": "LineString", "coordinates": [[-73.9602428, 40.7281928], [-73.9601411, 40.7282015], [-73.9598133, 40.7282367], [-73.9596928, 40.7282483]]}}, {"type": "Feature", "id": "SEG-d71033ebfb", "properties": {"id": "SEG-d71033ebfb", "name": "Noble Street", "highway": "residential", "scope": "in_scope", "borough": "Brooklyn", "bridge": false, "tunnel": false, "status": "inventoried"}, "geometry": {"type": "LineString", "coordinates": [[-73.9596928, 40.7282483], [-73.9595492, 40.728262]]}}, {"type": "Feature", "id": "SEG-d9551f4ce9", "properties": {"id": "SEG-d9551f4ce9", "name": "Noble Street", "highway": "residential", "scope": "in_scope", "borough": "Brooklyn", "bridge": false, "tunnel": false, "status": "inventoried"}, "geometry": {"type": "LineString", "coordinates": [[-73.9595492, 40.728262], [-73.9593926, 40.7282771]]}}, {"type": "Feature", "id": "SEG-762dbb7057", "properties": {"id": "SEG-762dbb7057", "name": "Noble Street", "highway": "residential", "scope": "in_scope", "borough": "Brooklyn", "bridge": false, "tunnel": false, "status": "inventoried"}, "geometry": {"type": "LineString", "coordinates": [[-73.9593926, 40.7282771], [-73.9592237, 40.7282933]]}}, {"type": "Feature", "id": "SEG-9d4e211765", "properties": {"id": "SEG-9d4e211765", "name": "Noble Street", "highway": "residential", "scope": "in_scope", "borough": "Brooklyn", "bridge": false, "tunnel": false, "status": "inventoried"}, "geometry": {"type": "LineString", "coordinates": [[-73.9592237, 40.7282933], [-73.9591484, 40.7283005], [-73.9590958, 40.7283056], [-73.9589933, 40.728315]]}}, {"type": "Feature", "id": "SEG-cd965ee800", "properties": {"id": "SEG-cd965ee800", "name": "", "highway": "service", "scope": "secondary", "borough": "Queens", "bridge": false, "tunnel": false, "status": "inventoried"}, "geometry": {"type": "LineString", "coordinates": [[-73.9339991, 40.7458438], [-73.9339745, 40.7458581], [-73.9339045, 40.7458988], [-73.9338909, 40.7459067]]}}, {"type": "Feature", "id": "SEG-e3afac1d1b", "properties": {"id": "SEG-e3afac1d1b", "name": "Greenpoint Avenue", "highway": "unclassified", "scope": "in_scope", "borough": "Queens", "bridge": false, "tunnel": false, "status": "inventoried"}, "geometry": {"type": "LineString", "coordinates": [[-73.9380656, 40.7343656], [-73.938257, 40.7343465], [-73.9389988, 40.7340819], [-73.9390485, 40.734062], [-73.9390863, 40.7340424], [-73.939124, 40.7340169]]}}, {"type": "Feature", "id": "SEG-509292ba1d", "properties": {"id": "SEG-509292ba1d", "name": "24th Street", "highway": "residential", "scope": "in_scope", "borough": "Queens", "bridge": false, "tunnel": false, "status": "inventoried"}, "geometry": {"type": "LineString", "coordinates": [[-73.9414712, 40.7508947], [-73.9415132, 40.750849], [-73.9419923, 40.7503336], [-73.9420322, 40.7502913], [-73.9420716, 40.7502504]]}}, {"type": "Feature", "id": "SEG-ec29edada1", "properties": {"id": "SEG-ec29edada1", "name": "", "highway": "tertiary_link", "scope": "in_scope", "borough": "Brooklyn", "bridge": false, "tunnel": false, "status": "geometry_verified"}, "geometry": {"type": "LineString", "coordinates": [[-73.9565297, 40.737353], [-73.9565489, 40.7373223], [-73.9565524, 40.7373062], [-73.9565506, 40.7372858], [-73.9565457, 40.7372677], [-73.9565344, 40.737251], [-73.9565211, 40.7372369], [-73.9565011, 40.7372207], [-73.9564523, 40.7371956]]}}, {"type": "Feature", "id": "SEG-75f46bcd67", "properties": {"id": "SEG-75f46bcd67", "name": "Vernon Boulevard", "highway": "primary", "scope": "in_scope", "borough": "Queens", "bridge": false, "tunnel": false, "status": "geometry_verified"}, "geometry": {"type": "LineString", "coordinates": [[-73.9543437, 40.7420235], [-73.9543556, 40.7419833], [-73.954363, 40.7419582], [-73.9545319, 40.7414772], [-73.9545448, 40.7414403], [-73.9545581, 40.7414023], [-73.9545741, 40.7413557]]}}, {"type": "Feature", "id": "SEG-1e99244aed", "properties": {"id": "SEG-1e99244aed", "name": "Norman Avenue", "highway": "secondary", "scope": "in_scope", "borough": "Brooklyn", "bridge": false, "tunnel": false, "status": "inventoried"}, "geometry": {"type": "LineString", "coordinates": [[-73.942943, 40.7276682], [-73.9428648, 40.7276749], [-73.942095, 40.7277411], [-73.941992, 40.72775]]}}, {"type": "Feature", "id": "SEG-98cf83987f", "properties": {"id": "SEG-98cf83987f", "name": "22nd Street", "highway": "residential", "scope": "in_scope", "borough": "Queens", "bridge": false, "tunnel": false, "status": "inventoried"}, "geometry": {"type": "LineString", "coordinates": [[-73.94025, 40.754719], [-73.9402914, 40.7546739], [-73.9404921, 40.7544551], [-73.9409012, 40.7540092], [-73.9409139, 40.7539953], [-73.9413194, 40.7535534], [-73.9413495, 40.7535208], [-73.941406, 40.753459]]}}, {"type": "Feature", "id": "SEG-b6108882db", "properties": {"id": "SEG-b6108882db", "name": "Queensboro Plaza", "highway": "trunk", "scope": "in_scope", "borough": "Queens", "bridge": false, "tunnel": false, "status": "inventoried"}, "geometry": {"type": "LineString", "coordinates": [[-73.9373948, 40.7489275], [-73.937456, 40.749037], [-73.9374925, 40.749104], [-73.9377847, 40.7494757], [-73.9379097, 40.7496075]]}}, {"type": "Feature", "id": "SEG-a27462cd18", "properties": {"id": "SEG-a27462cd18", "name": "46th Avenue", "highway": "residential", "scope": "in_scope", "borough": "Queens", "bridge": false, "tunnel": false, "status": "geometry_verified"}, "geometry": {"type": "LineString", "coordinates": [[-73.9503553, 40.7464287], [-73.9504638, 40.746448], [-73.9515131, 40.7466553], [-73.9526053, 40.7468622], [-73.952713, 40.7468835]]}}, {"type": "Feature", "id": "SEG-e587a1eee5", "properties": {"id": "SEG-e587a1eee5", "name": "32nd Place", "highway": "unclassified", "scope": "in_scope", "borough": "Queens", "bridge": false, "tunnel": false, "status": "inventoried"}, "geometry": {"type": "LineString", "coordinates": [[-73.9330136, 40.7427745], [-73.9330302, 40.7426899], [-73.933189, 40.7418799], [-73.9333683, 40.7410121], [-73.9333855, 40.7409291]]}}, {"type": "Feature", "id": "SEG-44caffbe80", "properties": {"id": "SEG-44caffbe80", "name": "North Henry Street", "highway": "residential", "scope": "in_scope", "borough": "Brooklyn", "bridge": false, "tunnel": false, "status": "inventoried"}, "geometry": {"type": "LineString", "coordinates": [[-73.943569, 40.725708], [-73.9435814, 40.725782], [-73.9438559, 40.7274665], [-73.9438632, 40.7275125], [-73.9438743, 40.7275817]]}}, {"type": "Feature", "id": "SEG-47c02cb068", "properties": {"id": "SEG-47c02cb068", "name": "Queens Plaza South", "highway": "secondary", "scope": "in_scope", "borough": "Queens", "bridge": false, "tunnel": false, "status": "inventoried"}, "geometry": {"type": "LineString", "coordinates": [[-73.9476435, 40.7535789], [-73.9468898, 40.7532507], [-73.946867, 40.7532408], [-73.9467482, 40.7531892]]}}, {"type": "Feature", "id": "SEG-d589242ba8", "properties": {"id": "SEG-d589242ba8", "name": "", "highway": "service", "scope": "secondary", "borough": "Queens", "bridge": false, "tunnel": false, "status": "inventoried"}, "geometry": {"type": "LineString", "coordinates": [[-73.9345501, 40.741067], [-73.9345658, 40.740977], [-73.9345791, 40.7409081]]}}, {"type": "Feature", "id": "SEG-653158d181", "properties": {"id": "SEG-653158d181", "name": "", "highway": "service", "scope": "secondary", "borough": "Queens", "bridge": false, "tunnel": false, "status": "inventoried"}, "geometry": {"type": "LineString", "coordinates": [[-73.9345791, 40.7409081], [-73.9346305, 40.740914], [-73.9346758, 40.7406895], [-73.9345538, 40.7406744]]}}, {"type": "Feature", "id": "SEG-ff67edb654", "properties": {"id": "SEG-ff67edb654", "name": "", "highway": "service", "scope": "secondary", "borough": "Queens", "bridge": false, "tunnel": false, "status": "inventoried"}, "geometry": {"type": "LineString", "coordinates": [[-73.9345538, 40.7406744], [-73.934536, 40.7406722], [-73.9343903, 40.7406473]]}}, {"type": "Feature", "id": "SEG-cdd14d74ff", "properties": {"id": "SEG-cdd14d74ff", "name": "Jackson Avenue", "highway": "primary", "scope": "in_scope", "borough": "Queens", "bridge": false, "tunnel": false, "status": "inventoried"}, "geometry": {"type": "LineString", "coordinates": [[-73.9423781, 40.7470835], [-73.9422256, 40.7471318], [-73.9418129, 40.747283], [-73.9415215, 40.7473891], [-73.9414362, 40.7474202]]}}, {"type": "Feature", "id": "SEG-31d8a00194", "properties": {"id": "SEG-31d8a00194", "name": "", "highway": "service", "scope": "secondary", "borough": "Brooklyn", "bridge": false, "tunnel": false, "status": "inventoried"}, "geometry": {"type": "LineString", "coordinates": [[-73.9603237, 40.7339449], [-73.9605738, 40.7339213], [-73.9608187, 40.7338982]]}}, {"type": "Feature", "id": "SEG-d9e60e2a71", "properties": {"id": "SEG-d9e60e2a71", "name": "Jackson Avenue", "highway": "primary", "scope": "in_scope", "borough": "Queens", "bridge": false, "tunnel": false, "status": "inventoried"}, "geometry": {"type": "LineString", "coordinates": [[-73.9432186, 40.7468625], [-73.9433013, 40.7468246]]}}, {"type": "Feature", "id": "SEG-2e36dda182", "properties": {"id": "SEG-2e36dda182", "name": "", "highway": "service", "scope": "secondary", "borough": "Queens", "bridge": false, "tunnel": false, "status": "inventoried"}, "geometry": {"type": "LineString", "coordinates": [[-73.9374942, 40.7440939], [-73.9374211, 40.7440856], [-73.9370289, 40.7440409]]}}, {"type": "Feature", "id": "SEG-fe00f5c91a", "properties": {"id": "SEG-fe00f5c91a", "name": "", "highway": "service", "scope": "secondary", "borough": "Queens", "bridge": false, "tunnel": false, "status": "inventoried"}, "geometry": {"type": "LineString", "coordinates": [[-73.9370289, 40.7440409], [-73.9366542, 40.7439963], [-73.9365657, 40.7439858]]}}, {"type": "Feature", "id": "SEG-11035692c4", "properties": {"id": "SEG-11035692c4", "name": "21st Street", "highway": "primary", "scope": "in_scope", "borough": "Queens", "bridge": false, "tunnel": false, "status": "inventoried"}, "geometry": {"type": "LineString", "coordinates": [[-73.9466666, 40.7495081], [-73.946619, 40.7495611], [-73.946134, 40.7501288]]}}, {"type": "Feature", "id": "SEG-f6b275889e", "properties": {"id": "SEG-f6b275889e", "name": "21st Street", "highway": "primary", "scope": "in_scope", "borough": "Queens", "bridge": false, "tunnel": false, "status": "inventoried"}, "geometry": {"type": "LineString", "coordinates": [[-73.946134, 40.7501288], [-73.9457699, 40.7505487], [-73.9457317, 40.7505925], [-73.94566, 40.7506535]]}}, {"type": "Feature", "id": "SEG-1c3f09eeeb", "properties": {"id": "SEG-1c3f09eeeb", "name": "21st Street", "highway": "primary", "scope": "in_scope", "borough": "Queens", "bridge": false, "tunnel": false, "status": "geometry_verified"}, "geometry": {"type": "LineString", "coordinates": [[-73.9476083, 40.7473679], [-73.9476289, 40.7473058], [-73.9478218, 40.7467365], [-73.9478404, 40.7466807]]}}, {"type": "Feature", "id": "SEG-e68e184ad7", "properties": {"id": "SEG-e68e184ad7", "name": "East 51st Street", "highway": "residential", "scope": "in_scope", "borough": "Manhattan", "bridge": false, "tunnel": false, "status": "inventoried"}, "geometry": {"type": "LineString", "coordinates": [[-73.9656942, 40.7544977], [-73.9658386, 40.754559], [-73.9679349, 40.7554486], [-73.9679686, 40.7554628], [-73.9680652, 40.7555038]]}}, {"type": "Feature", "id": "SEG-3289068822", "properties": {"id": "SEG-3289068822", "name": "Nassau Avenue", "highway": "residential", "scope": "in_scope", "borough": "Brooklyn", "bridge": false, "tunnel": false, "status": "inventoried"}, "geometry": {"type": "LineString", "coordinates": [[-73.937942, 40.726239], [-73.9378694, 40.7262459], [-73.9375491, 40.7262761]]}}, {"type": "Feature", "id": "SEG-db5f03888b", "properties": {"id": "SEG-db5f03888b", "name": "Nassau Avenue", "highway": "residential", "scope": "in_scope", "borough": "Brooklyn", "bridge": false, "tunnel": false, "status": "inventoried"}, "geometry": {"type": "LineString", "coordinates": [[-73.9375491, 40.7262761], [-73.9370998, 40.7263185], [-73.93701, 40.726327]]}}, {"type": "Feature", "id": "SEG-073e5abe59", "properties": {"id": "SEG-073e5abe59", "name": "India Street", "highway": "residential", "scope": "in_scope", "borough": "Brooklyn", "bridge": false, "tunnel": false, "status": "inventoried"}, "geometry": {"type": "LineString", "coordinates": [[-73.961513, 40.7316797], [-73.9614321, 40.7316872], [-73.9613575, 40.7316941], [-73.9613188, 40.7316977], [-73.9597164, 40.7318456], [-73.9596813, 40.7318488], [-73.9595841, 40.7318577]]}}, {"type": "Feature", "id": "SEG-0c5eed3fe8", "properties": {"id": "SEG-0c5eed3fe8", "name": "", "highway": "trunk_link", "scope": "in_scope", "borough": "Queens", "bridge": false, "tunnel": false, "status": "inventoried"}, "geometry": {"type": "LineString", "coordinates": [[-73.9438228, 40.7525506], [-73.9439429, 40.7526045], [-73.9439599, 40.7526121], [-73.9440887, 40.7526251], [-73.9447589, 40.7526109], [-73.9448131, 40.7526069], [-73.9448577, 40.7525973], [-73.9448917, 40.752586], [-73.9449289, 40.7525691], [-73.9449671, 40.7525293]]}}, {"type": "Feature", "id": "SEG-28f81d6487", "properties": {"id": "SEG-28f81d6487", "name": "Sutton Street", "highway": "residential", "scope": "in_scope", "borough": "Brooklyn", "bridge": false, "tunnel": false, "status": "inventoried"}, "geometry": {"type": "LineString", "coordinates": [[-73.940738, 40.725973], [-73.9407274, 40.7259091], [-73.9403431, 40.7235759], [-73.9403352, 40.7235283], [-73.9403254, 40.7234722]]}}, {"type": "Feature", "id": "SEG-a938829156", "properties": {"id": "SEG-a938829156", "name": "India Street", "highway": "residential", "scope": "in_scope", "borough": "Brooklyn", "bridge": false, "tunnel": false, "status": "inventoried"}, "geometry": {"type": "LineString", "coordinates": [[-73.9579446, 40.7320134], [-73.9578422, 40.7320231], [-73.9547301, 40.7323185], [-73.9546103, 40.7323299]]}}, {"type": "Feature", "id": "SEG-1474eeea95", "properties": {"id": "SEG-1474eeea95", "name": "", "highway": "primary_link", "scope": "in_scope", "borough": "Queens", "bridge": false, "tunnel": false, "status": "geometry_verified"}, "geometry": {"type": "LineString", "coordinates": [[-73.9539755, 40.7412245], [-73.9541143, 40.741304], [-73.954155, 40.7413305], [-73.9541834, 40.7413566], [-73.9542086, 40.7413887], [-73.9542122, 40.7413926], [-73.954231, 40.7414257], [-73.9542669, 40.7415252]]}}, {"type": "Feature", "id": "SEG-d16a4d1669", "properties": {"id": "SEG-d16a4d1669", "name": "Norman Avenue", "highway": "residential", "scope": "in_scope", "borough": "Brooklyn", "bridge": false, "tunnel": false, "status": "inventoried"}, "geometry": {"type": "LineString", "coordinates": [[-73.950029, 40.725999], [-73.9499594, 40.7260221], [-73.9492743, 40.7262492], [-73.9491851, 40.7262788]]}}, {"type": "Feature", "id": "SEG-4750cb9543", "properties": {"id": "SEG-4750cb9543", "name": "", "highway": "trunk_link", "scope": "in_scope", "borough": "Queens", "bridge": true, "tunnel": false, "status": "inventoried"}, "geometry": {"type": "LineString", "coordinates": [[-73.9450973, 40.7525824], [-73.9451612, 40.7524767], [-73.9452003, 40.7524208], [-73.9452423, 40.7523685], [-73.9452984, 40.7523053], [-73.9454801, 40.7520528]]}}, {"type": "Feature", "id": "SEG-7159e962b7", "properties": {"id": "SEG-7159e962b7", "name": "East 49th Street", "highway": "secondary", "scope": "in_scope", "borough": "Manhattan", "bridge": false, "tunnel": false, "status": "inventoried"}, "geometry": {"type": "LineString", "coordinates": [[-73.9665625, 40.7532346], [-73.9666622, 40.7532753]]}}, {"type": "Feature", "id": "SEG-a22fe6bd00", "properties": {"id": "SEG-a22fe6bd00", "name": "Greenpoint Avenue", "highway": "secondary", "scope": "in_scope", "borough": "Brooklyn", "bridge": false, "tunnel": false, "status": "inventoried"}, "geometry": {"type": "LineString", "coordinates": [[-73.9542532, 40.7302057], [-73.9543652, 40.7301947], [-73.9544097, 40.7301908], [-73.9544396, 40.7301881], [-73.954664, 40.7301675], [-73.9570585, 40.7299383], [-73.9574498, 40.7299009], [-73.9575027, 40.7298961], [-73.9575954, 40.7298876]]}}, {"type": "Feature", "id": "SEG-4880d59678", "properties": {"id": "SEG-4880d59678", "name": "Queens Plaza South", "highway": "secondary", "scope": "in_scope", "borough": "Queens", "bridge": false, "tunnel": false, "status": "inventoried"}, "geometry": {"type": "LineString", "coordinates": [[-73.943109, 40.7516275], [-73.9430417, 40.7515976], [-73.9424614, 40.7513392], [-73.9423603, 40.7512933], [-73.9422771, 40.7512566]]}}, {"type": "Feature", "id": "SEG-b81fe5c300", "properties": {"id": "SEG-b81fe5c300", "name": "Queens-Midtown Tunnel", "highway": "motorway", "scope": "in_scope", "borough": "Manhattan", "bridge": false, "tunnel": true, "status": "blocked"}, "geometry": {"type": "LineString", "coordinates": [[-73.9709446, 40.7472356], [-73.9708268, 40.7473773], [-73.9706862, 40.7475134], [-73.9705368, 40.7476262], [-73.9703764, 40.7477273], [-73.9702029, 40.747803], [-73.9699958, 40.7478687], [-73.9698311, 40.7479088], [-73.969615, 40.7479534], [-73.9694081, 40.7479681], [-73.9691889, 40.7479664], [-73.968997, 40.7479525], [-73.9687879, 40.7479197], [-73.9686094, 40.7478724], [-73.968438, 40.7478108], [-73.9682063, 40.7477062], [-73.9680255, 40.7476066], [-73.9612331, 40.7429956], [-73.960948, 40.7428175], [-73.9606717, 40.7426717], [-73.9603575, 40.7425305], [-73.9600408, 40.742408], [-73.9596358, 40.7422883], [-73.9592225, 40.7422015], [-73.9557328, 40.7415238], [-73.9554779, 40.7414791], [-73.9552358, 40.7414453], [-73.9549853, 40.741423], [-73.9547415, 40.7414169], [-73.9540722, 40.7414458]]}}, {"type": "Feature", "id": "SEG-c411bade47", "properties": {"id": "SEG-c411bade47", "name": "", "highway": "service", "scope": "secondary", "borough": "Brooklyn", "bridge": false, "tunnel": false, "status": "inventoried"}, "geometry": {"type": "LineString", "coordinates": [[-73.9429603, 40.7306483], [-73.9428969, 40.7302241]]}}, {"type": "Feature", "id": "SEG-e34d3bae99", "properties": {"id": "SEG-e34d3bae99", "name": "47th Road", "highway": "residential", "scope": "in_scope", "borough": "Queens", "bridge": false, "tunnel": false, "status": "geometry_verified"}, "geometry": {"type": "LineString", "coordinates": [[-73.9577553, 40.7456481], [-73.9576051, 40.74562], [-73.9573752, 40.745577], [-73.95723, 40.7455488]]}}, {"type": "Feature", "id": "SEG-d50fa38777", "properties": {"id": "SEG-d50fa38777", "name": "Meserole Avenue", "highway": "residential", "scope": "in_scope", "borough": "Brooklyn", "bridge": false, "tunnel": false, "status": "inventoried"}, "geometry": {"type": "LineString", "coordinates": [[-73.9560686, 40.7259882], [-73.9561744, 40.7259532], [-73.9569257, 40.7257048]]}}, {"type": "Feature", "id": "SEG-26f8b157a1", "properties": {"id": "SEG-26f8b157a1", "name": "Queensboro Plaza", "highway": "trunk", "scope": "in_scope", "borough": "Queens", "bridge": false, "tunnel": false, "status": "inventoried"}, "geometry": {"type": "LineString", "coordinates": [[-73.9380665, 40.7495011], [-73.9380477, 40.7494903], [-73.9379727, 40.7494395], [-73.9377219, 40.7492187], [-73.9375777, 40.7490762], [-73.9375074, 40.7490183], [-73.9373948, 40.7489275]]}}, {"type": "Feature", "id": "SEG-36a2fb2adf", "properties": {"id": "SEG-36a2fb2adf", "name": "", "highway": "service", "scope": "secondary", "borough": "Brooklyn", "bridge": false, "tunnel": false, "status": "inventoried"}, "geometry": {"type": "LineString", "coordinates": [[-73.9478418, 40.7303539], [-73.9478959, 40.7304436], [-73.9479375, 40.7305183], [-73.9479645, 40.7305739]]}}, {"type": "Feature", "id": "SEG-e025414126", "properties": {"id": "SEG-e025414126", "name": "Railroad Avenue", "highway": "unclassified", "scope": "in_scope", "borough": "Queens", "bridge": false, "tunnel": false, "status": "inventoried"}, "geometry": {"type": "LineString", "coordinates": [[-73.9427665, 40.7370137], [-73.9426096, 40.7369436], [-73.9424439, 40.7368665], [-73.9422615, 40.7367793], [-73.9421023, 40.7366955], [-73.941918, 40.7365937], [-73.9417621, 40.7365048], [-73.9416081, 40.7364071], [-73.94142, 40.7362806], [-73.941248, 40.7361483], [-73.9411004, 40.7360242], [-73.9409626, 40.7359032], [-73.9408409, 40.7357906], [-73.9406962, 40.7356538], [-73.9404168, 40.7353832], [-73.9403179, 40.7353002], [-73.9401889, 40.735198], [-73.9399152, 40.7349962], [-73.9398201, 40.7349216], [-73.9397396, 40.7348542], [-73.9396641, 40.7347829], [-73.9395869, 40.7346981], [-73.939518, 40.7346152], [-73.9394456, 40.7345214], [-73.9393618, 40.7344102], [-73.9392971, 40.7343189], [-73.939158, 40.7341016], [-73.9391438, 40.734079], [-73.9391334, 40.734048], [-73.939124, 40.7340169]]}}, {"type": "Feature", "id": "SEG-f088cf4b69", "properties": {"id": "SEG-f088cf4b69", "name": "Franklin Street", "highway": "tertiary", "scope": "in_scope", "borough": "Brooklyn", "bridge": false, "tunnel": false, "status": "inventoried"}, "geometry": {"type": "LineString", "coordinates": [[-73.9578282, 40.7313042], [-73.9578382, 40.7313655], [-73.9578991, 40.731734], [-73.957925, 40.7318906], [-73.9579289, 40.7319177], [-73.9579343, 40.73195], [-73.9579446, 40.7320134]]}}, {"type": "Feature", "id": "SEG-7b2a3e12e6", "properties": {"id": "SEG-7b2a3e12e6", "name": "Borden Avenue", "highway": "secondary", "scope": "in_scope", "borough": "Queens", "bridge": false, "tunnel": false, "status": "geometry_verified"}, "geometry": {"type": "LineString", "coordinates": [[-73.9476101, 40.7399992], [-73.9474523, 40.7399686], [-73.9470002, 40.7398809], [-73.9457384, 40.7396352], [-73.945395, 40.739568], [-73.9453077, 40.739553]]}}, {"type": "Feature", "id": "SEG-1c38b92d95", "properties": {"id": "SEG-1c38b92d95", "name": "", "highway": "motorway_link", "scope": "in_scope", "borough": "Manhattan", "bridge": true, "tunnel": false, "status": "inventoried"}, "geometry": {"type": "LineString", "coordinates": [[-73.9713014, 40.7442787], [-73.9711333, 40.744395], [-73.9710399, 40.7444977], [-73.9709421, 40.7446142], [-73.9706829, 40.7449625], [-73.970518, 40.7451703], [-73.9699656, 40.7458147], [-73.969419, 40.7464445], [-73.9690941, 40.7468156], [-73.9686537, 40.7473379], [-73.9684099, 40.7476298], [-73.9682623, 40.7478081], [-73.9682357, 40.7478431], [-73.9682106, 40.7478783], [-73.968195, 40.7479114], [-73.9681847, 40.7479434], [-73.9681804, 40.7479737], [-73.96818, 40.748011], [-73.9681852, 40.7480435], [-73.968199, 40.7480819], [-73.9682173, 40.7481232], [-73.9682317, 40.7481498], [-73.9682535, 40.7481784], [-73.9682838, 40.748206], [-73.9683164, 40.7482269], [-73.9683415, 40.7482424], [-73.9683741, 40.7482589]]}}, {"type": "Feature", "id": "SEG-56668556f9", "properties": {"id": "SEG-56668556f9", "name": "", "highway": "service", "scope": "secondary", "borough": "Queens", "bridge": false, "tunnel": false, "status": "geometry_verified"}, "geometry": {"type": "LineString", "coordinates": [[-73.9436986, 40.746019], [-73.9438053, 40.7459768], [-73.9441292, 40.7458447]]}}, {"type": "Feature", "id": "SEG-02042bd9b6", "properties": {"id": "SEG-02042bd9b6", "name": "Monitor Street", "highway": "residential", "scope": "in_scope", "borough": "Brooklyn", "bridge": false, "tunnel": false, "status": "inventoried"}, "geometry": {"type": "LineString", "coordinates": [[-73.942636, 40.725793], [-73.9426253, 40.7257277], [-73.9425712, 40.7253984], [-73.9424413, 40.7246077], [-73.9424165, 40.7244572], [-73.9422418, 40.7233895], [-73.9422342, 40.7233445], [-73.9422257, 40.7232911]]}}, {"type": "Feature", "id": "SEG-d60e07c0a1", "properties": {"id": "SEG-d60e07c0a1", "name": "31st Place", "highway": "unclassified", "scope": "in_scope", "borough": "Queens", "bridge": false, "tunnel": false, "status": "inventoried"}, "geometry": {"type": "LineString", "coordinates": [[-73.936033, 40.737486], [-73.9361232, 40.7374522], [-73.9373854, 40.7369773], [-73.9374432, 40.7369555], [-73.93752, 40.7369266]]}}, {"type": "Feature", "id": "SEG-49966c56fa", "properties": {"id": "SEG-49966c56fa", "name": "", "highway": "primary_link", "scope": "in_scope", "borough": "Queens", "bridge": false, "tunnel": false, "status": "inventoried"}, "geometry": {"type": "LineString", "coordinates": [[-73.9379528, 40.7493205], [-73.9378204, 40.7491248], [-73.9377089, 40.7489433], [-73.9376434, 40.748832]]}}, {"type": "Feature", "id": "SEG-c3da0e7915", "properties": {"id": "SEG-c3da0e7915", "name": "Franklin Street", "highway": "tertiary", "scope": "in_scope", "borough": "Brooklyn", "bridge": false, "tunnel": false, "status": "inventoried"}, "geometry": {"type": "LineString", "coordinates": [[-73.9577128, 40.730592], [-73.9577251, 40.7306614], [-73.9578183, 40.7312445], [-73.9578282, 40.7313042]]}}, {"type": "Feature", "id": "SEG-11d6c81876", "properties": {"id": "SEG-11d6c81876", "name": "McGuinness Boulevard", "highway": "primary", "scope": "in_scope", "borough": "Brooklyn", "bridge": false, "tunnel": false, "status": "geometry_verified"}, "geometry": {"type": "LineString", "coordinates": [[-73.9521783, 40.7339983], [-73.9521912, 40.7340628], [-73.9522617, 40.7344002], [-73.952303, 40.7345981], [-73.9523188, 40.7346447], [-73.9523393, 40.7347071]]}}, {"type": "Feature", "id": "SEG-1d653508fd", "properties": {"id": "SEG-1d653508fd", "name": "McGuinness Boulevard", "highway": "primary", "scope": "in_scope", "borough": "Brooklyn", "bridge": false, "tunnel": false, "status": "geometry_verified"}, "geometry": {"type": "LineString", "coordinates": [[-73.952574, 40.7350064], [-73.952524, 40.7347529], [-73.9525122, 40.7346894]]}}, {"type": "Feature", "id": "SEG-0e2f96a331", "properties": {"id": "SEG-0e2f96a331", "name": "47th Avenue", "highway": "residential", "scope": "in_scope", "borough": "Queens", "bridge": false, "tunnel": false, "status": "geometry_verified"}, "geometry": {"type": "LineString", "coordinates": [[-73.950723, 40.7450298], [-73.9508224, 40.7450483]]}}, {"type": "Feature", "id": "SEG-c4db95bd64", "properties": {"id": "SEG-c4db95bd64", "name": "Franklin Street", "highway": "secondary", "scope": "in_scope", "borough": "Brooklyn", "bridge": false, "tunnel": false, "status": "inventoried"}, "geometry": {"type": "LineString", "coordinates": [[-73.9575478, 40.7251075], [-73.9575346, 40.7251801], [-73.9575074, 40.7254555], [-73.9575038, 40.7254821], [-73.9574871, 40.7255696]]}}, {"type": "Feature", "id": "SEG-812224cc22", "properties": {"id": "SEG-812224cc22", "name": "McGuinness Boulevard", "highway": "tertiary", "scope": "in_scope", "borough": "Brooklyn", "bridge": false, "tunnel": false, "status": "geometry_verified"}, "geometry": {"type": "LineString", "coordinates": [[-73.9531707, 40.7382202], [-73.9532095, 40.7381341], [-73.953232, 40.7380669], [-73.9532461, 40.7380174], [-73.9532564, 40.7379669], [-73.9532606, 40.7379224], [-73.9532602, 40.7378795], [-73.9532144, 40.7375739], [-73.9532044, 40.7375049]]}}, {"type": "Feature", "id": "SEG-a92408ab06", "properties": {"id": "SEG-a92408ab06", "name": "Borden Avenue", "highway": "secondary", "scope": "in_scope", "borough": "Queens", "bridge": false, "tunnel": false, "status": "inventoried"}, "geometry": {"type": "LineString", "coordinates": [[-73.9381421, 40.7379946], [-73.9379834, 40.7379608], [-73.9378808, 40.7379395], [-73.9377958, 40.7379218]]}}, {"type": "Feature", "id": "SEG-f9236be481", "properties": {"id": "SEG-f9236be481", "name": "39th Avenue", "highway": "residential", "scope": "in_scope", "borough": "Queens", "bridge": false, "tunnel": false, "status": "inventoried"}, "geometry": {"type": "LineString", "coordinates": [[-73.9352454, 40.7539432], [-73.9351706, 40.7539039], [-73.9345321, 40.7535686], [-73.9344657, 40.7535337]]}}, {"type": "Feature", "id": "SEG-186d9d20bb", "properties": {"id": "SEG-186d9d20bb", "name": "Noble Street", "highway": "residential", "scope": "in_scope", "borough": "Brooklyn", "bridge": false, "tunnel": false, "status": "inventoried"}, "geometry": {"type": "LineString", "coordinates": [[-73.953665, 40.7288245], [-73.9537614, 40.7288134], [-73.9546204, 40.7287302]]}}, {"type": "Feature", "id": "SEG-94f35ba377", "properties": {"id": "SEG-94f35ba377", "name": "Skillman Avenue", "highway": "unclassified", "scope": "in_scope", "borough": "Queens", "bridge": false, "tunnel": false, "status": "geometry_verified"}, "geometry": {"type": "LineString", "coordinates": [[-73.9463933, 40.741983], [-73.9463774, 40.7420007], [-73.9463595, 40.7420175], [-73.9463417, 40.742031], [-73.9463202, 40.7420433], [-73.9429806, 40.7433777]]}}, {"type": "Feature", "id": "SEG-6f2ab68726", "properties": {"id": "SEG-6f2ab68726", "name": "41st Avenue", "highway": "residential", "scope": "in_scope", "borough": "Queens", "bridge": false, "tunnel": false, "status": "inventoried"}, "geometry": {"type": "LineString", "coordinates": [[-73.9444314, 40.7550218], [-73.9442644, 40.7549369], [-73.9441243, 40.7548657], [-73.944086, 40.7548463], [-73.944019, 40.75481]]}}, {"type": "Feature", "id": "SEG-0138dd50bc", "properties": {"id": "SEG-0138dd50bc", "name": "Vernon Boulevard", "highway": "primary", "scope": "in_scope", "borough": "Queens", "bridge": false, "tunnel": false, "status": "geometry_verified"}, "geometry": {"type": "LineString", "coordinates": [[-73.9543492, 40.7413061], [-73.9543132, 40.7414048], [-73.9542669, 40.7415252]]}}, {"type": "Feature", "id": "SEG-39ec250278", "properties": {"id": "SEG-39ec250278", "name": "5th Street", "highway": "residential", "scope": "in_scope", "borough": "Queens", "bridge": false, "tunnel": false, "status": "geometry_verified"}, "geometry": {"type": "LineString", "coordinates": [[-73.9560125, 40.7444602], [-73.9560347, 40.7443946], [-73.9561867, 40.7439436], [-73.9562086, 40.7438786]]}}, {"type": "Feature", "id": "SEG-8863ba22f3", "properties": {"id": "SEG-8863ba22f3", "name": "West Street", "highway": "residential", "scope": "in_scope", "borough": "Brooklyn", "bridge": false, "tunnel": false, "status": "inventoried"}, "geometry": {"type": "LineString", "coordinates": [[-73.9600471, 40.7346892], [-73.9600582, 40.7347533], [-73.9601436, 40.7353213], [-73.960151, 40.735399], [-73.9601091, 40.735423], [-73.9598804, 40.7355469]]}}, {"type": "Feature", "id": "SEG-aff4f9162a", "properties": {"id": "SEG-aff4f9162a", "name": "50th Avenue", "highway": "unclassified", "scope": "in_scope", "borough": "Queens", "bridge": false, "tunnel": false, "status": "geometry_verified"}, "geometry": {"type": "LineString", "coordinates": [[-73.944839, 40.7409296], [-73.9447634, 40.7409175], [-73.9426653, 40.7405182], [-73.9426151, 40.7405087], [-73.942527, 40.7404918]]}}, {"type": "Feature", "id": "SEG-e4b5a98d85", "properties": {"id": "SEG-e4b5a98d85", "name": "46th Road", "highway": "residential", "scope": "in_scope", "borough": "Queens", "bridge": false, "tunnel": false, "status": "geometry_verified"}, "geometry": {"type": "LineString", "coordinates": [[-73.9504959, 40.7457192], [-73.9503838, 40.7456979], [-73.9489912, 40.7454288], [-73.948426, 40.7453182], [-73.9483009, 40.7452936]]}}, {"type": "Feature", "id": "SEG-411d37402e", "properties": {"id": "SEG-411d37402e", "name": "48th Avenue", "highway": "unclassified", "scope": "in_scope", "borough": "Queens", "bridge": false, "tunnel": false, "status": "inventoried"}, "geometry": {"type": "LineString", "coordinates": [[-73.9380194, 40.7414649], [-73.937942, 40.7414554], [-73.937895, 40.7414496], [-73.9371763, 40.7413656], [-73.9370928, 40.741356]]}}, {"type": "Feature", "id": "SEG-bc13527ad4", "properties": {"id": "SEG-bc13527ad4", "name": "Queens-Midtown Tunnel", "highway": "motorway", "scope": "in_scope", "borough": "Manhattan", "bridge": false, "tunnel": false, "status": "inventoried"}, "geometry": {"type": "LineString", "coordinates": [[-73.9731825, 40.7456301], [-73.9731195, 40.7456238], [-73.9730396, 40.7456178], [-73.9729801, 40.7456162], [-73.9729255, 40.7456159], [-73.9728688, 40.7456189], [-73.972795, 40.7456215], [-73.9727464, 40.7456259], [-73.9726799, 40.7456324], [-73.9726176, 40.7456445], [-73.9725563, 40.7456575], [-73.9724756, 40.7456811]]}}, {"type": "Feature", "id": "SEG-f3a725ef08", "properties": {"id": "SEG-f3a725ef08", "name": "Thomson Avenue", "highway": "primary", "scope": "in_scope", "borough": "Queens", "bridge": true, "tunnel": false, "status": "inventoried"}, "geometry": {"type": "LineString", "coordinates": [[-73.9392655, 40.7456005], [-73.9387572, 40.7454863], [-73.9381777, 40.7453533], [-73.9378334, 40.7452742]]}}, {"type": "Feature", "id": "SEG-a54364062d", "properties": {"id": "SEG-a54364062d", "name": "", "highway": "service", "scope": "secondary", "borough": "Brooklyn", "bridge": false, "tunnel": false, "status": "geometry_verified"}, "geometry": {"type": "LineString", "coordinates": [[-73.956248, 40.7375022], [-73.9563033, 40.73756], [-73.9563274, 40.7375851]]}}, {"type": "Feature", "id": "SEG-24f2bd5706", "properties": {"id": "SEG-24f2bd5706", "name": "Franklin Street", "highway": "secondary", "scope": "in_scope", "borough": "Brooklyn", "bridge": false, "tunnel": false, "status": "inventoried"}, "geometry": {"type": "LineString", "coordinates": [[-73.9573562, 40.7263057], [-73.9573461, 40.7263646], [-73.9573012, 40.7266145], [-73.9572687, 40.7267955], [-73.9572422, 40.7269431], [-73.9572359, 40.7269792], [-73.9572233, 40.7270439]]}}, {"type": "Feature", "id": "SEG-3cab81b4a8", "properties": {"id": "SEG-3cab81b4a8", "name": "Box Street", "highway": "tertiary", "scope": "in_scope", "borough": "Brooklyn", "bridge": false, "tunnel": false, "status": "geometry_verified"}, "geometry": {"type": "LineString", "coordinates": [[-73.9569305, 40.7371418], [-73.9568299, 40.7371576], [-73.9567203, 40.7371676], [-73.9565163, 40.7371889], [-73.9564523, 40.7371956]]}}, {"type": "Feature", "id": "SEG-36e3ff0745", "properties": {"id": "SEG-36e3ff0745", "name": "44th Road", "highway": "residential", "scope": "in_scope", "borough": "Queens", "bridge": false, "tunnel": false, "status": "inventoried"}, "geometry": {"type": "LineString", "coordinates": [[-73.9494153, 40.7492998], [-73.9495258, 40.7493179], [-73.9499791, 40.7494064], [-73.9508375, 40.7495762], [-73.9509708, 40.7496028], [-73.9510661, 40.7496217]]}}, {"type": "Feature", "id": "SEG-77505b9039", "properties": {"id": "SEG-77505b9039", "name": "Starr Avenue", "highway": "unclassified", "scope": "in_scope", "borough": "Queens", "bridge": false, "tunnel": false, "status": "inventoried"}, "geometry": {"type": "LineString", "coordinates": [[-73.9371176, 40.7362941], [-73.9368328, 40.7358562], [-73.9367642, 40.7357486]]}}, {"type": "Feature", "id": "SEG-6742dd8dcb", "properties": {"id": "SEG-6742dd8dcb", "name": "44th Road", "highway": "residential", "scope": "in_scope", "borough": "Queens", "bridge": false, "tunnel": false, "status": "inventoried"}, "geometry": {"type": "LineString", "coordinates": [[-73.9438682, 40.7482328], [-73.9446345, 40.7483806], [-73.9446861, 40.7483906], [-73.9447725, 40.7484073]]}}, {"type": "Feature", "id": "SEG-2a725cf540", "properties": {"id": "SEG-2a725cf540", "name": "McGuinness Boulevard", "highway": "primary", "scope": "in_scope", "borough": "Brooklyn", "bridge": false, "tunnel": false, "status": "inventoried"}, "geometry": {"type": "LineString", "coordinates": [[-73.9520892, 40.7325692], [-73.952078, 40.7325084], [-73.9520112, 40.7321085], [-73.9519805, 40.7319247], [-73.9519711, 40.731859]]}}, {"type": "Feature", "id": "SEG-d2671843ca", "properties": {"id": "SEG-d2671843ca", "name": "Apollo Street", "highway": "residential", "scope": "in_scope", "borough": "Brooklyn", "bridge": false, "tunnel": false, "status": "inventoried"}, "geometry": {"type": "LineString", "coordinates": [[-73.937942, 40.726239], [-73.9379326, 40.7261786], [-73.9376433, 40.7243291], [-73.9376359, 40.724297], [-73.937621, 40.7242061]]}}, {"type": "Feature", "id": "SEG-86c970742b", "properties": {"id": "SEG-86c970742b", "name": "39th Avenue", "highway": "residential", "scope": "in_scope", "borough": "Queens", "bridge": false, "tunnel": false, "status": "inventoried"}, "geometry": {"type": "LineString", "coordinates": [[-73.938294, 40.755557], [-73.9382156, 40.7555152], [-73.9376307, 40.7552035], [-73.937549, 40.75516]]}}, {"type": "Feature", "id": "SEG-dd2329a3d2", "properties": {"id": "SEG-dd2329a3d2", "name": "Ed Koch Queensboro Bridge Upper Level", "highway": "trunk", "scope": "in_scope", "borough": "Manhattan", "bridge": true, "tunnel": false, "status": "inventoried"}, "geometry": {"type": "LineString", "coordinates": [[-73.9453403, 40.7529271], [-73.9455077, 40.7530033], [-73.9456761, 40.7530765], [-73.9489006, 40.7544751], [-73.9494459, 40.7547122], [-73.9592517, 40.7589763], [-73.9605601, 40.7595453], [-73.9606546, 40.7595876], [-73.9607571, 40.7596376], [-73.9608197, 40.7596695], [-73.9609621, 40.7597532], [-73.9612764, 40.7599335], [-73.9613435, 40.7599714], [-73.9614278, 40.7600154], [-73.9615041, 40.7600508], [-73.9615861, 40.7600861], [-73.9617837, 40.7601725]]}}, {"type": "Feature", "id": "SEG-d31a09246f", "properties": {"id": "SEG-d31a09246f", "name": "Ed Koch Queensboro Bridge Upper Level", "highway": "trunk", "scope": "in_scope", "borough": "Queens", "bridge": true, "tunnel": false, "status": "inventoried"}, "geometry": {"type": "LineString", "coordinates": [[-73.943396, 40.7508071], [-73.9434248, 40.7507457], [-73.9434473, 40.7507209], [-73.9434672, 40.7506937], [-73.9434833, 40.7506555], [-73.943488, 40.7506313], [-73.9434891, 40.7505877], [-73.9434861, 40.7505487], [-73.9434776, 40.7505024], [-73.9434663, 40.7504694], [-73.943447, 40.750436], [-73.9434263, 40.7504058], [-73.9433975, 40.7503738], [-73.9433659, 40.750343], [-73.9433145, 40.7503059], [-73.9432624, 40.7502765], [-73.9424757, 40.7498584], [-73.9423469, 40.7497856], [-73.9422576, 40.7497308], [-73.9421776, 40.7496774], [-73.9420841, 40.7496073], [-73.9419952, 40.7495359], [-73.9419211, 40.7494708], [-73.9418443, 40.7494021], [-73.9417751, 40.7493318], [-73.9416843, 40.749231], [-73.9416275, 40.7491612], [-73.9415635, 40.7490755], [-73.9415141, 40.7490021], [-73.9414631, 40.7489224], [-73.9407941, 40.7478493], [-73.9407382, 40.7477521], [-73.9406871, 40.7476518], [-73.9406488, 40.7475662], [-73.9406097, 40.7474776], [-73.9405735, 40.7473822], [-73.940337, 40.7467796], [-73.9401305, 40.7462474], [-73.9400436, 40.7460238]]}}, {"type": "Feature", "id": "SEG-a1820046b3", "properties": {"id": "SEG-a1820046b3", "name": "9th Street", "highway": "residential", "scope": "in_scope", "borough": "Queens", "bridge": false, "tunnel": false, "status": "inventoried"}, "geometry": {"type": "LineString", "coordinates": [[-73.948456, 40.7539352], [-73.9485084, 40.7538739], [-73.9488387, 40.7534878]]}}, {"type": "Feature", "id": "SEG-599968e877", "properties": {"id": "SEG-599968e877", "name": "9th Street", "highway": "residential", "scope": "in_scope", "borough": "Queens", "bridge": false, "tunnel": false, "status": "inventoried"}, "geometry": {"type": "LineString", "coordinates": [[-73.9488387, 40.7534878], [-73.9494992, 40.7527213], [-73.9495288, 40.7526871], [-73.949596, 40.752609]]}}, {"type": "Feature", "id": "SEG-f26b4e44d0", "properties": {"id": "SEG-f26b4e44d0", "name": "13th Street", "highway": "residential", "scope": "in_scope", "borough": "Queens", "bridge": false, "tunnel": false, "status": "inventoried"}, "geometry": {"type": "LineString", "coordinates": [[-73.9476295, 40.7496824], [-73.94757, 40.7497517], [-73.9475411, 40.7497853], [-73.9469226, 40.7505052], [-73.9465379, 40.750969], [-73.9465236, 40.7509863], [-73.9464701, 40.7510507]]}}, {"type": "Feature", "id": "SEG-95270590cf", "properties": {"id": "SEG-95270590cf", "name": "Queens Plaza North", "highway": "tertiary", "scope": "in_scope", "borough": "Queens", "bridge": false, "tunnel": false, "status": "inventoried"}, "geometry": {"type": "LineString", "coordinates": [[-73.9367394, 40.7499494], [-73.9368085, 40.7499835], [-73.9369283, 40.7499399]]}}, {"type": "Feature", "id": "SEG-64a2cb2011", "properties": {"id": "SEG-64a2cb2011", "name": "Queens Plaza North", "highway": "tertiary", "scope": "in_scope", "borough": "Queens", "bridge": false, "tunnel": false, "status": "inventoried"}, "geometry": {"type": "LineString", "coordinates": [[-73.9369283, 40.7499399], [-73.9373564, 40.7497843], [-73.9373843, 40.7497769], [-73.9374158, 40.7497696], [-73.9374388, 40.7497687], [-73.9374606, 40.7497705], [-73.9374909, 40.7497769], [-73.9375152, 40.7497843], [-73.9375418, 40.7497953], [-73.9377135, 40.7498714], [-73.937784, 40.7498992]]}}, {"type": "Feature", "id": "SEG-8d5b6fc902", "properties": {"id": "SEG-8d5b6fc902", "name": "46th Avenue", "highway": "residential", "scope": "in_scope", "borough": "Queens", "bridge": false, "tunnel": false, "status": "geometry_verified"}, "geometry": {"type": "LineString", "coordinates": [[-73.9502674, 40.746413], [-73.9503553, 40.7464287]]}}, {"type": "Feature", "id": "SEG-db6d2e7d1c", "properties": {"id": "SEG-db6d2e7d1c", "name": "", "highway": "service", "scope": "secondary", "borough": "Queens", "bridge": false, "tunnel": false, "status": "inventoried"}, "geometry": {"type": "LineString", "coordinates": [[-73.9451222, 40.749211], [-73.9451442, 40.7491493], [-73.9453299, 40.7485785], [-73.9453507, 40.7485187]]}}, {"type": "Feature", "id": "SEG-522a6a582b", "properties": {"id": "SEG-522a6a582b", "name": "", "highway": "service", "scope": "secondary", "borough": "Queens", "bridge": false, "tunnel": false, "status": "inventoried"}, "geometry": {"type": "LineString", "coordinates": [[-73.9377996, 40.7346661], [-73.9379351, 40.7347325], [-73.9379628, 40.7347315]]}}, {"type": "Feature", "id": "SEG-b62f436390", "properties": {"id": "SEG-b62f436390", "name": "", "highway": "service", "scope": "secondary", "borough": "Queens", "bridge": false, "tunnel": false, "status": "inventoried"}, "geometry": {"type": "LineString", "coordinates": [[-73.9379628, 40.7347315], [-73.9380521, 40.7346386]]}}, {"type": "Feature", "id": "SEG-ace0b1df9e", "properties": {"id": "SEG-ace0b1df9e", "name": "", "highway": "service", "scope": "secondary", "borough": "Queens", "bridge": false, "tunnel": false, "status": "inventoried"}, "geometry": {"type": "LineString", "coordinates": [[-73.9380521, 40.7346386], [-73.9381168, 40.7345742], [-73.9382533, 40.7346869]]}}, {"type": "Feature", "id": "SEG-60690f5f38", "properties": {"id": "SEG-60690f5f38", "name": "", "highway": "service", "scope": "secondary", "borough": "Queens", "bridge": false, "tunnel": false, "status": "inventoried"}, "geometry": {"type": "LineString", "coordinates": [[-73.9382533, 40.7346869], [-73.9381852, 40.7347181]]}}, {"type": "Feature", "id": "SEG-2ec89b16eb", "properties": {"id": "SEG-2ec89b16eb", "name": "", "highway": "service", "scope": "secondary", "borough": "Queens", "bridge": false, "tunnel": false, "status": "inventoried"}, "geometry": {"type": "LineString", "coordinates": [[-73.9381852, 40.7347181], [-73.9381281, 40.7347604], [-73.9381202, 40.7347633], [-73.9381131, 40.734763]]}}, {"type": "Feature", "id": "SEG-f4a65dfc3e", "properties": {"id": "SEG-f4a65dfc3e", "name": "", "highway": "service", "scope": "secondary", "borough": "Queens", "bridge": false, "tunnel": true, "status": "blocked"}, "geometry": {"type": "LineString", "coordinates": [[-73.9430347, 40.7498403], [-73.942902, 40.7497691]]}}, {"type": "Feature", "id": "SEG-59c7f6793e", "properties": {"id": "SEG-59c7f6793e", "name": "43rd Avenue", "highway": "secondary", "scope": "in_scope", "borough": "Queens", "bridge": false, "tunnel": false, "status": "inventoried"}, "geometry": {"type": "LineString", "coordinates": [[-73.9503997, 40.7530182], [-73.9503071, 40.7529729], [-73.9502557, 40.7529476], [-73.9496688, 40.7526464], [-73.949596, 40.752609]]}}, {"type": "Feature", "id": "SEG-f5487fd2f0", "properties": {"id": "SEG-f5487fd2f0", "name": "Humboldt Street", "highway": "residential", "scope": "in_scope", "borough": "Brooklyn", "bridge": false, "tunnel": false, "status": "inventoried"}, "geometry": {"type": "LineString", "coordinates": [[-73.9454318, 40.7255309], [-73.9454197, 40.7254593], [-73.9450277, 40.7230798], [-73.9450173, 40.7230141]]}}, {"type": "Feature", "id": "SEG-8366f7c81a", "properties": {"id": "SEG-8366f7c81a", "name": "Greenpoint Avenue", "highway": "primary", "scope": "in_scope", "borough": "Brooklyn", "bridge": false, "tunnel": false, "status": "inventoried"}, "geometry": {"type": "LineString", "coordinates": [[-73.9506277, 40.7305542], [-73.9509297, 40.730523], [-73.9513216, 40.7304825], [-73.9514256, 40.7304718]]}}, {"type": "Feature", "id": "SEG-bafa92f89b", "properties": {"id": "SEG-bafa92f89b", "name": "47th Avenue", "highway": "residential", "scope": "in_scope", "borough": "Queens", "bridge": false, "tunnel": false, "status": "geometry_verified"}, "geometry": {"type": "LineString", "coordinates": [[-73.9531773, 40.7455002], [-73.9532913, 40.7455206], [-73.9540905, 40.745674], [-73.954273, 40.7457098], [-73.9554302, 40.7459347], [-73.9555147, 40.7459516]]}}, {"type": "Feature", "id": "SEG-a97b297650", "properties": {"id": "SEG-a97b297650", "name": "23rd Street", "highway": "tertiary", "scope": "in_scope", "borough": "Queens", "bridge": false, "tunnel": false, "status": "geometry_verified"}, "geometry": {"type": "LineString", "coordinates": [[-73.9450503, 40.7476667], [-73.9450183, 40.7477662], [-73.9449503, 40.7479781], [-73.9449044, 40.7481115], [-73.9448588, 40.7482303], [-73.9448081, 40.748343], [-73.9447725, 40.7484073]]}}, {"type": "Feature", "id": "SEG-74060494ae", "properties": {"id": "SEG-74060494ae", "name": "Meserole Avenue", "highway": "residential", "scope": "in_scope", "borough": "Brooklyn", "bridge": false, "tunnel": false, "status": "inventoried"}, "geometry": {"type": "LineString", "coordinates": [[-73.948495, 40.728485], [-73.9485695, 40.7284605], [-73.9492552, 40.7282347], [-73.949321, 40.728213]]}}, {"type": "Feature", "id": "SEG-5025cacae1", "properties": {"id": "SEG-5025cacae1", "name": "Brooklyn-Queens Expressway", "highway": "motorway", "scope": "in_scope", "borough": "Brooklyn", "bridge": true, "tunnel": false, "status": "inventoried"}, "geometry": {"type": "LineString", "coordinates": [[-73.9327549, 40.7253841], [-73.9334779, 40.7251698]]}}, {"type": "Feature", "id": "SEG-69ed8a03da", "properties": {"id": "SEG-69ed8a03da", "name": "23rd Street", "highway": "tertiary", "scope": "in_scope", "borough": "Queens", "bridge": false, "tunnel": false, "status": "geometry_verified"}, "geometry": {"type": "LineString", "coordinates": [[-73.9455263, 40.7462255], [-73.9455867, 40.7460482], [-73.945597, 40.7460097], [-73.9456068, 40.7459684], [-73.9456423, 40.7458232]]}}, {"type": "Feature", "id": "SEG-b2d86c9ca2", "properties": {"id": "SEG-b2d86c9ca2", "name": "Thomson Avenue", "highway": "primary", "scope": "in_scope", "borough": "Queens", "bridge": false, "tunnel": false, "status": "inventoried"}, "geometry": {"type": "LineString", "coordinates": [[-73.9428053, 40.7463427], [-73.9426277, 40.7463037], [-73.942318, 40.7462771]]}}, {"type": "Feature", "id": "SEG-9c753ae6fa", "properties": {"id": "SEG-9c753ae6fa", "name": "Meserole Avenue", "highway": "residential", "scope": "in_scope", "borough": "Brooklyn", "bridge": false, "tunnel": false, "status": "inventoried"}, "geometry": {"type": "LineString", "coordinates": [[-73.9518273, 40.727392], [-73.9519023, 40.7273662], [-73.9526068, 40.7271383], [-73.9526928, 40.7271105]]}}, {"type": "Feature", "id": "SEG-a1151abcb6", "properties": {"id": "SEG-a1151abcb6", "name": "West Street", "highway": "residential", "scope": "in_scope", "borough": "Brooklyn", "bridge": false, "tunnel": false, "status": "inventoried"}, "geometry": {"type": "LineString", "coordinates": [[-73.9593494, 40.7304386], [-73.9593592, 40.730506], [-73.959441, 40.730993], [-73.959456, 40.7310828], [-73.9594665, 40.7311471]]}}, {"type": "Feature", "id": "SEG-43917bcbb3", "properties": {"id": "SEG-43917bcbb3", "name": "", "highway": "service", "scope": "secondary", "borough": "Queens", "bridge": false, "tunnel": false, "status": "inventoried"}, "geometry": {"type": "LineString", "coordinates": [[-73.9394275, 40.7363209], [-73.9395064, 40.7362887], [-73.9396164, 40.7362409], [-73.939723, 40.7362048], [-73.939835, 40.7361876], [-73.9399242, 40.7361779], [-73.9399879, 40.7361947]]}}, {"type": "Feature", "id": "SEG-c6273a1237", "properties": {"id": "SEG-c6273a1237", "name": "Ed Koch Queensboro Bridge Upper Level", "highway": "trunk", "scope": "in_scope", "borough": "Manhattan", "bridge": false, "tunnel": false, "status": "inventoried"}, "geometry": {"type": "LineString", "coordinates": [[-73.9637529, 40.7600127], [-73.9636394, 40.7601874]]}}, {"type": "Feature", "id": "SEG-c16575f31e", "properties": {"id": "SEG-c16575f31e", "name": "", "highway": "service", "scope": "secondary", "borough": "Queens", "bridge": false, "tunnel": false, "status": "inventoried"}, "geometry": {"type": "LineString", "coordinates": [[-73.9345791, 40.7409081], [-73.9345068, 40.7408975]]}}, {"type": "Feature", "id": "SEG-1305246144", "properties": {"id": "SEG-1305246144", "name": "", "highway": "service", "scope": "secondary", "borough": "Queens", "bridge": false, "tunnel": false, "status": "inventoried"}, "geometry": {"type": "LineString", "coordinates": [[-73.9345068, 40.7408975], [-73.9345538, 40.7406744]]}}, {"type": "Feature", "id": "SEG-af7788afee", "properties": {"id": "SEG-af7788afee", "name": "Provost Street", "highway": "tertiary", "scope": "in_scope", "borough": "Brooklyn", "bridge": false, "tunnel": false, "status": "geometry_verified"}, "geometry": {"type": "LineString", "coordinates": [[-73.950157, 40.736348], [-73.9501883, 40.7365505], [-73.9501955, 40.7366195], [-73.9502067, 40.7367175]]}}, {"type": "Feature", "id": "SEG-e6f697db7e", "properties": {"id": "SEG-e6f697db7e", "name": "", "highway": "secondary_link", "scope": "in_scope", "borough": "Queens", "bridge": false, "tunnel": false, "status": "geometry_verified"}, "geometry": {"type": "LineString", "coordinates": [[-73.9539828, 40.7424505], [-73.9539445, 40.7425212], [-73.9539221, 40.7425874], [-73.953908, 40.742629], [-73.9538853, 40.7426931]]}}, {"type": "Feature", "id": "SEG-3825323f72", "properties": {"id": "SEG-3825323f72", "name": "Van Dam Street", "highway": "primary", "scope": "in_scope", "borough": "Queens", "bridge": false, "tunnel": false, "status": "inventoried"}, "geometry": {"type": "LineString", "coordinates": [[-73.9348063, 40.7385634], [-73.9349178, 40.7380002], [-73.9349245, 40.7379664], [-73.9349461, 40.7378568], [-73.9349617, 40.7377897]]}}, {"type": "Feature", "id": "SEG-34bfacb477", "properties": {"id": "SEG-34bfacb477", "name": "Jackson Avenue", "highway": "primary", "scope": "in_scope", "borough": "Queens", "bridge": false, "tunnel": false, "status": "geometry_verified"}, "geometry": {"type": "LineString", "coordinates": [[-73.9456423, 40.7458232], [-73.9455223, 40.7458446], [-73.9454344, 40.7458633], [-73.9448564, 40.7460905]]}}, {"type": "Feature", "id": "SEG-6abb5e9d6f", "properties": {"id": "SEG-6abb5e9d6f", "name": "27th Street", "highway": "unclassified", "scope": "in_scope", "borough": "Queens", "bridge": false, "tunnel": false, "status": "inventoried"}, "geometry": {"type": "LineString", "coordinates": [[-73.9411635, 40.7423339], [-73.9418218, 40.7416958]]}}, {"type": "Feature", "id": "SEG-6b47ac778b", "properties": {"id": "SEG-6b47ac778b", "name": "49th Avenue", "highway": "residential", "scope": "in_scope", "borough": "Queens", "bridge": false, "tunnel": false, "status": "geometry_verified"}, "geometry": {"type": "LineString", "coordinates": [[-73.9538694, 40.7434296], [-73.953759, 40.7434083], [-73.9529862, 40.7432588], [-73.9525012, 40.7431637], [-73.9521619, 40.743097], [-73.9519272, 40.7430459], [-73.9518869, 40.7430309], [-73.9518215, 40.742981]]}}, {"type": "Feature", "id": "SEG-29a5d99a19", "properties": {"id": "SEG-29a5d99a19", "name": "", "highway": "service", "scope": "secondary", "borough": "Brooklyn", "bridge": false, "tunnel": false, "status": "inventoried"}, "geometry": {"type": "LineString", "coordinates": [[-73.9478924, 40.7303371], [-73.9479454, 40.7304246], [-73.9479856, 40.7305031], [-73.9479645, 40.7305739]]}}, {"type": "Feature", "id": "SEG-7d3a0fd10f", "properties": {"id": "SEG-7d3a0fd10f", "name": "Calyer Street", "highway": "residential", "scope": "in_scope", "borough": "Brooklyn", "bridge": false, "tunnel": false, "status": "inventoried"}, "geometry": {"type": "LineString", "coordinates": [[-73.9515716, 40.7286975], [-73.951504, 40.7287195], [-73.950806, 40.7289517], [-73.9507224, 40.7289764]]}}, {"type": "Feature", "id": "SEG-d7d6f844eb", "properties": {"id": "SEG-d7d6f844eb", "name": "Jackson Avenue", "highway": "primary", "scope": "in_scope", "borough": "Queens", "bridge": false, "tunnel": false, "status": "inventoried"}, "geometry": {"type": "LineString", "coordinates": [[-73.9439862, 40.7464383], [-73.943902, 40.7464719], [-73.9433574, 40.7466896], [-73.9433248, 40.7467028], [-73.9432435, 40.7467351]]}}, {"type": "Feature", "id": "SEG-877a669853", "properties": {"id": "SEG-877a669853", "name": "", "highway": "service", "scope": "secondary", "borough": "Queens", "bridge": false, "tunnel": false, "status": "geometry_verified"}, "geometry": {"type": "LineString", "coordinates": [[-73.95197, 40.7452674], [-73.9519488, 40.745327], [-73.9518741, 40.7455302]]}}, {"type": "Feature", "id": "SEG-ac8376b404", "properties": {"id": "SEG-ac8376b404", "name": "", "highway": "service", "scope": "secondary", "borough": "Queens", "bridge": false, "tunnel": false, "status": "inventoried"}, "geometry": {"type": "LineString", "coordinates": [[-73.941251, 40.7541896], [-73.9416059, 40.7538099]]}}, {"type": "Feature", "id": "SEG-b1cac7f942", "properties": {"id": "SEG-b1cac7f942", "name": "", "highway": "service", "scope": "secondary", "borough": "Brooklyn", "bridge": false, "tunnel": false, "status": "inventoried"}, "geometry": {"type": "LineString", "coordinates": [[-73.948542, 40.7306417], [-73.9483649, 40.7306417], [-73.9481828, 40.7306799], [-73.9481234, 40.7306972]]}}, {"type": "Feature", "id": "SEG-14ea0f9334", "properties": {"id": "SEG-14ea0f9334", "name": "", "highway": "service", "scope": "secondary", "borough": "Brooklyn", "bridge": false, "tunnel": false, "status": "inventoried"}, "geometry": {"type": "LineString", "coordinates": [[-73.9481234, 40.7306972], [-73.9479501, 40.7307508]]}}, {"type": "Feature", "id": "SEG-17638d2505", "properties": {"id": "SEG-17638d2505", "name": "Manhattan Avenue", "highway": "tertiary", "scope": "in_scope", "borough": "Brooklyn", "bridge": false, "tunnel": false, "status": "geometry_verified"}, "geometry": {"type": "LineString", "coordinates": [[-73.9554788, 40.7376199], [-73.9555181, 40.7378266], [-73.9555591, 40.7378918]]}}, {"type": "Feature", "id": "SEG-53ea6a6c1f", "properties": {"id": "SEG-53ea6a6c1f", "name": "", "highway": "service", "scope": "secondary", "borough": "Queens", "bridge": false, "tunnel": false, "status": "geometry_verified"}, "geometry": {"type": "LineString", "coordinates": [[-73.9446106, 40.7457364], [-73.9445343, 40.7457664], [-73.9444705, 40.7457926]]}}, {"type": "Feature", "id": "SEG-f394f3ca41", "properties": {"id": "SEG-f394f3ca41", "name": "Moultrie Street", "highway": "residential", "scope": "in_scope", "borough": "Brooklyn", "bridge": false, "tunnel": false, "status": "inventoried"}, "geometry": {"type": "LineString", "coordinates": [[-73.947427, 40.730064], [-73.9474636, 40.7301281], [-73.947831, 40.7307719], [-73.9478498, 40.7308049], [-73.9479074, 40.7309065]]}}, {"type": "Feature", "id": "SEG-bb8f9cfb76", "properties": {"id": "SEG-bb8f9cfb76", "name": "Kent Street", "highway": "residential", "scope": "in_scope", "borough": "Brooklyn", "bridge": false, "tunnel": false, "status": "inventoried"}, "geometry": {"type": "LineString", "coordinates": [[-73.9577128, 40.730592], [-73.9576133, 40.7306019], [-73.9545019, 40.7309004], [-73.9543818, 40.7309123]]}}, {"type": "Feature", "id": "SEG-ef9e246e6a", "properties": {"id": "SEG-ef9e246e6a", "name": "Calyer Street", "highway": "residential", "scope": "in_scope", "borough": "Brooklyn", "bridge": false, "tunnel": false, "status": "inventoried"}, "geometry": {"type": "LineString", "coordinates": [[-73.9572233, 40.7270439], [-73.9573304, 40.727033], [-73.9586375, 40.7269041], [-73.9586875, 40.7268991], [-73.9587654, 40.7268914]]}}, {"type": "Feature", "id": "SEG-91f71857e1", "properties": {"id": "SEG-91f71857e1", "name": "Ed Koch Queensboro Bridge Upper Level", "highway": "trunk", "scope": "in_scope", "borough": "Queens", "bridge": true, "tunnel": false, "status": "inventoried"}, "geometry": {"type": "LineString", "coordinates": [[-73.9432913, 40.7506657], [-73.9426408, 40.7513799], [-73.942613, 40.7514186], [-73.9425948, 40.7514588], [-73.9425848, 40.7514955], [-73.9425801, 40.7515256], [-73.9425803, 40.7515647], [-73.942586, 40.7516049], [-73.9425967, 40.751637], [-73.9426156, 40.7516803]]}}, {"type": "Feature", "id": "SEG-6140a7a844", "properties": {"id": "SEG-6140a7a844", "name": "Hunters Point Avenue", "highway": "unclassified", "scope": "in_scope", "borough": "Queens", "bridge": false, "tunnel": false, "status": "inventoried"}, "geometry": {"type": "LineString", "coordinates": [[-73.9385316, 40.7405854], [-73.938293, 40.7405616], [-73.9382029, 40.7405526]]}}, {"type": "Feature", "id": "SEG-34b4aad08c", "properties": {"id": "SEG-34b4aad08c", "name": "McGuinness Boulevard", "highway": "tertiary", "scope": "in_scope", "borough": "Brooklyn", "bridge": false, "tunnel": false, "status": "geometry_verified"}, "geometry": {"type": "LineString", "coordinates": [[-73.9526416, 40.7368372], [-73.9526519, 40.7369034], [-73.9527338, 40.7373856], [-73.9527426, 40.7374392], [-73.9527565, 40.7375222]]}}, {"type": "Feature", "id": "SEG-367323d3ec", "properties": {"id": "SEG-367323d3ec", "name": "Milton Street", "highway": "residential", "scope": "in_scope", "borough": "Brooklyn", "bridge": false, "tunnel": false, "status": "inventoried"}, "geometry": {"type": "LineString", "coordinates": [[-73.9574772, 40.7291692], [-73.9573784, 40.7291786], [-73.9540546, 40.7295046], [-73.9539583, 40.7295098]]}}, {"type": "Feature", "id": "SEG-d39dd4f198", "properties": {"id": "SEG-d39dd4f198", "name": "48th Avenue", "highway": "residential", "scope": "in_scope", "borough": "Queens", "bridge": false, "tunnel": false, "status": "geometry_verified"}, "geometry": {"type": "LineString", "coordinates": [[-73.9507136, 40.7435472], [-73.950897, 40.7435812], [-73.9510909, 40.7436209], [-73.9511803, 40.7436373]]}}, {"type": "Feature", "id": "SEG-7f8fa7ea4b", "properties": {"id": "SEG-7f8fa7ea4b", "name": "", "highway": "service", "scope": "secondary", "borough": "Brooklyn", "bridge": false, "tunnel": false, "status": "inventoried"}, "geometry": {"type": "LineString", "coordinates": [[-73.9483859, 40.7305118], [-73.9482673, 40.7304857], [-73.9480875, 40.7305447], [-73.9480266, 40.7306091]]}}, {"type": "Feature", "id": "SEG-0cbab64c64", "properties": {"id": "SEG-0cbab64c64", "name": "34th Street", "highway": "residential", "scope": "in_scope", "borough": "Queens", "bridge": false, "tunnel": false, "status": "inventoried"}, "geometry": {"type": "LineString", "coordinates": [[-73.9356502, 40.7368893], [-73.9355483, 40.7369025], [-73.9354415, 40.7369175], [-73.9344566, 40.7372849], [-73.9343936, 40.7373116], [-73.9342951, 40.7373444]]}}, {"type": "Feature", "id": "SEG-c55bdbc48e", "properties": {"id": "SEG-c55bdbc48e", "name": "McGuinness Boulevard", "highway": "tertiary", "scope": "in_scope", "borough": "Brooklyn", "bridge": false, "tunnel": false, "status": "geometry_verified"}, "geometry": {"type": "LineString", "coordinates": [[-73.9525296, 40.7361199], [-73.9526318, 40.7367751], [-73.9526416, 40.7368372]]}}, {"type": "Feature", "id": "SEG-f4e79874a0", "properties": {"id": "SEG-f4e79874a0", "name": "Vernon Boulevard", "highway": "secondary", "scope": "in_scope", "borough": "Queens", "bridge": false, "tunnel": false, "status": "inventoried"}, "geometry": {"type": "LineString", "coordinates": [[-73.9473115, 40.7564301], [-73.9473543, 40.756395], [-73.9475225, 40.7562568], [-73.9479064, 40.7558929], [-73.9480076, 40.7557898], [-73.9481692, 40.7556024], [-73.9486512, 40.75505]]}}, {"type": "Feature", "id": "SEG-8881750c5a", "properties": {"id": "SEG-8881750c5a", "name": "", "highway": "service", "scope": "secondary", "borough": "Queens", "bridge": false, "tunnel": false, "status": "inventoried"}, "geometry": {"type": "LineString", "coordinates": [[-73.9398363, 40.736576], [-73.9397002, 40.7363644], [-73.939884, 40.7363]]}}, {"type": "Feature", "id": "SEG-53d565b1de", "properties": {"id": "SEG-53d565b1de", "name": "", "highway": "service", "scope": "secondary", "borough": "Queens", "bridge": false, "tunnel": false, "status": "inventoried"}, "geometry": {"type": "LineString", "coordinates": [[-73.939884, 40.7363], [-73.9400724, 40.7362353]]}}, {"type": "Feature", "id": "SEG-714428a3c7", "properties": {"id": "SEG-714428a3c7", "name": "", "highway": "service", "scope": "secondary", "borough": "Queens", "bridge": false, "tunnel": false, "status": "inventoried"}, "geometry": {"type": "LineString", "coordinates": [[-73.9400724, 40.7362353], [-73.9401153, 40.7362363], [-73.9402018, 40.7362506], [-73.9403044, 40.736279], [-73.9403506, 40.7363004], [-73.9403936, 40.7363684]]}}, {"type": "Feature", "id": "SEG-aea33f267e", "properties": {"id": "SEG-aea33f267e", "name": "Commercial Street", "highway": "tertiary", "scope": "in_scope", "borough": "Brooklyn", "bridge": false, "tunnel": false, "status": "inventoried"}, "geometry": {"type": "LineString", "coordinates": [[-73.9585196, 40.7362836], [-73.9583151, 40.7363963]]}}, {"type": "Feature", "id": "SEG-1a9e3fc54a", "properties": {"id": "SEG-1a9e3fc54a", "name": "Russell Street", "highway": "residential", "scope": "in_scope", "borough": "Brooklyn", "bridge": false, "tunnel": false, "status": "inventoried"}, "geometry": {"type": "LineString", "coordinates": [[-73.944808, 40.7274931], [-73.9448182, 40.7275497], [-73.9451061, 40.7292896], [-73.945116, 40.729349]]}}, {"type": "Feature", "id": "SEG-c65efd4dd5", "properties": {"id": "SEG-c65efd4dd5", "name": "51st Avenue", "highway": "unclassified", "scope": "in_scope", "borough": "Queens", "bridge": false, "tunnel": false, "status": "geometry_verified"}, "geometry": {"type": "LineString", "coordinates": [[-73.9427603, 40.7397953], [-73.942841, 40.7398109], [-73.942911, 40.7398244], [-73.9449738, 40.7402222], [-73.9450691, 40.740241]]}}, {"type": "Feature", "id": "SEG-b68a784ba5", "properties": {"id": "SEG-b68a784ba5", "name": "", "highway": "trunk_link", "scope": "in_scope", "borough": "Queens", "bridge": false, "tunnel": false, "status": "inventoried"}, "geometry": {"type": "LineString", "coordinates": [[-73.9397665, 40.7502746], [-73.939698, 40.7502391], [-73.9396889, 40.7502344], [-73.9395207, 40.7501471], [-73.9393838, 40.7500707], [-73.9392403, 40.7499916], [-73.9391833, 40.7499622], [-73.9391245, 40.749932], [-73.9390795, 40.749909], [-73.9389681, 40.7498527], [-73.9388976, 40.7497953]]}}, {"type": "Feature", "id": "SEG-259b962560", "properties": {"id": "SEG-259b962560", "name": "Skillman Avenue", "highway": "residential", "scope": "in_scope", "borough": "Queens", "bridge": false, "tunnel": false, "status": "inventoried"}, "geometry": {"type": "LineString", "coordinates": [[-73.9332677, 40.7462774], [-73.9337049, 40.746185]]}}, {"type": "Feature", "id": "SEG-481b5dcef4", "properties": {"id": "SEG-481b5dcef4", "name": "Skillman Avenue", "highway": "residential", "scope": "in_scope", "borough": "Queens", "bridge": false, "tunnel": false, "status": "inventoried"}, "geometry": {"type": "LineString", "coordinates": [[-73.9337049, 40.746185], [-73.9341063, 40.7461001]]}}, {"type": "Feature", "id": "SEG-7692450025", "properties": {"id": "SEG-7692450025", "name": "Skillman Avenue", "highway": "residential", "scope": "in_scope", "borough": "Queens", "bridge": false, "tunnel": false, "status": "inventoried"}, "geometry": {"type": "LineString", "coordinates": [[-73.9341063, 40.7461001], [-73.9342537, 40.7460689], [-73.9344235, 40.7460292]]}}, {"type": "Feature", "id": "SEG-079041f59f", "properties": {"id": "SEG-079041f59f", "name": "Commercial Street", "highway": "tertiary", "scope": "in_scope", "borough": "Brooklyn", "bridge": false, "tunnel": false, "status": "geometry_verified"}, "geometry": {"type": "LineString", "coordinates": [[-73.9555591, 40.7378918], [-73.9556611, 40.7378296], [-73.956248, 40.7375022]]}}, {"type": "Feature", "id": "SEG-f1f9cf32cf", "properties": {"id": "SEG-f1f9cf32cf", "name": "Commercial Street", "highway": "tertiary", "scope": "in_scope", "borough": "Brooklyn", "bridge": false, "tunnel": false, "status": "geometry_verified"}, "geometry": {"type": "LineString", "coordinates": [[-73.956248, 40.7375022], [-73.956498, 40.7373691], [-73.9565189, 40.7373585], [-73.9565297, 40.737353]]}}, {"type": "Feature", "id": "SEG-6bbae0831a", "properties": {"id": "SEG-6bbae0831a", "name": "49th Avenue", "highway": "residential", "scope": "in_scope", "borough": "Queens", "bridge": false, "tunnel": false, "status": "geometry_verified"}, "geometry": {"type": "LineString", "coordinates": [[-73.9585095, 40.7443287], [-73.9583433, 40.7442965], [-73.9573817, 40.7441101], [-73.9570134, 40.7440372], [-73.9569735, 40.7440293]]}}, {"type": "Feature", "id": "SEG-344d07c7f5", "properties": {"id": "SEG-344d07c7f5", "name": "49th Avenue", "highway": "residential", "scope": "in_scope", "borough": "Queens", "bridge": false, "tunnel": false, "status": "geometry_verified"}, "geometry": {"type": "LineString", "coordinates": [[-73.9569735, 40.7440293], [-73.9563322, 40.7439023], [-73.9562941, 40.743895], [-73.9562086, 40.7438786]]}}, {"type": "Feature", "id": "SEG-0d0572bd97", "properties": {"id": "SEG-0d0572bd97", "name": "Lorimer Street", "highway": "residential", "scope": "in_scope", "borough": "Brooklyn", "bridge": false, "tunnel": false, "status": "inventoried"}, "geometry": {"type": "LineString", "coordinates": [[-73.9546204, 40.7287302], [-73.9545808, 40.7286552], [-73.954169, 40.727909], [-73.9541355, 40.7278571]]}}, {"type": "Feature", "id": "SEG-1299a43be7", "properties": {"id": "SEG-1299a43be7", "name": "47th Avenue", "highway": "residential", "scope": "in_scope", "borough": "Queens", "bridge": false, "tunnel": false, "status": "geometry_verified"}, "geometry": {"type": "LineString", "coordinates": [[-73.9486711, 40.7446222], [-73.9488522, 40.7446524], [-73.9494975, 40.744786], [-73.9500712, 40.7449005], [-73.9506198, 40.7450087], [-73.950723, 40.7450298]]}}, {"type": "Feature", "id": "SEG-7a33939cc1", "properties": {"id": "SEG-7a33939cc1", "name": "Provost Street", "highway": "tertiary", "scope": "in_scope", "borough": "Brooklyn", "bridge": false, "tunnel": false, "status": "inventoried"}, "geometry": {"type": "LineString", "coordinates": [[-73.9495793, 40.7328074], [-73.9496921, 40.733516]]}}, {"type": "Feature", "id": "SEG-7f51dbefa3", "properties": {"id": "SEG-7f51dbefa3", "name": "48th Avenue", "highway": "residential", "scope": "in_scope", "borough": "Queens", "bridge": false, "tunnel": false, "status": "geometry_verified"}, "geometry": {"type": "LineString", "coordinates": [[-73.951292, 40.7436586], [-73.9513914, 40.7436776], [-73.9521097, 40.7438187], [-73.9527705, 40.7439462], [-73.9535341, 40.7440935], [-73.9536413, 40.7441135]]}}, {"type": "Feature", "id": "SEG-3f670842da", "properties": {"id": "SEG-3f670842da", "name": "Thomson Avenue", "highway": "primary", "scope": "in_scope", "borough": "Queens", "bridge": false, "tunnel": false, "status": "inventoried"}, "geometry": {"type": "LineString", "coordinates": [[-73.9363505, 40.7450749], [-73.9362706, 40.7450657], [-73.9358613, 40.745019], [-73.9355088, 40.7449787], [-73.935413, 40.7449676]]}}, {"type": "Feature", "id": "SEG-af638c5479", "properties": {"id": "SEG-af638c5479", "name": "", "highway": "service", "scope": "secondary", "borough": "Brooklyn", "bridge": false, "tunnel": false, "status": "geometry_verified"}, "geometry": {"type": "LineString", "coordinates": [[-73.9518093, 40.7372265], [-73.9518556, 40.7371686], [-73.9518657, 40.7371564]]}}, {"type": "Feature", "id": "SEG-9bf2169051", "properties": {"id": "SEG-9bf2169051", "name": "Norman Avenue", "highway": "secondary", "scope": "in_scope", "borough": "Brooklyn", "bridge": false, "tunnel": false, "status": "inventoried"}, "geometry": {"type": "LineString", "coordinates": [[-73.939181, 40.728016], [-73.9387752, 40.7280504], [-73.93851, 40.7280769], [-73.9384, 40.7280881], [-73.9383115, 40.7280971], [-73.9382532, 40.7281028], [-73.938189, 40.7281]]}}, {"type": "Feature", "id": "SEG-fe1715c073", "properties": {"id": "SEG-fe1715c073", "name": "44th Road", "highway": "residential", "scope": "in_scope", "borough": "Queens", "bridge": false, "tunnel": false, "status": "inventoried"}, "geometry": {"type": "LineString", "coordinates": [[-73.9429252, 40.7480509], [-73.9430252, 40.7480701], [-73.9438682, 40.7482328]]}}, {"type": "Feature", "id": "SEG-9a290bf7e1", "properties": {"id": "SEG-9a290bf7e1", "name": "Long Island Expressway", "highway": "motorway", "scope": "in_scope", "borough": "Queens", "bridge": false, "tunnel": false, "status": "geometry_verified"}, "geometry": {"type": "LineString", "coordinates": [[-73.9524503, 40.7413238], [-73.9521223, 40.741313], [-73.9520216, 40.741313], [-73.9518963, 40.7413157], [-73.9516588, 40.7413368], [-73.9513854, 40.7413844], [-73.9511462, 40.7414399]]}}, {"type": "Feature", "id": "SEG-5d7f32f440", "properties": {"id": "SEG-5d7f32f440", "name": "27th Street", "highway": "residential", "scope": "in_scope", "borough": "Queens", "bridge": false, "tunnel": false, "status": "inventoried"}, "geometry": {"type": "LineString", "coordinates": [[-73.9394341, 40.7506253], [-73.9393849, 40.7506785], [-73.9385301, 40.7516061], [-73.9384286, 40.7517163], [-73.9383794, 40.75177], [-73.938333, 40.75182]]}}, {"type": "Feature", "id": "SEG-e8d95d189a", "properties": {"id": "SEG-e8d95d189a", "name": "Gale Avenue", "highway": "unclassified", "scope": "in_scope", "borough": "Queens", "bridge": false, "tunnel": false, "status": "inventoried"}, "geometry": {"type": "LineString", "coordinates": [[-73.9328443, 40.7375381], [-73.9331309, 40.7375759], [-73.9331898, 40.7375863], [-73.9332543, 40.7376003], [-73.9333123, 40.7376183], [-73.9333626, 40.7376345], [-73.9334096, 40.7376546], [-73.9334549, 40.7376796], [-73.9334839, 40.7377007], [-73.9335078, 40.7377212], [-73.933534, 40.7377511], [-73.9335602, 40.7377883]]}}, {"type": "Feature", "id": "SEG-9ff2992a4b", "properties": {"id": "SEG-9ff2992a4b", "name": "37th Street", "highway": "residential", "scope": "in_scope", "borough": "Queens", "bridge": false, "tunnel": false, "status": "inventoried"}, "geometry": {"type": "LineString", "coordinates": [[-73.93587, 40.7343471], [-73.9372564, 40.7338453], [-73.9373044, 40.7338255], [-73.9373625, 40.7337938], [-73.9374154, 40.7337615]]}}, {"type": "Feature", "id": "SEG-608513d87a", "properties": {"id": "SEG-608513d87a", "name": "42nd Road", "highway": "residential", "scope": "in_scope", "borough": "Queens", "bridge": false, "tunnel": false, "status": "inventoried"}, "geometry": {"type": "LineString", "coordinates": [[-73.9420716, 40.7502504], [-73.9426854, 40.7505766], [-73.9427449, 40.7506082], [-73.942834, 40.7506555]]}}, {"type": "Feature", "id": "SEG-f28ca79d84", "properties": {"id": "SEG-f28ca79d84", "name": "10th Street", "highway": "residential", "scope": "in_scope", "borough": "Queens", "bridge": false, "tunnel": false, "status": "inventoried"}, "geometry": {"type": "LineString", "coordinates": [[-73.9505029, 40.7502518], [-73.9504542, 40.7503084], [-73.9495097, 40.7514054], [-73.949464, 40.7514585]]}}, {"type": "Feature", "id": "SEG-097d60425c", "properties": {"id": "SEG-097d60425c", "name": "", "highway": "trunk_link", "scope": "in_scope", "borough": "Queens", "bridge": true, "tunnel": false, "status": "inventoried"}, "geometry": {"type": "LineString", "coordinates": [[-73.9454801, 40.7520528], [-73.9456226, 40.7519085], [-73.9456517, 40.7518754], [-73.9456784, 40.7518351], [-73.9456973, 40.7517972], [-73.9457104, 40.751756], [-73.94572, 40.7517048], [-73.945726, 40.7516508], [-73.9457254, 40.7515915], [-73.9457162, 40.7515391], [-73.9457031, 40.7514876], [-73.9456829, 40.7514355], [-73.945655, 40.7513841], [-73.9456157, 40.7513345], [-73.9455718, 40.7512887], [-73.9455279, 40.7512511], [-73.9454797, 40.7512158], [-73.9454209, 40.7511827], [-73.9453339, 40.7511389]]}}, {"type": "Feature", "id": "SEG-477c1897a8", "properties": {"id": "SEG-477c1897a8", "name": "43rd Avenue", "highway": "primary", "scope": "in_scope", "borough": "Queens", "bridge": false, "tunnel": false, "status": "inventoried"}, "geometry": {"type": "LineString", "coordinates": [[-73.9412696, 40.7476037], [-73.9412109, 40.7475022]]}}, {"type": "Feature", "id": "SEG-aaa0a9e6c4", "properties": {"id": "SEG-aaa0a9e6c4", "name": "Java Street", "highway": "residential", "scope": "in_scope", "borough": "Brooklyn", "bridge": false, "tunnel": false, "status": "inventoried"}, "geometry": {"type": "LineString", "coordinates": [[-73.9494623, 40.7321031], [-73.9495375, 40.7320958], [-73.9517347, 40.731882], [-73.9518301, 40.7318727]]}}, {"type": "Feature", "id": "SEG-5ee2bbbf84", "properties": {"id": "SEG-5ee2bbbf84", "name": "Thomson Avenue", "highway": "primary", "scope": "in_scope", "borough": "Queens", "bridge": false, "tunnel": false, "status": "inventoried"}, "geometry": {"type": "LineString", "coordinates": [[-73.942318, 40.7462771], [-73.9419634, 40.7461985], [-73.9417221, 40.7461432]]}}, {"type": "Feature", "id": "SEG-2398b9a2e1", "properties": {"id": "SEG-2398b9a2e1", "name": "1st Avenue", "highway": "primary", "scope": "in_scope", "borough": "Manhattan", "bridge": false, "tunnel": false, "status": "inventoried"}, "geometry": {"type": "LineString", "coordinates": [[-73.9708704, 40.7475905], [-73.9708295, 40.7476445], [-73.9707644, 40.7477388], [-73.9705957, 40.7479748], [-73.9705017, 40.748147], [-73.9704093, 40.7483026], [-73.9701484, 40.7486584], [-73.9700538, 40.7487884], [-73.9700178, 40.7488354], [-73.9699706, 40.7488839]]}}, {"type": "Feature", "id": "SEG-406f5a24a7", "properties": {"id": "SEG-406f5a24a7", "name": "Norman Avenue", "highway": "residential", "scope": "in_scope", "borough": "Brooklyn", "bridge": false, "tunnel": false, "status": "inventoried"}, "geometry": {"type": "LineString", "coordinates": [[-73.952597, 40.725152], [-73.9525244, 40.725176], [-73.9518224, 40.7254075], [-73.951736, 40.725436]]}}, {"type": "Feature", "id": "SEG-c4cd4c0911", "properties": {"id": "SEG-c4cd4c0911", "name": "Meserole Avenue", "highway": "residential", "scope": "in_scope", "borough": "Brooklyn", "bridge": false, "tunnel": false, "status": "inventoried"}, "geometry": {"type": "LineString", "coordinates": [[-73.9535492, 40.7268212], [-73.9536266, 40.7267956], [-73.9543325, 40.7265622], [-73.9543948, 40.7265416]]}}, {"type": "Feature", "id": "SEG-ef500d3b74", "properties": {"id": "SEG-ef500d3b74", "name": "Ed Koch Queensboro Bridge Upper Level", "highway": "trunk", "scope": "in_scope", "borough": "Queens", "bridge": true, "tunnel": false, "status": "inventoried"}, "geometry": {"type": "LineString", "coordinates": [[-73.9426156, 40.7516803], [-73.9426369, 40.7517107], [-73.9426644, 40.7517394], [-73.9427071, 40.7517701], [-73.9427542, 40.7517983], [-73.9428038, 40.7518234], [-73.9443114, 40.7524813], [-73.9450399, 40.752808], [-73.9453403, 40.7529271]]}}, {"type": "Feature", "id": "SEG-a639545044", "properties": {"id": "SEG-a639545044", "name": "47th Road", "highway": "residential", "scope": "in_scope", "borough": "Queens", "bridge": false, "tunnel": false, "status": "geometry_verified"}, "geometry": {"type": "LineString", "coordinates": [[-73.9534089, 40.7448067], [-73.9533013, 40.7447858], [-73.9516015, 40.7444596], [-73.9511575, 40.7443744], [-73.9510504, 40.7443555]]}}, {"type": "Feature", "id": "SEG-b04ebfbf88", "properties": {"id": "SEG-b04ebfbf88", "name": "28th Street", "highway": "residential", "scope": "in_scope", "borough": "Queens", "bridge": false, "tunnel": false, "status": "inventoried"}, "geometry": {"type": "LineString", "coordinates": [[-73.933345, 40.756239], [-73.9333927, 40.75618], [-73.9337629, 40.7557223], [-73.9342534, 40.7551159], [-73.9342823, 40.7550804], [-73.934335, 40.755015]]}}, {"type": "Feature", "id": "SEG-1d587d1850", "properties": {"id": "SEG-1d587d1850", "name": "West Street", "highway": "residential", "scope": "in_scope", "borough": "Brooklyn", "bridge": false, "tunnel": false, "status": "inventoried"}, "geometry": {"type": "LineString", "coordinates": [[-73.9586456, 40.72619], [-73.9586563, 40.726247], [-73.9587558, 40.7268345], [-73.9587654, 40.7268914]]}}, {"type": "Feature", "id": "SEG-247ace3c11", "properties": {"id": "SEG-247ace3c11", "name": "Borden Avenue", "highway": "secondary", "scope": "in_scope", "borough": "Queens", "bridge": false, "tunnel": false, "status": "inventoried"}, "geometry": {"type": "LineString", "coordinates": [[-73.9398575, 40.7388316], [-73.9399264, 40.7387367]]}}, {"type": "Feature", "id": "SEG-b9588c923b", "properties": {"id": "SEG-b9588c923b", "name": "Norman Avenue", "highway": "residential", "scope": "in_scope", "borough": "Brooklyn", "bridge": false, "tunnel": false, "status": "inventoried"}, "geometry": {"type": "LineString", "coordinates": [[-73.947544, 40.726822], [-73.9474863, 40.7268398], [-73.9467877, 40.7270701], [-73.946715, 40.727094]]}}, {"type": "Feature", "id": "SEG-c974040e84", "properties": {"id": "SEG-c974040e84", "name": "22nd Street", "highway": "residential", "scope": "in_scope", "borough": "Queens", "bridge": false, "tunnel": false, "status": "inventoried"}, "geometry": {"type": "LineString", "coordinates": [[-73.941406, 40.753459], [-73.941455, 40.7534064], [-73.942297, 40.7524967], [-73.9426266, 40.7521407], [-73.9426631, 40.7521023], [-73.9427036, 40.7520575]]}}, {"type": "Feature", "id": "SEG-cda6465db1", "properties": {"id": "SEG-cda6465db1", "name": "Greenpoint Avenue", "highway": "secondary", "scope": "in_scope", "borough": "Brooklyn", "bridge": false, "tunnel": false, "status": "inventoried"}, "geometry": {"type": "LineString", "coordinates": [[-73.9534637, 40.7302799], [-73.9535047, 40.730276], [-73.9541496, 40.7302146], [-73.9542532, 40.7302057]]}}, {"type": "Feature", "id": "SEG-8fbd76b2f2", "properties": {"id": "SEG-8fbd76b2f2", "name": "41st Avenue", "highway": "tertiary", "scope": "in_scope", "borough": "Queens", "bridge": false, "tunnel": false, "status": "inventoried"}, "geometry": {"type": "LineString", "coordinates": [[-73.9361305, 40.749714], [-73.9363321, 40.7497538], [-73.9366491, 40.7499055], [-73.9367394, 40.7499494]]}}, {"type": "Feature", "id": "SEG-ddf9da175f", "properties": {"id": "SEG-ddf9da175f", "name": "1st Avenue", "highway": "primary", "scope": "in_scope", "borough": "Manhattan", "bridge": false, "tunnel": false, "status": "inventoried"}, "geometry": {"type": "LineString", "coordinates": [[-73.9697356, 40.7487771], [-73.9696739, 40.7488977], [-73.9696235, 40.7489959], [-73.9695289, 40.7491772], [-73.9694951, 40.7492312], [-73.9694625, 40.7492787], [-73.969435, 40.7493235], [-73.9693844, 40.7494064]]}}, {"type": "Feature", "id": "SEG-ed72020aa1", "properties": {"id": "SEG-ed72020aa1", "name": "Review Avenue", "highway": "secondary", "scope": "in_scope", "borough": "Queens", "bridge": false, "tunnel": false, "status": "inventoried"}, "geometry": {"type": "LineString", "coordinates": [[-73.940606, 40.738175], [-73.9406386, 40.7382263], [-73.940712, 40.7383419], [-73.9408299, 40.7385295], [-73.9408375, 40.7385484], [-73.9408413, 40.7385742], [-73.940838, 40.7386006], [-73.9408307, 40.7386219], [-73.9408062, 40.738676]]}}, {"type": "Feature", "id": "SEG-a36a4adefd", "properties": {"id": "SEG-a36a4adefd", "name": "Davis Court", "highway": "unclassified", "scope": "in_scope", "borough": "Queens", "bridge": false, "tunnel": false, "status": "inventoried"}, "geometry": {"type": "LineString", "coordinates": [[-73.9427639, 40.7430613], [-73.9432439, 40.7428715], [-73.9433024, 40.7428467], [-73.9433439, 40.7428243], [-73.9433761, 40.7428038], [-73.9434032, 40.7427831], [-73.9434257, 40.7427597], [-73.943449, 40.7427302], [-73.9434627, 40.7427047], [-73.9434706, 40.7426764], [-73.9434728, 40.74265], [-73.943471, 40.7426235], [-73.943466, 40.7425945], [-73.9434576, 40.7425654], [-73.9434447, 40.7425395], [-73.9434303, 40.7425146], [-73.9426936, 40.7414221], [-73.9426643, 40.7413783], [-73.9426546, 40.741358], [-73.9426477, 40.7413456], [-73.9426412, 40.7413192], [-73.9426394, 40.7412976], [-73.9426403, 40.7412797], [-73.9426441, 40.7412542]]}}, {"type": "Feature", "id": "SEG-ce022c529d", "properties": {"id": "SEG-ce022c529d", "name": "", "highway": "motorway_link", "scope": "in_scope", "borough": "Manhattan", "bridge": false, "tunnel": false, "status": "inventoried"}, "geometry": {"type": "LineString", "coordinates": [[-73.9683571, 40.7478125], [-73.9685395, 40.7476947], [-73.9685954, 40.747644], [-73.9686616, 40.7475684], [-73.9688703, 40.7473227], [-73.9690516, 40.7471066], [-73.9691392, 40.7470291], [-73.9692725, 40.74693]]}}, {"type": "Feature", "id": "SEG-5bafc7a5f3", "properties": {"id": "SEG-5bafc7a5f3", "name": "Ed Koch Queensboro Bridge Upper Level", "highway": "trunk", "scope": "in_scope", "borough": "Queens", "bridge": true, "tunnel": false, "status": "inventoried"}, "geometry": {"type": "LineString", "coordinates": [[-73.9392655, 40.7456005], [-73.9393437, 40.7457082], [-73.9394831, 40.7459296], [-73.9397876, 40.7464234], [-73.940541, 40.7476356], [-73.9414148, 40.7490392], [-73.9414626, 40.7491098], [-73.9415149, 40.7491765], [-73.941569, 40.7492418], [-73.9416282, 40.7493085], [-73.9417068, 40.7493881], [-73.9417806, 40.7494572], [-73.9418641, 40.7495342], [-73.9419401, 40.7495992], [-73.9420383, 40.7496718], [-73.9421291, 40.7497372], [-73.9422318, 40.7498045], [-73.9423335, 40.7498646], [-73.9424516, 40.7499302], [-73.9432047, 40.7503342], [-73.9432443, 40.7503567], [-73.9432739, 40.7503765], [-73.9433013, 40.7504023], [-73.9433257, 40.7504354], [-73.943343, 40.7504648], [-73.9433581, 40.7505022], [-73.9433629, 40.7505309], [-73.9433604, 40.7505622], [-73.9433468, 40.7505957], [-73.943328, 40.7506243], [-73.9432913, 40.7506657]]}}, {"type": "Feature", "id": "SEG-94dafebb0e", "properties": {"id": "SEG-94dafebb0e", "name": "", "highway": "trunk_link", "scope": "in_scope", "borough": "Queens", "bridge": false, "tunnel": false, "status": "inventoried"}, "geometry": {"type": "LineString", "coordinates": [[-73.9386164, 40.7496699], [-73.9384371, 40.7496151], [-73.9380665, 40.7495011]]}}, {"type": "Feature", "id": "SEG-bc11020ba0", "properties": {"id": "SEG-bc11020ba0", "name": "44th Avenue", "highway": "residential", "scope": "in_scope", "borough": "Queens", "bridge": false, "tunnel": false, "status": "inventoried"}, "geometry": {"type": "LineString", "coordinates": [[-73.9522616, 40.7505913], [-73.9521555, 40.7505724], [-73.9520602, 40.7505545], [-73.9518757, 40.7505164], [-73.9514708, 40.7504378]]}}, {"type": "Feature", "id": "SEG-163d8251b5", "properties": {"id": "SEG-163d8251b5", "name": "1st Avenue", "highway": "primary", "scope": "in_scope", "borough": "Manhattan", "bridge": false, "tunnel": false, "status": "inventoried"}, "geometry": {"type": "LineString", "coordinates": [[-73.9665625, 40.7532346], [-73.9665232, 40.7532912], [-73.9665034, 40.7533202]]}}, {"type": "Feature", "id": "SEG-128c2a4f58", "properties": {"id": "SEG-128c2a4f58", "name": "", "highway": "service", "scope": "secondary", "borough": "Queens", "bridge": false, "tunnel": false, "status": "inventoried"}, "geometry": {"type": "LineString", "coordinates": [[-73.9339939, 40.7459982], [-73.9340484, 40.7460476], [-73.9341063, 40.7461001]]}}, {"type": "Feature", "id": "SEG-14372c7b10", "properties": {"id": "SEG-14372c7b10", "name": "Jackson Avenue", "highway": "primary", "scope": "in_scope", "borough": "Queens", "bridge": false, "tunnel": false, "status": "inventoried"}, "geometry": {"type": "LineString", "coordinates": [[-73.9412109, 40.7475022], [-73.9410834, 40.7475476], [-73.940584, 40.7477306]]}}, {"type": "Feature", "id": "SEG-638a0ef211", "properties": {"id": "SEG-638a0ef211", "name": "42nd Road", "highway": "residential", "scope": "in_scope", "borough": "Queens", "bridge": false, "tunnel": false, "status": "inventoried"}, "geometry": {"type": "LineString", "coordinates": [[-73.9412869, 40.7498313], [-73.9413732, 40.7498766], [-73.9420716, 40.7502504]]}}, {"type": "Feature", "id": "SEG-24c6dae3fa", "properties": {"id": "SEG-24c6dae3fa", "name": "Crescent Street", "highway": "tertiary", "scope": "in_scope", "borough": "Queens", "bridge": false, "tunnel": false, "status": "inventoried"}, "geometry": {"type": "LineString", "coordinates": [[-73.9358181, 40.7558105], [-73.9358823, 40.7557474], [-73.9367449, 40.7548108], [-73.936789, 40.7547625]]}}, {"type": "Feature", "id": "SEG-12a74ad6f1", "properties": {"id": "SEG-12a74ad6f1", "name": "", "highway": "service", "scope": "secondary", "borough": "Queens", "bridge": false, "tunnel": false, "status": "inventoried"}, "geometry": {"type": "LineString", "coordinates": [[-73.9337568, 40.7437022], [-73.9336225, 40.7436868], [-73.932927, 40.7436067], [-73.9328485, 40.7435977]]}}, {"type": "Feature", "id": "SEG-3dbfec4645", "properties": {"id": "SEG-3dbfec4645", "name": "Kingsland Avenue", "highway": "unclassified", "scope": "in_scope", "borough": "Brooklyn", "bridge": false, "tunnel": false, "status": "geometry_verified"}, "geometry": {"type": "LineString", "coordinates": [[-73.9450892, 40.7348437], [-73.945148, 40.7349029], [-73.9452174, 40.735179]]}}, {"type": "Feature", "id": "SEG-837e657149", "properties": {"id": "SEG-837e657149", "name": "48th Avenue", "highway": "residential", "scope": "in_scope", "borough": "Queens", "bridge": false, "tunnel": false, "status": "geometry_verified"}, "geometry": {"type": "LineString", "coordinates": [[-73.9559769, 40.7445659], [-73.9560617, 40.7445823], [-73.9567401, 40.7447143]]}}, {"type": "Feature", "id": "SEG-d590fd5d82", "properties": {"id": "SEG-d590fd5d82", "name": "48th Avenue", "highway": "residential", "scope": "in_scope", "borough": "Queens", "bridge": false, "tunnel": false, "status": "geometry_verified"}, "geometry": {"type": "LineString", "coordinates": [[-73.9567401, 40.7447143], [-73.9575763, 40.744877], [-73.9576126, 40.7448801], [-73.9576409, 40.7448838], [-73.9578086, 40.7449222]]}}, {"type": "Feature", "id": "SEG-cd3e5be128", "properties": {"id": "SEG-cd3e5be128", "name": "", "highway": "trunk_link", "scope": "in_scope", "borough": "Queens", "bridge": true, "tunnel": false, "status": "inventoried"}, "geometry": {"type": "LineString", "coordinates": [[-73.9400436, 40.7460238], [-73.9400869, 40.7459662], [-73.9401122, 40.7459408], [-73.9401457, 40.7459138], [-73.9401775, 40.7458952], [-73.9403233, 40.745835]]}}, {"type": "Feature", "id": "SEG-bc6b36d6b2", "properties": {"id": "SEG-bc6b36d6b2", "name": "", "highway": "motorway_link", "scope": "in_scope", "borough": "Queens", "bridge": false, "tunnel": false, "status": "geometry_verified"}, "geometry": {"type": "LineString", "coordinates": [[-73.951508, 40.7416871], [-73.9518419, 40.7415718], [-73.952115, 40.7415527], [-73.9523059, 40.7415589], [-73.9525202, 40.7415787], [-73.952825, 40.7415906], [-73.9531151, 40.7415362]]}}, {"type": "Feature", "id": "SEG-941848b609", "properties": {"id": "SEG-941848b609", "name": "Jackson Avenue", "highway": "primary", "scope": "in_scope", "borough": "Queens", "bridge": false, "tunnel": false, "status": "inventoried"}, "geometry": {"type": "LineString", "coordinates": [[-73.9376434, 40.748832], [-73.9375496, 40.748868], [-73.9373948, 40.7489275]]}}, {"type": "Feature", "id": "SEG-dd6880ae7c", "properties": {"id": "SEG-dd6880ae7c", "name": "11th Street", "highway": "secondary", "scope": "in_scope", "borough": "Queens", "bridge": false, "tunnel": false, "status": "geometry_verified"}, "geometry": {"type": "LineString", "coordinates": [[-73.9502674, 40.746413], [-73.950247, 40.746475], [-73.9500615, 40.7470381], [-73.9500382, 40.7471086]]}}, {"type": "Feature", "id": "SEG-8f2b1858df", "properties": {"id": "SEG-8f2b1858df", "name": "Green Street", "highway": "residential", "scope": "in_scope", "borough": "Brooklyn", "bridge": false, "tunnel": false, "status": "geometry_verified"}, "geometry": {"type": "LineString", "coordinates": [[-73.9521783, 40.7339983], [-73.9520849, 40.7340076], [-73.9506981, 40.7341397], [-73.9499425, 40.7342109], [-73.9498955, 40.7342153], [-73.9498117, 40.7342235]]}}, {"type": "Feature", "id": "SEG-e9cf244086", "properties": {"id": "SEG-e9cf244086", "name": "11th Street", "highway": "secondary", "scope": "in_scope", "borough": "Queens", "bridge": false, "tunnel": false, "status": "geometry_verified"}, "geometry": {"type": "LineString", "coordinates": [[-73.9498113, 40.7477976], [-73.9497906, 40.7478568], [-73.9496972, 40.7481354], [-73.949635, 40.7483207], [-73.9495977, 40.7484328], [-73.9496291, 40.7485546]]}}, {"type": "Feature", "id": "SEG-e83ba6d224", "properties": {"id": "SEG-e83ba6d224", "name": "", "highway": "service", "scope": "secondary", "borough": "Brooklyn", "bridge": false, "tunnel": false, "status": "inventoried"}, "geometry": {"type": "LineString", "coordinates": [[-73.9443846, 40.7306806], [-73.9443088, 40.7306869], [-73.9442909, 40.7306885], [-73.9441564, 40.7307007], [-73.9439065, 40.7307234], [-73.9435807, 40.730753], [-73.9435439, 40.7307564], [-73.9434574, 40.7307659]]}}, {"type": "Feature", "id": "SEG-df3108a2db", "properties": {"id": "SEG-df3108a2db", "name": "", "highway": "service", "scope": "secondary", "borough": "Brooklyn", "bridge": false, "tunnel": false, "status": "inventoried"}, "geometry": {"type": "LineString", "coordinates": [[-73.9434574, 40.7307659], [-73.94337, 40.7307901], [-73.9433469, 40.7307923], [-73.9432195, 40.7308048]]}}, {"type": "Feature", "id": "SEG-29c3f64816", "properties": {"id": "SEG-29c3f64816", "name": "Dupont Street", "highway": "residential", "scope": "in_scope", "borough": "Brooklyn", "bridge": false, "tunnel": false, "status": "inventoried"}, "geometry": {"type": "LineString", "coordinates": [[-73.9598804, 40.7355469], [-73.9598465, 40.7355083], [-73.9598299, 40.7354917], [-73.9598071, 40.7354741], [-73.9597956, 40.7354679], [-73.9597833, 40.7354613], [-73.9597585, 40.735453], [-73.9597283, 40.73545], [-73.9597014, 40.7354495], [-73.9596576, 40.7354529], [-73.9586292, 40.7355494], [-73.9585271, 40.7355605]]}}, {"type": "Feature", "id": "SEG-0b72bd61c5", "properties": {"id": "SEG-0b72bd61c5", "name": "Diamond Street", "highway": "residential", "scope": "in_scope", "borough": "Brooklyn", "bridge": false, "tunnel": false, "status": "inventoried"}, "geometry": {"type": "LineString", "coordinates": [[-73.946593, 40.7251597], [-73.9465611, 40.7251032], [-73.9454168, 40.7230694], [-73.9453927, 40.7230266], [-73.9453607, 40.7229758]]}}, {"type": "Feature", "id": "SEG-8dc78d91d0", "properties": {"id": "SEG-8dc78d91d0", "name": "Jewel Street", "highway": "residential", "scope": "in_scope", "borough": "Brooklyn", "bridge": false, "tunnel": false, "status": "inventoried"}, "geometry": {"type": "LineString", "coordinates": [[-73.9457675, 40.7254246], [-73.9458104, 40.7255001], [-73.9466551, 40.7269883], [-73.9466812, 40.7270342], [-73.946715, 40.727094]]}}, {"type": "Feature", "id": "SEG-ddc3e70285", "properties": {"id": "SEG-ddc3e70285", "name": "", "highway": "motorway_link", "scope": "in_scope", "borough": "Queens", "bridge": false, "tunnel": false, "status": "geometry_verified"}, "geometry": {"type": "LineString", "coordinates": [[-73.9524503, 40.7413238], [-73.9521098, 40.7412772], [-73.952034, 40.7412734], [-73.9519513, 40.7412709], [-73.9518433, 40.741271], [-73.9516871, 40.7412758], [-73.9514507, 40.7412868]]}}, {"type": "Feature", "id": "SEG-a5f3b2922e", "properties": {"id": "SEG-a5f3b2922e", "name": "", "highway": "secondary", "scope": "in_scope", "borough": "Queens", "bridge": false, "tunnel": false, "status": "inventoried"}, "geometry": {"type": "LineString", "coordinates": [[-73.9399264, 40.7387367], [-73.9399303, 40.7385949], [-73.9399267, 40.738572], [-73.9399148, 40.738553], [-73.9399004, 40.7385379], [-73.9398793, 40.7385247], [-73.939664, 40.7384245]]}}, {"type": "Feature", "id": "SEG-36ff4a1a57", "properties": {"id": "SEG-36ff4a1a57", "name": "43rd Avenue", "highway": "secondary", "scope": "in_scope", "borough": "Queens", "bridge": false, "tunnel": false, "status": "inventoried"}, "geometry": {"type": "LineString", "coordinates": [[-73.948053, 40.751842], [-73.9479688, 40.7517993], [-73.9477048, 40.7516657], [-73.9476323, 40.7516297]]}}, {"type": "Feature", "id": "SEG-c0dc403c10", "properties": {"id": "SEG-c0dc403c10", "name": "43rd Avenue", "highway": "secondary", "scope": "in_scope", "borough": "Queens", "bridge": false, "tunnel": false, "status": "inventoried"}, "geometry": {"type": "LineString", "coordinates": [[-73.9476323, 40.7516297], [-73.9472424, 40.751436]]}}, {"type": "Feature", "id": "SEG-9a3f5b319f", "properties": {"id": "SEG-9a3f5b319f", "name": "1st Avenue", "highway": "primary", "scope": "in_scope", "borough": "Manhattan", "bridge": false, "tunnel": false, "status": "inventoried"}, "geometry": {"type": "LineString", "coordinates": [[-73.9679588, 40.7513685], [-73.9679, 40.7514253], [-73.9678864, 40.7514395], [-73.9678113, 40.751541], [-73.967748, 40.7516067], [-73.9676822, 40.751668], [-73.9676257, 40.7517161], [-73.9674542, 40.7518449]]}}, {"type": "Feature", "id": "SEG-1b83bc93ca", "properties": {"id": "SEG-1b83bc93ca", "name": "Brooklyn-Queens Expressway", "highway": "motorway_link", "scope": "in_scope", "borough": "Brooklyn", "bridge": true, "tunnel": false, "status": "inventoried"}, "geometry": {"type": "LineString", "coordinates": [[-73.9347486, 40.7246044], [-73.9343634, 40.7246883]]}}, {"type": "Feature", "id": "SEG-a8eb59a06c", "properties": {"id": "SEG-a8eb59a06c", "name": "9th Street", "highway": "residential", "scope": "in_scope", "borough": "Queens", "bridge": false, "tunnel": false, "status": "inventoried"}, "geometry": {"type": "LineString", "coordinates": [[-73.9501716, 40.7519416], [-73.9502091, 40.751896], [-73.9508473, 40.7511593], [-73.9508553, 40.7511501], [-73.95138, 40.7505428], [-73.9514277, 40.7504932], [-73.9514708, 40.7504378]]}}, {"type": "Feature", "id": "SEG-a41f45bc1b", "properties": {"id": "SEG-a41f45bc1b", "name": "50th Avenue", "highway": "tertiary", "scope": "in_scope", "borough": "Queens", "bridge": false, "tunnel": false, "status": "geometry_verified"}, "geometry": {"type": "LineString", "coordinates": [[-73.9507008, 40.742066], [-73.9508408, 40.7420937]]}}, {"type": "Feature", "id": "SEG-7b412b0010", "properties": {"id": "SEG-7b412b0010", "name": "11th Street", "highway": "secondary", "scope": "in_scope", "borough": "Queens", "bridge": false, "tunnel": false, "status": "inventoried"}, "geometry": {"type": "LineString", "coordinates": [[-73.9467482, 40.7531892], [-73.9466737, 40.7532651]]}}, {"type": "Feature", "id": "SEG-82209a9c6b", "properties": {"id": "SEG-82209a9c6b", "name": "", "highway": "service", "scope": "secondary", "borough": "Queens", "bridge": false, "tunnel": false, "status": "inventoried"}, "geometry": {"type": "LineString", "coordinates": [[-73.9343998, 40.7390862], [-73.9343258, 40.7391131], [-73.934256, 40.7391385], [-73.9341286, 40.7391873], [-73.9340065, 40.7392543], [-73.9339583, 40.739293], [-73.9339436, 40.7393092], [-73.9338847, 40.739374]]}}, {"type": "Feature", "id": "SEG-b424d8a5f7", "properties": {"id": "SEG-b424d8a5f7", "name": "Vernon Boulevard", "highway": "secondary", "scope": "in_scope", "borough": "Queens", "bridge": false, "tunnel": false, "status": "geometry_verified"}, "geometry": {"type": "LineString", "coordinates": [[-73.9542138, 40.741662], [-73.9541843, 40.7417648], [-73.9541332, 40.7419428], [-73.9541215, 40.7419836]]}}, {"type": "Feature", "id": "SEG-0f2e37c2d2", "properties": {"id": "SEG-0f2e37c2d2", "name": "Eckford Street", "highway": "residential", "scope": "in_scope", "borough": "Brooklyn", "bridge": false, "tunnel": false, "status": "inventoried"}, "geometry": {"type": "LineString", "coordinates": [[-73.950978, 40.727664], [-73.9510154, 40.7277323], [-73.9515172, 40.7286045], [-73.9515408, 40.7286443], [-73.9515716, 40.7286975]]}}, {"type": "Feature", "id": "SEG-b0184ea340", "properties": {"id": "SEG-b0184ea340", "name": "Boundary Avenue", "highway": "service", "scope": "secondary", "borough": "Queens", "bridge": false, "tunnel": false, "status": "inventoried"}, "geometry": {"type": "LineString", "coordinates": [[-73.934486, 40.7354477], [-73.9344818, 40.7354672], [-73.9344727, 40.7354867], [-73.9344531, 40.7355114], [-73.9344351, 40.7355292], [-73.9344097, 40.7355447], [-73.9343837, 40.7355569], [-73.9331871, 40.735995], [-73.9326374, 40.7361714], [-73.932522, 40.7362129], [-73.9324634, 40.736237], [-73.9323928, 40.7362685], [-73.9315815, 40.7366608], [-73.9315518, 40.7366726], [-73.9315214, 40.736681], [-73.9314947, 40.7366862], [-73.9314701, 40.7366866], [-73.9314449, 40.736685], [-73.9314102, 40.7366797], [-73.9306322, 40.736528], [-73.9296558, 40.7363396], [-73.9285857, 40.736134], [-73.9277467, 40.735969], [-73.9271271, 40.7358467], [-73.9269915, 40.7358196], [-73.9268583, 40.7357901], [-73.9259327, 40.7355652], [-73.925887, 40.7355531], [-73.9258336, 40.735535], [-73.9250061, 40.7351941], [-73.9244284, 40.7349543], [-73.9243966, 40.7349379], [-73.9243702, 40.7349198], [-73.9243469, 40.7348984], [-73.9243282, 40.7348722], [-73.924317, 40.7348444], [-73.9243064, 40.7348167], [-73.9242986, 40.7347882], [-73.9242947, 40.734763], [-73.9242969, 40.7347351], [-73.924301, 40.7347113], [-73.9243084, 40.7346862], [-73.9243198, 40.7346603], [-73.9243375, 40.7346344], [-73.924371, 40.7345898], [-73.9244005, 40.7345558], [-73.924434, 40.7345215], [-73.9244664, 40.7344908], [-73.924516, 40.7344485], [-73.9255012, 40.7336717], [-73.9255955, 40.7335918], [-73.9267914, 40.7326494], [-73.9270662, 40.7324329], [-73.927387, 40.7321836], [-73.9280147, 40.7316851], [-73.9280681, 40.7316327], [-73.9281117, 40.7315879], [-73.928142, 40.7315513], [-73.9281888, 40.7314959], [-73.928233, 40.7314488], [-73.9282859, 40.7314061], [-73.9286708, 40.7310988], [-73.9293702, 40.7305441], [-73.930327, 40.7297775], [-73.9307692, 40.7294454], [-73.9307876, 40.7294341], [-73.9308036, 40.7294281], [-73.9308236, 40.7294249], [-73.9308416, 40.729426], [-73.930865, 40.7294314], [-73.9308846, 40.7294432], [-73.9309016, 40.7294591], [-73.9309162, 40.7294751], [-73.9310123, 40.7295981], [-73.9310576, 40.72965], [-73.9310987, 40.7296925], [-73.9311457, 40.7297338], [-73.9312061, 40.7297792], [-73.9312906, 40.7298355], [-73.9313683, 40.7298817], [-73.9314844, 40.7299499], [-73.9321259, 40.7303141], [-73.9321792, 40.7303396], [-73.9322387, 40.7303652]]}}, {"type": "Feature", "id": "SEG-871939abdb", "properties": {"id": "SEG-871939abdb", "name": "27th Street", "highway": "unclassified", "scope": "in_scope", "borough": "Queens", "bridge": false, "tunnel": false, "status": "inventoried"}, "geometry": {"type": "LineString", "coordinates": [[-73.9403225, 40.7444157], [-73.9403278, 40.7443341], [-73.9403312, 40.7443097], [-73.9404423, 40.7437225], [-73.9404587, 40.7436324]]}}, {"type": "Feature", "id": "SEG-73c364387e", "properties": {"id": "SEG-73c364387e", "name": "Eagle Street", "highway": "residential", "scope": "in_scope", "borough": "Brooklyn", "bridge": false, "tunnel": false, "status": "inventoried"}, "geometry": {"type": "LineString", "coordinates": [[-73.9611415, 40.7345901], [-73.9610662, 40.7345969], [-73.9601299, 40.7346817], [-73.9600471, 40.7346892]]}}, {"type": "Feature", "id": "SEG-ec5fb6b1d2", "properties": {"id": "SEG-ec5fb6b1d2", "name": "Hunters Point Avenue", "highway": "unclassified", "scope": "in_scope", "borough": "Queens", "bridge": false, "tunnel": false, "status": "inventoried"}, "geometry": {"type": "LineString", "coordinates": [[-73.9354496, 40.7400756], [-73.9353717, 40.7400442], [-73.9349239, 40.7398393]]}}, {"type": "Feature", "id": "SEG-92b63400d0", "properties": {"id": "SEG-92b63400d0", "name": "Franklin Street", "highway": "secondary", "scope": "in_scope", "borough": "Brooklyn", "bridge": false, "tunnel": false, "status": "inventoried"}, "geometry": {"type": "LineString", "coordinates": [[-73.9576918, 40.7242699], [-73.9576803, 40.7243884], [-73.9576364, 40.7246224], [-73.9575478, 40.7251075]]}}, {"type": "Feature", "id": "SEG-bdf7672966", "properties": {"id": "SEG-bdf7672966", "name": "Review Avenue", "highway": "unclassified", "scope": "in_scope", "borough": "Queens", "bridge": false, "tunnel": false, "status": "inventoried"}, "geometry": {"type": "LineString", "coordinates": [[-73.9405692, 40.7391261], [-73.9406606, 40.7387734], [-73.9406698, 40.7387494], [-73.9406812, 40.7387279], [-73.9406959, 40.7387045], [-73.9407243, 40.73866]]}}, {"type": "Feature", "id": "SEG-7470ad7c9c", "properties": {"id": "SEG-7470ad7c9c", "name": "", "highway": "service", "scope": "secondary", "borough": "Queens", "bridge": false, "tunnel": false, "status": "inventoried"}, "geometry": {"type": "LineString", "coordinates": [[-73.9502942, 40.7531396], [-73.950387, 40.7531904], [-73.9504083, 40.7532018], [-73.9504996, 40.7532519]]}}, {"type": "Feature", "id": "SEG-767e87d28d", "properties": {"id": "SEG-767e87d28d", "name": "Newel Street", "highway": "residential", "scope": "in_scope", "borough": "Brooklyn", "bridge": false, "tunnel": false, "status": "inventoried"}, "geometry": {"type": "LineString", "coordinates": [[-73.949321, 40.728213], [-73.9493586, 40.7282795], [-73.9498603, 40.7291553], [-73.9498799, 40.7291896], [-73.949911, 40.729244]]}}, {"type": "Feature", "id": "SEG-4840b1471a", "properties": {"id": "SEG-4840b1471a", "name": "Jackson Avenue", "highway": "primary", "scope": "in_scope", "borough": "Queens", "bridge": false, "tunnel": false, "status": "geometry_verified"}, "geometry": {"type": "LineString", "coordinates": [[-73.9485012, 40.7447002], [-73.9486506, 40.7446352], [-73.9486711, 40.7446222]]}}, {"type": "Feature", "id": "SEG-cb7d592e84", "properties": {"id": "SEG-cb7d592e84", "name": "Humboldt Street", "highway": "residential", "scope": "in_scope", "borough": "Brooklyn", "bridge": false, "tunnel": false, "status": "inventoried"}, "geometry": {"type": "LineString", "coordinates": [[-73.945735, 40.7274038], [-73.9457208, 40.727322], [-73.9456716, 40.7270246]]}}, {"type": "Feature", "id": "SEG-8e23b30954", "properties": {"id": "SEG-8e23b30954", "name": "1st Avenue", "highway": "primary", "scope": "in_scope", "borough": "Manhattan", "bridge": false, "tunnel": false, "status": "inventoried"}, "geometry": {"type": "LineString", "coordinates": [[-73.9676741, 40.7520288], [-73.9676481, 40.7520653], [-73.9671812, 40.7527078], [-73.9671558, 40.7527364], [-73.967115, 40.7527726]]}}, {"type": "Feature", "id": "SEG-deea5df4ce", "properties": {"id": "SEG-deea5df4ce", "name": "28th Street", "highway": "residential", "scope": "in_scope", "borough": "Queens", "bridge": false, "tunnel": false, "status": "inventoried"}, "geometry": {"type": "LineString", "coordinates": [[-73.936402, 40.752672], [-73.9364447, 40.7526256], [-73.9367409, 40.7523036], [-73.93751, 40.7514675], [-73.937562, 40.751411]]}}, {"type": "Feature", "id": "SEG-50797b96b3", "properties": {"id": "SEG-50797b96b3", "name": "Queens Street", "highway": "residential", "scope": "in_scope", "borough": "Queens", "bridge": false, "tunnel": false, "status": "inventoried"}, "geometry": {"type": "LineString", "coordinates": [[-73.9397488, 40.748034], [-73.9397124, 40.7479754], [-73.9396937, 40.7479449], [-73.9390563, 40.7468925]]}}, {"type": "Feature", "id": "SEG-86489ab47e", "properties": {"id": "SEG-86489ab47e", "name": "50th Avenue", "highway": "tertiary", "scope": "in_scope", "borough": "Queens", "bridge": false, "tunnel": false, "status": "geometry_verified"}, "geometry": {"type": "LineString", "coordinates": [[-73.9508408, 40.7420937], [-73.9510988, 40.7421447]]}}, {"type": "Feature", "id": "SEG-c52e4883b0", "properties": {"id": "SEG-c52e4883b0", "name": "Van Dam Street", "highway": "primary", "scope": "in_scope", "borough": "Queens", "bridge": false, "tunnel": false, "status": "inventoried"}, "geometry": {"type": "LineString", "coordinates": [[-73.9376923, 40.7347776], [-73.9377996, 40.7346661]]}}, {"type": "Feature", "id": "SEG-310c17d24f", "properties": {"id": "SEG-310c17d24f", "name": "Van Dam Street", "highway": "primary", "scope": "in_scope", "borough": "Queens", "bridge": false, "tunnel": false, "status": "inventoried"}, "geometry": {"type": "LineString", "coordinates": [[-73.9377996, 40.7346661], [-73.9379482, 40.7345117], [-73.9379776, 40.7344765], [-73.9380656, 40.7343656]]}}, {"type": "Feature", "id": "SEG-f8338f5fbf", "properties": {"id": "SEG-f8338f5fbf", "name": "", "highway": "service", "scope": "secondary", "borough": "Queens", "bridge": false, "tunnel": false, "status": "inventoried"}, "geometry": {"type": "LineString", "coordinates": [[-73.9364469, 40.7450864], [-73.9364253, 40.7451996], [-73.9363803, 40.7454586]]}}, {"type": "Feature", "id": "SEG-2bb76494f8", "properties": {"id": "SEG-2bb76494f8", "name": "31st Street", "highway": "unclassified", "scope": "in_scope", "borough": "Queens", "bridge": false, "tunnel": false, "status": "inventoried"}, "geometry": {"type": "LineString", "coordinates": [[-73.9367993, 40.7380463], [-73.9368531, 40.7377757]]}}, {"type": "Feature", "id": "SEG-7bc52672f6", "properties": {"id": "SEG-7bc52672f6", "name": "", "highway": "service", "scope": "secondary", "borough": "Queens", "bridge": false, "tunnel": false, "status": "inventoried"}, "geometry": {"type": "LineString", "coordinates": [[-73.9345552, 40.7389959], [-73.9345789, 40.7390383], [-73.9347085, 40.7390583]]}}, {"type": "Feature", "id": "SEG-cc832d2120", "properties": {"id": "SEG-cc832d2120", "name": "Quay Street", "highway": "unclassified", "scope": "in_scope", "borough": "Brooklyn", "bridge": false, "tunnel": false, "status": "inventoried"}, "geometry": {"type": "LineString", "coordinates": [[-73.9573562, 40.7263057], [-73.957463, 40.7262961], [-73.9584965, 40.7262034], [-73.9585712, 40.7261967], [-73.9586456, 40.72619]]}}, {"type": "Feature", "id": "SEG-e0c2c18b90", "properties": {"id": "SEG-e0c2c18b90", "name": "Jackson Avenue", "highway": "primary", "scope": "in_scope", "borough": "Queens", "bridge": false, "tunnel": false, "status": "inventoried"}, "geometry": {"type": "LineString", "coordinates": [[-73.9431564, 40.7467699], [-73.9430524, 40.7468115], [-73.9428154, 40.7469062], [-73.9425354, 40.7470225], [-73.9423781, 40.7470835]]}}, {"type": "Feature", "id": "SEG-7dacf76988", "properties": {"id": "SEG-7dacf76988", "name": "23rd Street", "highway": "tertiary", "scope": "in_scope", "borough": "Queens", "bridge": false, "tunnel": false, "status": "geometry_verified"}, "geometry": {"type": "LineString", "coordinates": [[-73.9450503, 40.7476667], [-73.94509, 40.7475497], [-73.9453036, 40.7469204]]}}, {"type": "Feature", "id": "SEG-3ab8de2cdd", "properties": {"id": "SEG-3ab8de2cdd", "name": "North Henry Street", "highway": "unclassified", "scope": "in_scope", "borough": "Brooklyn", "bridge": false, "tunnel": false, "status": "geometry_verified"}, "geometry": {"type": "LineString", "coordinates": [[-73.9450892, 40.7348437], [-73.9449052, 40.7351526], [-73.9445577, 40.735736]]}}, {"type": "Feature", "id": "SEG-6ae0d0d513", "properties": {"id": "SEG-6ae0d0d513", "name": "", "highway": "service", "scope": "secondary", "borough": "Queens", "bridge": false, "tunnel": false, "status": "inventoried"}, "geometry": {"type": "LineString", "coordinates": [[-73.9331317, 40.7362826], [-73.9331188, 40.7362576], [-73.9330873, 40.7361945]]}}, {"type": "Feature", "id": "SEG-dfe5cebe9a", "properties": {"id": "SEG-dfe5cebe9a", "name": "", "highway": "primary_link", "scope": "in_scope", "borough": "Queens", "bridge": false, "tunnel": false, "status": "inventoried"}, "geometry": {"type": "LineString", "coordinates": [[-73.9354223, 40.7375654], [-73.9353562, 40.7374946], [-73.9353269, 40.7374553], [-73.9353102, 40.7374297], [-73.9352965, 40.7373988], [-73.9352917, 40.7373729], [-73.9352911, 40.7373449], [-73.9352998, 40.7372257]]}}, {"type": "Feature", "id": "SEG-d84c2479fc", "properties": {"id": "SEG-d84c2479fc", "name": "41st Avenue", "highway": "residential", "scope": "in_scope", "borough": "Queens", "bridge": false, "tunnel": false, "status": "inventoried"}, "geometry": {"type": "LineString", "coordinates": [[-73.937562, 40.751411], [-73.9374969, 40.7513768], [-73.9369098, 40.7510683], [-73.9368678, 40.7510462], [-73.9368191, 40.7510206], [-73.9367868, 40.7510037]]}}, {"type": "Feature", "id": "SEG-6c9c7a1d50", "properties": {"id": "SEG-6c9c7a1d50", "name": "", "highway": "service", "scope": "secondary", "borough": "Brooklyn", "bridge": false, "tunnel": false, "status": "inventoried"}, "geometry": {"type": "LineString", "coordinates": [[-73.9441263, 40.7317255], [-73.9442048, 40.7320535], [-73.9439855, 40.7321293], [-73.943919, 40.7317925]]}}, {"type": "Feature", "id": "SEG-c175eae88f", "properties": {"id": "SEG-c175eae88f", "name": "31st Street", "highway": "unclassified", "scope": "in_scope", "borough": "Queens", "bridge": false, "tunnel": false, "status": "inventoried"}, "geometry": {"type": "LineString", "coordinates": [[-73.9363475, 40.7403476], [-73.936357, 40.7402848], [-73.9364142, 40.739995], [-73.9364239, 40.7399459], [-73.9366868, 40.7386279], [-73.9367854, 40.7381186], [-73.9367993, 40.7380463]]}}, {"type": "Feature", "id": "SEG-6854582de0", "properties": {"id": "SEG-6854582de0", "name": "", "highway": "service", "scope": "secondary", "borough": "Brooklyn", "bridge": false, "tunnel": false, "status": "inventoried"}, "geometry": {"type": "LineString", "coordinates": [[-73.9597969, 40.727609], [-73.9598837, 40.7281454]]}}, {"type": "Feature", "id": "SEG-cf9c8a854b", "properties": {"id": "SEG-cf9c8a854b", "name": "43rd Avenue", "highway": "secondary", "scope": "in_scope", "borough": "Queens", "bridge": false, "tunnel": false, "status": "inventoried"}, "geometry": {"type": "LineString", "coordinates": [[-73.9472424, 40.751436], [-73.9465374, 40.7510843], [-73.9464701, 40.7510507]]}}, {"type": "Feature", "id": "SEG-e71abc8621", "properties": {"id": "SEG-e71abc8621", "name": "41st Avenue", "highway": "secondary", "scope": "in_scope", "borough": "Queens", "bridge": false, "tunnel": false, "status": "inventoried"}, "geometry": {"type": "LineString", "coordinates": [[-73.941406, 40.753459], [-73.9413453, 40.7534268], [-73.9407138, 40.7530892], [-73.940616, 40.753037]]}}, {"type": "Feature", "id": "SEG-5359a8c988", "properties": {"id": "SEG-5359a8c988", "name": "East 45th Street", "highway": "service", "scope": "secondary", "borough": "Manhattan", "bridge": false, "tunnel": false, "status": "inventoried"}, "geometry": {"type": "LineString", "coordinates": [[-73.9681935, 40.750669], [-73.9682129, 40.7506891], [-73.9682419, 40.7507071], [-73.9682851, 40.7507236], [-73.9683197, 40.7507312], [-73.9683682, 40.7507378], [-73.9684095, 40.7507505]]}}, {"type": "Feature", "id": "SEG-52afe4c8df", "properties": {"id": "SEG-52afe4c8df", "name": "Hunters Point Avenue", "highway": "unclassified", "scope": "in_scope", "borough": "Queens", "bridge": false, "tunnel": false, "status": "inventoried"}, "geometry": {"type": "LineString", "coordinates": [[-73.9422986, 40.7411894], [-73.9422051, 40.7411727], [-73.9419206, 40.7411184], [-73.9414339, 40.7410228], [-73.9411064, 40.7409563]]}}, {"type": "Feature", "id": "SEG-16ed43e957", "properties": {"id": "SEG-16ed43e957", "name": "Crane Street", "highway": "residential", "scope": "in_scope", "borough": "Queens", "bridge": false, "tunnel": false, "status": "geometry_verified"}, "geometry": {"type": "LineString", "coordinates": [[-73.9465388, 40.7454691], [-73.9464792, 40.7453788], [-73.9464518, 40.7453393], [-73.9459953, 40.7446798], [-73.9457171, 40.7442778], [-73.9456268, 40.7441387]]}}, {"type": "Feature", "id": "SEG-bff1b25486", "properties": {"id": "SEG-bff1b25486", "name": "", "highway": "service", "scope": "secondary", "borough": "Queens", "bridge": false, "tunnel": false, "status": "inventoried"}, "geometry": {"type": "LineString", "coordinates": [[-73.9539524, 40.7494987], [-73.9539866, 40.7493558]]}}, {"type": "Feature", "id": "SEG-f6cdf32c95", "properties": {"id": "SEG-f6cdf32c95", "name": "Nassau Avenue", "highway": "residential", "scope": "in_scope", "borough": "Brooklyn", "bridge": false, "tunnel": false, "status": "inventoried"}, "geometry": {"type": "LineString", "coordinates": [[-73.940738, 40.725973], [-73.9406609, 40.7259804], [-73.9398935, 40.7260536], [-73.939805, 40.726062]]}}, {"type": "Feature", "id": "SEG-1e3c9173b4", "properties": {"id": "SEG-1e3c9173b4", "name": "FDR Drive", "highway": "motorway", "scope": "in_scope", "borough": "Manhattan", "bridge": false, "tunnel": false, "status": "inventoried"}, "geometry": {"type": "LineString", "coordinates": [[-73.9616701, 40.7553562], [-73.9617558, 40.7552945], [-73.9618366, 40.7552342], [-73.9619402, 40.7551566], [-73.9619994, 40.755104]]}}, {"type": "Feature", "id": "SEG-90c1096c84", "properties": {"id": "SEG-90c1096c84", "name": "", "highway": "motorway_link", "scope": "in_scope", "borough": "Manhattan", "bridge": false, "tunnel": false, "status": "inventoried"}, "geometry": {"type": "LineString", "coordinates": [[-73.9713203, 40.7443472], [-73.9709506, 40.7445985], [-73.970907, 40.744633], [-73.9708687, 40.7446712], [-73.9708362, 40.7447081], [-73.970579, 40.7450339], [-73.9705679, 40.7450494], [-73.9703654, 40.745304], [-73.970144, 40.7455621], [-73.969696, 40.7460721], [-73.9696712, 40.7461195], [-73.9696578, 40.7461851], [-73.9696568, 40.7462066]]}}, {"type": "Feature", "id": "SEG-584b65f646", "properties": {"id": "SEG-584b65f646", "name": "Milton Street", "highway": "residential", "scope": "in_scope", "borough": "Brooklyn", "bridge": false, "tunnel": false, "status": "inventoried"}, "geometry": {"type": "LineString", "coordinates": [[-73.9591117, 40.7290181], [-73.95904, 40.7290247], [-73.9576406, 40.7291536], [-73.9575794, 40.7291594], [-73.9574772, 40.7291692]]}}, {"type": "Feature", "id": "SEG-0dd164aaf3", "properties": {"id": "SEG-0dd164aaf3", "name": "McGuinness Boulevard", "highway": "tertiary", "scope": "in_scope", "borough": "Brooklyn", "bridge": false, "tunnel": false, "status": "geometry_verified"}, "geometry": {"type": "LineString", "coordinates": [[-73.9527565, 40.7375222], [-73.9527685, 40.7375955], [-73.9527849, 40.7376994]]}}, {"type": "Feature", "id": "SEG-bee79ec63e", "properties": {"id": "SEG-bee79ec63e", "name": "McGuinness Boulevard", "highway": "tertiary", "scope": "in_scope", "borough": "Brooklyn", "bridge": false, "tunnel": false, "status": "geometry_verified"}, "geometry": {"type": "LineString", "coordinates": [[-73.9527849, 40.7376994], [-73.9528445, 40.7380674]]}}, {"type": "Feature", "id": "SEG-cbf29ddf1a", "properties": {"id": "SEG-cbf29ddf1a", "name": "McGuinness Boulevard", "highway": "tertiary", "scope": "in_scope", "borough": "Brooklyn", "bridge": false, "tunnel": false, "status": "geometry_verified"}, "geometry": {"type": "LineString", "coordinates": [[-73.9528445, 40.7380674], [-73.9528581, 40.7381527], [-73.952865, 40.7381781], [-73.9528736, 40.7381964], [-73.9528846, 40.7382095], [-73.9528976, 40.7382166], [-73.9529156, 40.7382223], [-73.9529497, 40.7382292], [-73.9529821, 40.7382329], [-73.9530101, 40.7382342], [-73.9530427, 40.7382334], [-73.9530866, 40.7382297], [-73.9531707, 40.7382202]]}}, {"type": "Feature", "id": "SEG-c63d8f28d1", "properties": {"id": "SEG-c63d8f28d1", "name": "", "highway": "service", "scope": "secondary", "borough": "Queens", "bridge": false, "tunnel": false, "status": "inventoried"}, "geometry": {"type": "LineString", "coordinates": [[-73.9488387, 40.7534878], [-73.948918, 40.7535255], [-73.9489309, 40.7535314], [-73.9492308, 40.7536783], [-73.9493396, 40.7537275], [-73.9492342, 40.7538571], [-73.9491975, 40.7539022], [-73.9490942, 40.7540292], [-73.9490811, 40.7540453], [-73.949042, 40.7540903]]}}, {"type": "Feature", "id": "SEG-e9485f20d5", "properties": {"id": "SEG-e9485f20d5", "name": "Nassau Avenue", "highway": "residential", "scope": "in_scope", "borough": "Brooklyn", "bridge": false, "tunnel": false, "status": "inventoried"}, "geometry": {"type": "LineString", "coordinates": [[-73.943569, 40.725708], [-73.9434886, 40.7257153], [-73.9427223, 40.7257851], [-73.942636, 40.725793]]}}, {"type": "Feature", "id": "SEG-57d1bc6495", "properties": {"id": "SEG-57d1bc6495", "name": "28th Street", "highway": "unclassified", "scope": "in_scope", "borough": "Queens", "bridge": false, "tunnel": false, "status": "inventoried"}, "geometry": {"type": "LineString", "coordinates": [[-73.9392628, 40.7447578], [-73.9392807, 40.744673], [-73.9392904, 40.7446231], [-73.9394879, 40.7436626], [-73.9394988, 40.7436159], [-73.9395179, 40.7435255]]}}, {"type": "Feature", "id": "SEG-91e2dee1ef", "properties": {"id": "SEG-91e2dee1ef", "name": "Van Dam Street", "highway": "primary", "scope": "in_scope", "borough": "Queens", "bridge": false, "tunnel": false, "status": "inventoried"}, "geometry": {"type": "LineString", "coordinates": [[-73.9370583, 40.7354379], [-73.9372464, 40.7352432], [-73.9373815, 40.7351021], [-73.9376923, 40.7347776]]}}, {"type": "Feature", "id": "SEG-270988d0e9", "properties": {"id": "SEG-270988d0e9", "name": "54th Avenue", "highway": "unclassified", "scope": "in_scope", "borough": "Queens", "bridge": false, "tunnel": false, "status": "geometry_verified"}, "geometry": {"type": "LineString", "coordinates": [[-73.9575831, 40.7404564], [-73.957454, 40.740431], [-73.9573397, 40.7404088], [-73.9569455, 40.740332], [-73.956742, 40.7402942], [-73.9566847, 40.7402849], [-73.9566188, 40.7402757], [-73.95655, 40.7402705], [-73.9564892, 40.740269], [-73.9550438, 40.7402586], [-73.9548495, 40.7402571]]}}, {"type": "Feature", "id": "SEG-ffb075713a", "properties": {"id": "SEG-ffb075713a", "name": "11th Street", "highway": "secondary", "scope": "in_scope", "borough": "Queens", "bridge": false, "tunnel": false, "status": "inventoried"}, "geometry": {"type": "LineString", "coordinates": [[-73.948053, 40.751842], [-73.9481107, 40.7517764], [-73.9487379, 40.7510618], [-73.94875, 40.7510509], [-73.9488007, 40.7510056]]}}, {"type": "Feature", "id": "SEG-a8b94a15fb", "properties": {"id": "SEG-a8b94a15fb", "name": "Queens Boulevard", "highway": "primary", "scope": "in_scope", "borough": "Queens", "bridge": false, "tunnel": false, "status": "inventoried"}, "geometry": {"type": "LineString", "coordinates": [[-73.9332749, 40.7449382], [-73.9332338, 40.7448886], [-73.9331953, 40.744858], [-73.9331857, 40.7448485], [-73.9331292, 40.7448103], [-73.9330718, 40.7447787], [-73.932982, 40.7447406], [-73.9328879, 40.7447067], [-73.9327787, 40.7446726], [-73.9327216, 40.7446493], [-73.9326468, 40.7446215]]}}, {"type": "Feature", "id": "SEG-1772fb88f3", "properties": {"id": "SEG-1772fb88f3", "name": "Nassau Avenue", "highway": "residential", "scope": "in_scope", "borough": "Brooklyn", "bridge": false, "tunnel": false, "status": "inventoried"}, "geometry": {"type": "LineString", "coordinates": [[-73.946593, 40.7251597], [-73.9465324, 40.7251791], [-73.9457675, 40.7254246]]}}, {"type": "Feature", "id": "SEG-546da955eb", "properties": {"id": "SEG-546da955eb", "name": "Monitor Street", "highway": "secondary", "scope": "in_scope", "borough": "Brooklyn", "bridge": false, "tunnel": false, "status": "inventoried"}, "geometry": {"type": "LineString", "coordinates": [[-73.9437496, 40.7323849], [-73.9437357, 40.7323624], [-73.9437218, 40.7323362], [-73.9437137, 40.7323087], [-73.9436446, 40.7318714]]}}, {"type": "Feature", "id": "SEG-78b9946006", "properties": {"id": "SEG-78b9946006", "name": "Monitor Street", "highway": "secondary", "scope": "in_scope", "borough": "Brooklyn", "bridge": false, "tunnel": false, "status": "inventoried"}, "geometry": {"type": "LineString", "coordinates": [[-73.9436446, 40.7318714], [-73.943465, 40.730812], [-73.9434601, 40.7307824], [-73.9434574, 40.7307659]]}}, {"type": "Feature", "id": "SEG-4971408987", "properties": {"id": "SEG-4971408987", "name": "Monitor Street", "highway": "secondary", "scope": "in_scope", "borough": "Brooklyn", "bridge": false, "tunnel": false, "status": "inventoried"}, "geometry": {"type": "LineString", "coordinates": [[-73.9434574, 40.7307659], [-73.9429562, 40.7277477], [-73.942943, 40.7276682]]}}, {"type": "Feature", "id": "SEG-6a9e6999a6", "properties": {"id": "SEG-6a9e6999a6", "name": "21st Street", "highway": "primary", "scope": "in_scope", "borough": "Queens", "bridge": false, "tunnel": false, "status": "inventoried"}, "geometry": {"type": "LineString", "coordinates": [[-73.9438228, 40.7525506], [-73.943773, 40.7526004], [-73.9437088, 40.7526663], [-73.9433786, 40.7530102], [-73.9424821, 40.7539434], [-73.94243, 40.753998]]}}, {"type": "Feature", "id": "SEG-feb3fb3e71", "properties": {"id": "SEG-feb3fb3e71", "name": "23rd Street", "highway": "tertiary", "scope": "in_scope", "borough": "Queens", "bridge": false, "tunnel": false, "status": "geometry_verified"}, "geometry": {"type": "LineString", "coordinates": [[-73.9453036, 40.7469204], [-73.9455073, 40.7462872], [-73.9455263, 40.7462255]]}}, {"type": "Feature", "id": "SEG-7566e435e5", "properties": {"id": "SEG-7566e435e5", "name": "Meserole Avenue", "highway": "residential", "scope": "in_scope", "borough": "Brooklyn", "bridge": false, "tunnel": false, "status": "inventoried"}, "geometry": {"type": "LineString", "coordinates": [[-73.9552217, 40.7262682], [-73.9552887, 40.7262461], [-73.9559982, 40.7260115], [-73.9560686, 40.7259882]]}}, {"type": "Feature", "id": "SEG-09dea4638d", "properties": {"id": "SEG-09dea4638d", "name": "21st Street", "highway": "primary", "scope": "in_scope", "borough": "Queens", "bridge": false, "tunnel": false, "status": "inventoried"}, "geometry": {"type": "LineString", "coordinates": [[-73.9438228, 40.7525506], [-73.9438706, 40.7524993], [-73.9441906, 40.7521557], [-73.944235, 40.752108]]}}, {"type": "Feature", "id": "SEG-46910b4c05", "properties": {"id": "SEG-46910b4c05", "name": "", "highway": "trunk_link", "scope": "in_scope", "borough": "Queens", "bridge": false, "tunnel": false, "status": "inventoried"}, "geometry": {"type": "LineString", "coordinates": [[-73.9377196, 40.7495248], [-73.9376293, 40.7494913], [-73.937605, 40.749481], [-73.9375362, 40.7494541], [-73.9374595, 40.7494263], [-73.9373724, 40.7494012], [-73.9371038, 40.7493547], [-73.9367587, 40.7493197], [-73.936619, 40.7493056]]}}, {"type": "Feature", "id": "SEG-7eac5163cd", "properties": {"id": "SEG-7eac5163cd", "name": "Norman Avenue", "highway": "residential", "scope": "in_scope", "borough": "Brooklyn", "bridge": false, "tunnel": false, "status": "inventoried"}, "geometry": {"type": "LineString", "coordinates": [[-73.951736, 40.725436], [-73.9516514, 40.7254642], [-73.9509513, 40.7256957], [-73.950875, 40.725721]]}}, {"type": "Feature", "id": "SEG-172f5b8ecf", "properties": {"id": "SEG-172f5b8ecf", "name": "Greenpoint Avenue", "highway": "secondary", "scope": "in_scope", "borough": "Brooklyn", "bridge": false, "tunnel": false, "status": "inventoried"}, "geometry": {"type": "LineString", "coordinates": [[-73.9525082, 40.7303694], [-73.9530773, 40.7303161], [-73.9534637, 40.7302799]]}}, {"type": "Feature", "id": "SEG-0456f6e345", "properties": {"id": "SEG-0456f6e345", "name": "McGuinness Boulevard", "highway": "primary", "scope": "in_scope", "borough": "Brooklyn", "bridge": false, "tunnel": false, "status": "inventoried"}, "geometry": {"type": "LineString", "coordinates": [[-73.9507224, 40.7289764], [-73.9506914, 40.7289216], [-73.9501713, 40.7280069], [-73.9501326, 40.727944]]}}, {"type": "Feature", "id": "SEG-ae2a1c52a5", "properties": {"id": "SEG-ae2a1c52a5", "name": "", "highway": "service", "scope": "secondary", "borough": "Queens", "bridge": false, "tunnel": false, "status": "inventoried"}, "geometry": {"type": "LineString", "coordinates": [[-73.9336343, 40.7378945], [-73.9337148, 40.7378669], [-73.9340562, 40.7377311]]}}, {"type": "Feature", "id": "SEG-52c1052ce9", "properties": {"id": "SEG-52c1052ce9", "name": "Calyer Street", "highway": "residential", "scope": "in_scope", "borough": "Brooklyn", "bridge": false, "tunnel": false, "status": "inventoried"}, "geometry": {"type": "LineString", "coordinates": [[-73.9549835, 40.727571], [-73.9549199, 40.727592], [-73.9542733, 40.7278124], [-73.9542158, 40.7278312], [-73.9541355, 40.7278571]]}}, {"type": "Feature", "id": "SEG-5de43fbf97", "properties": {"id": "SEG-5de43fbf97", "name": "Box Street", "highway": "tertiary", "scope": "in_scope", "borough": "Brooklyn", "bridge": false, "tunnel": false, "status": "geometry_verified"}, "geometry": {"type": "LineString", "coordinates": [[-73.9532044, 40.7375049], [-73.9531278, 40.7375107], [-73.9529508, 40.7375241], [-73.9528592, 40.737531], [-73.9528248, 40.7375315], [-73.9527907, 40.7375286], [-73.9527565, 40.7375222]]}}, {"type": "Feature", "id": "SEG-0e882d0199", "properties": {"id": "SEG-0e882d0199", "name": "", "highway": "service", "scope": "secondary", "borough": "Queens", "bridge": false, "tunnel": false, "status": "inventoried"}, "geometry": {"type": "LineString", "coordinates": [[-73.939265, 40.7346948], [-73.9390101, 40.7347825]]}}, {"type": "Feature", "id": "SEG-c2675e8eec", "properties": {"id": "SEG-c2675e8eec", "name": "", "highway": "service", "scope": "secondary", "borough": "Queens", "bridge": false, "tunnel": false, "status": "inventoried"}, "geometry": {"type": "LineString", "coordinates": [[-73.9390101, 40.7347825], [-73.9386428, 40.7349352], [-73.9385695, 40.7349656]]}}, {"type": "Feature", "id": "SEG-f61fb6d215", "properties": {"id": "SEG-f61fb6d215", "name": "Borden Avenue", "highway": "residential", "scope": "in_scope", "borough": "Queens", "bridge": false, "tunnel": false, "status": "geometry_verified"}, "geometry": {"type": "LineString", "coordinates": [[-73.9568901, 40.7418108], [-73.9548349, 40.7414124], [-73.9547699, 40.7413989], [-73.9547114, 40.7413864], [-73.9545741, 40.7413557]]}}, {"type": "Feature", "id": "SEG-0f3ec38f5d", "properties": {"id": "SEG-0f3ec38f5d", "name": "11th Street", "highway": "residential", "scope": "in_scope", "borough": "Queens", "bridge": false, "tunnel": false, "status": "geometry_verified"}, "geometry": {"type": "LineString", "coordinates": [[-73.951811, 40.7422928], [-73.9518255, 40.7422226], [-73.9519746, 40.7417756], [-73.9519813, 40.7417536], [-73.9519975, 40.7417019]]}}, {"type": "Feature", "id": "SEG-fcafd6bd9f", "properties": {"id": "SEG-fcafd6bd9f", "name": "Manhattan Avenue", "highway": "tertiary", "scope": "in_scope", "borough": "Brooklyn", "bridge": false, "tunnel": false, "status": "geometry_verified"}, "geometry": {"type": "LineString", "coordinates": [[-73.9551909, 40.7358732], [-73.9552014, 40.7359361], [-73.9552584, 40.7362831], [-73.955298, 40.7365239], [-73.9553081, 40.7365857]]}}, {"type": "Feature", "id": "SEG-e1ccfedc67", "properties": {"id": "SEG-e1ccfedc67", "name": "", "highway": "service", "scope": "secondary", "borough": "Brooklyn", "bridge": false, "tunnel": false, "status": "inventoried"}, "geometry": {"type": "LineString", "coordinates": [[-73.9513318, 40.7326411], [-73.9513205, 40.7325798], [-73.9512733, 40.7323209]]}}, {"type": "Feature", "id": "SEG-5f939f92ce", "properties": {"id": "SEG-5f939f92ce", "name": "Vernon Boulevard", "highway": "secondary", "scope": "in_scope", "borough": "Queens", "bridge": false, "tunnel": false, "status": "geometry_verified"}, "geometry": {"type": "LineString", "coordinates": [[-73.9538694, 40.7434296], [-73.9538919, 40.7433625], [-73.9540649, 40.74284], [-73.9540786, 40.7427986], [-73.9540991, 40.7427367]]}}, {"type": "Feature", "id": "SEG-f11ae23096", "properties": {"id": "SEG-f11ae23096", "name": "Manhattan Avenue", "highway": "tertiary", "scope": "in_scope", "borough": "Brooklyn", "bridge": false, "tunnel": false, "status": "geometry_verified"}, "geometry": {"type": "LineString", "coordinates": [[-73.9553081, 40.7365857], [-73.9553171, 40.7366437], [-73.9553236, 40.7366783], [-73.9553582, 40.7368886], [-73.9554125, 40.7372184], [-73.9554272, 40.7372958]]}}, {"type": "Feature", "id": "SEG-6ef767005b", "properties": {"id": "SEG-6ef767005b", "name": "Clay Street", "highway": "residential", "scope": "in_scope", "borough": "Brooklyn", "bridge": false, "tunnel": false, "status": "inventoried"}, "geometry": {"type": "LineString", "coordinates": [[-73.9585196, 40.7362836], [-73.9580962, 40.7363206]]}}, {"type": "Feature", "id": "SEG-ea7aaaa90c", "properties": {"id": "SEG-ea7aaaa90c", "name": "Norman Avenue", "highway": "secondary", "scope": "in_scope", "borough": "Brooklyn", "bridge": false, "tunnel": false, "status": "inventoried"}, "geometry": {"type": "LineString", "coordinates": [[-73.941043, 40.727841], [-73.9410079, 40.7278443], [-73.9406384, 40.7278789], [-73.9403855, 40.7279026], [-73.940115, 40.727929]]}}, {"type": "Feature", "id": "SEG-2998d2c819", "properties": {"id": "SEG-2998d2c819", "name": "Queens-Midtown Tunnel", "highway": "motorway", "scope": "in_scope", "borough": "Queens", "bridge": false, "tunnel": false, "status": "blocked"}, "geometry": {"type": "LineString", "coordinates": [[-73.9539927, 40.7415619], [-73.9540774, 40.7415712]]}}, {"type": "Feature", "id": "SEG-dff87bd327", "properties": {"id": "SEG-dff87bd327", "name": "10th Street", "highway": "residential", "scope": "in_scope", "borough": "Queens", "bridge": false, "tunnel": false, "status": "inventoried"}, "geometry": {"type": "LineString", "coordinates": [[-73.9519906, 40.7485421], [-73.9517494, 40.7488209], [-73.9517209, 40.7488546], [-73.9516444, 40.7489444]]}}, {"type": "Feature", "id": "SEG-633c76999c", "properties": {"id": "SEG-633c76999c", "name": "Borden Avenue", "highway": "secondary", "scope": "in_scope", "borough": "Queens", "bridge": false, "tunnel": false, "status": "inventoried"}, "geometry": {"type": "LineString", "coordinates": [[-73.9408062, 40.738676], [-73.9407243, 40.73866]]}}, {"type": "Feature", "id": "SEG-3cd3a047ce", "properties": {"id": "SEG-3cd3a047ce", "name": "53rd Avenue", "highway": "unclassified", "scope": "in_scope", "borough": "Queens", "bridge": false, "tunnel": false, "status": "geometry_verified"}, "geometry": {"type": "LineString", "coordinates": [[-73.9547399, 40.740601], [-73.9542318, 40.7406596], [-73.9541419, 40.7406676], [-73.9540583, 40.7406706], [-73.9539672, 40.7406676], [-73.9538849, 40.7406623], [-73.9537934, 40.7406558], [-73.953673, 40.7406463], [-73.9535203, 40.7406304], [-73.9533844, 40.740612], [-73.953278, 40.7405956], [-73.953198, 40.7405809], [-73.9530068, 40.7405435], [-73.9527935, 40.7405017], [-73.9527078, 40.7404849], [-73.9524951, 40.7404433], [-73.9524307, 40.7404306]]}}, {"type": "Feature", "id": "SEG-4ce4808a03", "properties": {"id": "SEG-4ce4808a03", "name": "Eagle Street", "highway": "residential", "scope": "in_scope", "borough": "Brooklyn", "bridge": false, "tunnel": false, "status": "inventoried"}, "geometry": {"type": "LineString", "coordinates": [[-73.9600471, 40.7346892], [-73.9599643, 40.7346968], [-73.9591711, 40.7347686]]}}, {"type": "Feature", "id": "SEG-b43f44a711", "properties": {"id": "SEG-b43f44a711", "name": "Eagle Street", "highway": "residential", "scope": "in_scope", "borough": "Brooklyn", "bridge": false, "tunnel": false, "status": "inventoried"}, "geometry": {"type": "LineString", "coordinates": [[-73.9591711, 40.7347686], [-73.9585504, 40.7348283], [-73.958508, 40.7348323], [-73.9584098, 40.7348415]]}}, {"type": "Feature", "id": "SEG-fefa0411e4", "properties": {"id": "SEG-fefa0411e4", "name": "", "highway": "trunk_link", "scope": "in_scope", "borough": "Queens", "bridge": false, "tunnel": false, "status": "inventoried"}, "geometry": {"type": "LineString", "coordinates": [[-73.940281, 40.7509864], [-73.9403033, 40.7509628], [-73.9403199, 40.750949], [-73.9403358, 40.7509367], [-73.9403535, 40.7509253], [-73.9403725, 40.7509167], [-73.9403974, 40.7509067], [-73.9404297, 40.7508984], [-73.9404608, 40.7508918], [-73.9404906, 40.750888], [-73.940518, 40.7508862], [-73.9405532, 40.7508866], [-73.9405903, 40.7508884], [-73.940643, 40.7508942]]}}, {"type": "Feature", "id": "SEG-98ab6c88c5", "properties": {"id": "SEG-98ab6c88c5", "name": "Jackson Avenue", "highway": "primary", "scope": "in_scope", "borough": "Queens", "bridge": false, "tunnel": false, "status": "geometry_verified"}, "geometry": {"type": "LineString", "coordinates": [[-73.9542138, 40.741662], [-73.9538722, 40.7418712], [-73.9538389, 40.7418891], [-73.9537796, 40.7419294]]}}, {"type": "Feature", "id": "SEG-deb24d1f4c", "properties": {"id": "SEG-deb24d1f4c", "name": "42nd Road", "highway": "residential", "scope": "in_scope", "borough": "Queens", "bridge": false, "tunnel": false, "status": "inventoried"}, "geometry": {"type": "LineString", "coordinates": [[-73.9394402, 40.7487074], [-73.9392409, 40.7483818], [-73.9391782, 40.7482804]]}}, {"type": "Feature", "id": "SEG-2751eb8b50", "properties": {"id": "SEG-2751eb8b50", "name": "", "highway": "motorway_link", "scope": "in_scope", "borough": "Brooklyn", "bridge": true, "tunnel": false, "status": "inventoried"}, "geometry": {"type": "LineString", "coordinates": [[-73.9327549, 40.7253841], [-73.9335065, 40.7252316]]}}, {"type": "Feature", "id": "SEG-d2faa59d8d", "properties": {"id": "SEG-d2faa59d8d", "name": "", "highway": "trunk_link", "scope": "in_scope", "borough": "Queens", "bridge": true, "tunnel": false, "status": "inventoried"}, "geometry": {"type": "LineString", "coordinates": [[-73.9453339, 40.7511389], [-73.9440143, 40.7504784], [-73.9439649, 40.7504601], [-73.9439078, 40.7504446], [-73.9438529, 40.7504369], [-73.9437886, 40.7504337], [-73.9437245, 40.7504374], [-73.943663, 40.7504482], [-73.9436088, 40.7504637], [-73.9435611, 40.750484], [-73.9435169, 40.7505079], [-73.94347, 40.7505431], [-73.9434362, 40.750576], [-73.9426889, 40.7513862], [-73.9426642, 40.7514172], [-73.9426467, 40.7514501], [-73.9426349, 40.7514838], [-73.9426291, 40.7515203], [-73.9426291, 40.751554], [-73.9426373, 40.751586], [-73.9426537, 40.7516215], [-73.942676, 40.7516544], [-73.9427053, 40.7516846], [-73.9427193, 40.751697], [-73.9427437, 40.7517132], [-73.9428079, 40.7517548], [-73.942844, 40.7517735], [-73.9428888, 40.7517948], [-73.9435354, 40.7520717], [-73.9443383, 40.7524182], [-73.9445043, 40.7524901], [-73.9446421, 40.7525559], [-73.944825, 40.7526458], [-73.9450818, 40.7527806], [-73.9453403, 40.7529271]]}}, {"type": "Feature", "id": "SEG-c3c4eaa0cb", "properties": {"id": "SEG-c3c4eaa0cb", "name": "Queens Plaza North", "highway": "tertiary", "scope": "in_scope", "borough": "Queens", "bridge": false, "tunnel": false, "status": "inventoried"}, "geometry": {"type": "LineString", "coordinates": [[-73.9410644, 40.7513332], [-73.9417763, 40.7516563], [-73.9418628, 40.7516905]]}}, {"type": "Feature", "id": "SEG-fc87c974d2", "properties": {"id": "SEG-fc87c974d2", "name": "Queensboro Plaza", "highway": "trunk", "scope": "in_scope", "borough": "Queens", "bridge": false, "tunnel": false, "status": "inventoried"}, "geometry": {"type": "LineString", "coordinates": [[-73.9397665, 40.7502746], [-73.9397012, 40.7502508], [-73.939691, 40.750247], [-73.9396813, 40.7502434], [-73.9395088, 40.7501806], [-73.9390381, 40.749968], [-73.9389617, 40.7499391]]}}, {"type": "Feature", "id": "SEG-744db833d8", "properties": {"id": "SEG-744db833d8", "name": "Green Street", "highway": "residential", "scope": "in_scope", "borough": "Brooklyn", "bridge": false, "tunnel": false, "status": "inventoried"}, "geometry": {"type": "LineString", "coordinates": [[-73.9523243, 40.7339848], [-73.9521783, 40.7339983]]}}, {"type": "Feature", "id": "SEG-a2445f535f", "properties": {"id": "SEG-a2445f535f", "name": "Franklin Street", "highway": "tertiary", "scope": "in_scope", "borough": "Brooklyn", "bridge": false, "tunnel": false, "status": "inventoried"}, "geometry": {"type": "LineString", "coordinates": [[-73.9582957, 40.7341475], [-73.9583054, 40.7342079], [-73.9584003, 40.7347795], [-73.9584098, 40.7348415]]}}, {"type": "Feature", "id": "SEG-efc5271c06", "properties": {"id": "SEG-efc5271c06", "name": "Starr Avenue", "highway": "residential", "scope": "in_scope", "borough": "Queens", "bridge": false, "tunnel": false, "status": "inventoried"}, "geometry": {"type": "LineString", "coordinates": [[-73.9362915, 40.7350026], [-73.9362434, 40.7349284], [-73.9362172, 40.7348881], [-73.9359366, 40.7344523], [-73.935909, 40.7344084], [-73.93587, 40.7343471]]}}, {"type": "Feature", "id": "SEG-19d8b92f13", "properties": {"id": "SEG-19d8b92f13", "name": "Jackson Avenue", "highway": "primary", "scope": "in_scope", "borough": "Queens", "bridge": false, "tunnel": false, "status": "inventoried"}, "geometry": {"type": "LineString", "coordinates": [[-73.9397488, 40.748034], [-73.9395953, 40.7481346]]}}, {"type": "Feature", "id": "SEG-825933023f", "properties": {"id": "SEG-825933023f", "name": "45th Avenue", "highway": "residential", "scope": "in_scope", "borough": "Queens", "bridge": false, "tunnel": false, "status": "geometry_verified"}, "geometry": {"type": "LineString", "coordinates": [[-73.9498872, 40.7478119], [-73.950002, 40.7478336], [-73.9520672, 40.7482325], [-73.9521314, 40.7482446], [-73.952248, 40.7482677]]}}, {"type": "Feature", "id": "SEG-a00a5a4319", "properties": {"id": "SEG-a00a5a4319", "name": "Center Boulevard", "highway": "residential", "scope": "in_scope", "borough": "Queens", "bridge": false, "tunnel": false, "status": "inventoried"}, "geometry": {"type": "LineString", "coordinates": [[-73.9585095, 40.7443287], [-73.9585873, 40.7442734], [-73.9590051, 40.7439937], [-73.9591556, 40.7438921], [-73.9592021, 40.7438606], [-73.959286, 40.7438056], [-73.9593221, 40.7437803], [-73.9593576, 40.7437507]]}}, {"type": "Feature", "id": "SEG-d582b84420", "properties": {"id": "SEG-d582b84420", "name": "Thomson Avenue", "highway": "primary", "scope": "in_scope", "borough": "Queens", "bridge": false, "tunnel": false, "status": "inventoried"}, "geometry": {"type": "LineString", "coordinates": [[-73.9433013, 40.7468246], [-73.9432435, 40.7467351]]}}, {"type": "Feature", "id": "SEG-4c71243c98", "properties": {"id": "SEG-4c71243c98", "name": "Diamond Street", "highway": "residential", "scope": "in_scope", "borough": "Brooklyn", "bridge": false, "tunnel": false, "status": "inventoried"}, "geometry": {"type": "LineString", "coordinates": [[-73.949083, 40.729518], [-73.9490532, 40.7294657], [-73.9487709, 40.7289697], [-73.9485476, 40.7285774], [-73.9485329, 40.7285519], [-73.948495, 40.728485]]}}, {"type": "Feature", "id": "SEG-b97fd37143", "properties": {"id": "SEG-b97fd37143", "name": "47th Road", "highway": "residential", "scope": "in_scope", "borough": "Queens", "bridge": false, "tunnel": false, "status": "geometry_verified"}, "geometry": {"type": "LineString", "coordinates": [[-73.9509526, 40.7443382], [-73.9508538, 40.7443161], [-73.9507219, 40.7442905], [-73.9498718, 40.7441203], [-73.9496847, 40.7440892]]}}, {"type": "Feature", "id": "SEG-f743ea3152", "properties": {"id": "SEG-f743ea3152", "name": "East 51st Street", "highway": "residential", "scope": "in_scope", "borough": "Manhattan", "bridge": false, "tunnel": false, "status": "inventoried"}, "geometry": {"type": "LineString", "coordinates": [[-73.9680652, 40.7555038], [-73.968204, 40.7555625], [-73.9701664, 40.756393], [-73.9703198, 40.7564579]]}}, {"type": "Feature", "id": "SEG-501bda2bb9", "properties": {"id": "SEG-501bda2bb9", "name": "Thomson Avenue", "highway": "primary", "scope": "in_scope", "borough": "Queens", "bridge": false, "tunnel": false, "status": "inventoried"}, "geometry": {"type": "LineString", "coordinates": [[-73.942318, 40.7462771], [-73.9426219, 40.746375], [-73.9428313, 40.7464218], [-73.9428614, 40.7464312], [-73.9428906, 40.7464443], [-73.9429276, 40.7464669], [-73.9429599, 40.7464918], [-73.9429868, 40.7465205], [-73.9430133, 40.7465529], [-73.9431224, 40.7467195], [-73.9431564, 40.7467699]]}}, {"type": "Feature", "id": "SEG-663650dbcd", "properties": {"id": "SEG-663650dbcd", "name": "East 44th Street", "highway": "residential", "scope": "in_scope", "borough": "Manhattan", "bridge": false, "tunnel": false, "status": "inventoried"}, "geometry": {"type": "LineString", "coordinates": [[-73.971263, 40.751122], [-73.9711256, 40.7510637], [-73.9699935, 40.750583], [-73.9690237, 40.7501792], [-73.9688692, 40.7501172]]}}, {"type": "Feature", "id": "SEG-08572403b4", "properties": {"id": "SEG-08572403b4", "name": "Clay Street", "highway": "residential", "scope": "in_scope", "borough": "Brooklyn", "bridge": false, "tunnel": false, "status": "geometry_verified"}, "geometry": {"type": "LineString", "coordinates": [[-73.9580962, 40.7363206], [-73.9554167, 40.7365768], [-73.9553081, 40.7365857]]}}, {"type": "Feature", "id": "SEG-d784372c3c", "properties": {"id": "SEG-d784372c3c", "name": "", "highway": "service", "scope": "secondary", "borough": "Brooklyn", "bridge": false, "tunnel": false, "status": "inventoried"}, "geometry": {"type": "LineString", "coordinates": [[-73.9591711, 40.7347686], [-73.9591823, 40.7348341], [-73.9591882, 40.7348659], [-73.9592277, 40.7350825]]}}, {"type": "Feature", "id": "SEG-145a6ffec2", "properties": {"id": "SEG-145a6ffec2", "name": "Brooklyn-Queens Expressway", "highway": "motorway", "scope": "in_scope", "borough": "Brooklyn", "bridge": false, "tunnel": false, "status": "inventoried"}, "geometry": {"type": "LineString", "coordinates": [[-73.9378037, 40.7239973], [-73.9379308, 40.7239503], [-73.9380675, 40.7238953], [-73.938202, 40.7238397], [-73.9383255, 40.7237844], [-73.9384525, 40.723728], [-73.9385819, 40.7236633], [-73.9387279, 40.7235867], [-73.9388506, 40.7235208], [-73.9390318, 40.7234193]]}}, {"type": "Feature", "id": "SEG-f9cc495214", "properties": {"id": "SEG-f9cc495214", "name": "Calyer Street", "highway": "residential", "scope": "in_scope", "borough": "Brooklyn", "bridge": false, "tunnel": false, "status": "inventoried"}, "geometry": {"type": "LineString", "coordinates": [[-73.9507224, 40.7289764], [-73.9505853, 40.7290212]]}}, {"type": "Feature", "id": "SEG-e71cebbe81", "properties": {"id": "SEG-e71cebbe81", "name": "12th Street", "highway": "residential", "scope": "in_scope", "borough": "Queens", "bridge": false, "tunnel": false, "status": "inventoried"}, "geometry": {"type": "LineString", "coordinates": [[-73.944019, 40.75481], [-73.9439606, 40.7548682], [-73.9428768, 40.7559991], [-73.942822, 40.756059]]}}, {"type": "Feature", "id": "SEG-10a7cd88ee", "properties": {"id": "SEG-10a7cd88ee", "name": "Russell Street", "highway": "residential", "scope": "in_scope", "borough": "Brooklyn", "bridge": false, "tunnel": false, "status": "inventoried"}, "geometry": {"type": "LineString", "coordinates": [[-73.9440866, 40.7231127], [-73.9440947, 40.723168], [-73.9442898, 40.7243523], [-73.9443765, 40.7248797], [-73.9444789, 40.7255019], [-73.9444863, 40.7255477], [-73.944498, 40.725616]]}}, {"type": "Feature", "id": "SEG-7df0e58005", "properties": {"id": "SEG-7df0e58005", "name": "", "highway": "service", "scope": "secondary", "borough": "Queens", "bridge": false, "tunnel": false, "status": "inventoried"}, "geometry": {"type": "LineString", "coordinates": [[-73.9331342, 40.7551342], [-73.9332095, 40.755165], [-73.9335204, 40.7552921]]}}, {"type": "Feature", "id": "SEG-521ffaff98", "properties": {"id": "SEG-521ffaff98", "name": "Vernon Boulevard", "highway": "secondary", "scope": "in_scope", "borough": "Queens", "bridge": false, "tunnel": false, "status": "inventoried"}, "geometry": {"type": "LineString", "coordinates": [[-73.9493191, 40.7542683], [-73.9493907, 40.7541784]]}}, {"type": "Feature", "id": "SEG-36a7b9f72f", "properties": {"id": "SEG-36a7b9f72f", "name": "Humboldt Street", "highway": "residential", "scope": "in_scope", "borough": "Brooklyn", "bridge": false, "tunnel": false, "status": "inventoried"}, "geometry": {"type": "LineString", "coordinates": [[-73.9462406, 40.7304885], [-73.9462308, 40.7304293], [-73.946174, 40.7300785]]}}, {"type": "Feature", "id": "SEG-9faa573321", "properties": {"id": "SEG-9faa573321", "name": "Humboldt Street", "highway": "residential", "scope": "in_scope", "borough": "Brooklyn", "bridge": false, "tunnel": false, "status": "inventoried"}, "geometry": {"type": "LineString", "coordinates": [[-73.946174, 40.7300785], [-73.9461354, 40.7298399], [-73.9460982, 40.7296097], [-73.9460548, 40.7293414], [-73.9460412, 40.7292575]]}}, {"type": "Feature", "id": "SEG-062de2d04e", "properties": {"id": "SEG-062de2d04e", "name": "Long Island Expressway", "highway": "motorway", "scope": "in_scope", "borough": "Queens", "bridge": false, "tunnel": false, "status": "inventoried"}, "geometry": {"type": "LineString", "coordinates": [[-73.9338404, 40.7373539], [-73.9336405, 40.737316], [-73.9335005, 40.7372916], [-73.9333602, 40.7372679], [-73.9326382, 40.737155]]}}, {"type": "Feature", "id": "SEG-49874f8358", "properties": {"id": "SEG-49874f8358", "name": "", "highway": "service", "scope": "secondary", "borough": "Queens", "bridge": false, "tunnel": false, "status": "inventoried"}, "geometry": {"type": "LineString", "coordinates": [[-73.9595564, 40.7402793], [-73.9596446, 40.7403069], [-73.9596581, 40.7403106], [-73.959911, 40.7403791]]}}, {"type": "Feature", "id": "SEG-a4d81026db", "properties": {"id": "SEG-a4d81026db", "name": "", "highway": "service", "scope": "secondary", "borough": "Queens", "bridge": false, "tunnel": false, "status": "inventoried"}, "geometry": {"type": "LineString", "coordinates": [[-73.959911, 40.7403791], [-73.9605678, 40.740557]]}}, {"type": "Feature", "id": "SEG-1a9e5bade0", "properties": {"id": "SEG-1a9e5bade0", "name": "", "highway": "trunk_link", "scope": "in_scope", "borough": "Queens", "bridge": false, "tunnel": false, "status": "inventoried"}, "geometry": {"type": "LineString", "coordinates": [[-73.9392412, 40.750183], [-73.9389676, 40.7500674], [-73.9388588, 40.7500188], [-73.9388183, 40.750001], [-73.9387773, 40.7499813], [-73.938503, 40.7498616], [-73.9381565, 40.749714], [-73.9379097, 40.7496075]]}}, {"type": "Feature", "id": "SEG-65b4e11fd0", "properties": {"id": "SEG-65b4e11fd0", "name": "Van Dam Street", "highway": "secondary", "scope": "in_scope", "borough": "Brooklyn", "bridge": false, "tunnel": false, "status": "inventoried"}, "geometry": {"type": "LineString", "coordinates": [[-73.9367886, 40.7248208], [-73.9367854, 40.724949], [-73.9368334, 40.7252426]]}}, {"type": "Feature", "id": "SEG-d5357c27d6", "properties": {"id": "SEG-d5357c27d6", "name": "Van Dam Street", "highway": "secondary", "scope": "in_scope", "borough": "Brooklyn", "bridge": false, "tunnel": false, "status": "inventoried"}, "geometry": {"type": "LineString", "coordinates": [[-73.9368334, 40.7252426], [-73.9369418, 40.7259058]]}}, {"type": "Feature", "id": "SEG-21fd467942", "properties": {"id": "SEG-21fd467942", "name": "Van Dam Street", "highway": "secondary", "scope": "in_scope", "borough": "Brooklyn", "bridge": false, "tunnel": false, "status": "inventoried"}, "geometry": {"type": "LineString", "coordinates": [[-73.9369418, 40.7259058], [-73.9369931, 40.7262195], [-73.9370009, 40.726269], [-73.93701, 40.726327]]}}, {"type": "Feature", "id": "SEG-479210722b", "properties": {"id": "SEG-479210722b", "name": "29th Street", "highway": "residential", "scope": "in_scope", "borough": "Queens", "bridge": false, "tunnel": false, "status": "inventoried"}, "geometry": {"type": "LineString", "coordinates": [[-73.9335642, 40.7546055], [-73.9335069, 40.754676], [-73.9331954, 40.7550589]]}}, {"type": "Feature", "id": "SEG-2d601d7f0a", "properties": {"id": "SEG-2d601d7f0a", "name": "29th Street", "highway": "residential", "scope": "in_scope", "borough": "Queens", "bridge": false, "tunnel": false, "status": "inventoried"}, "geometry": {"type": "LineString", "coordinates": [[-73.9331954, 40.7550589], [-73.9331342, 40.7551342]]}}, {"type": "Feature", "id": "SEG-8f11bff735", "properties": {"id": "SEG-8f11bff735", "name": "29th Street", "highway": "residential", "scope": "in_scope", "borough": "Queens", "bridge": false, "tunnel": false, "status": "inventoried"}, "geometry": {"type": "LineString", "coordinates": [[-73.9331342, 40.7551342], [-73.9326314, 40.7557523], [-73.9325753, 40.7558212]]}}, {"type": "Feature", "id": "SEG-1c2bbb563e", "properties": {"id": "SEG-1c2bbb563e", "name": "50th Avenue", "highway": "residential", "scope": "in_scope", "borough": "Queens", "bridge": false, "tunnel": false, "status": "geometry_verified"}, "geometry": {"type": "LineString", "coordinates": [[-73.9564373, 40.7431966], [-73.9563578, 40.743181], [-73.9542852, 40.7427723], [-73.9542147, 40.7427584], [-73.9540991, 40.7427367]]}}, {"type": "Feature", "id": "SEG-ae62476352", "properties": {"id": "SEG-ae62476352", "name": "", "highway": "service", "scope": "secondary", "borough": "Brooklyn", "bridge": false, "tunnel": false, "status": "inventoried"}, "geometry": {"type": "LineString", "coordinates": [[-73.9595492, 40.728262], [-73.9594603, 40.7276874], [-73.9593035, 40.7277013], [-73.9593926, 40.7282771]]}}, {"type": "Feature", "id": "SEG-5717ba61de", "properties": {"id": "SEG-5717ba61de", "name": "Jackson Avenue", "highway": "primary", "scope": "in_scope", "borough": "Queens", "bridge": false, "tunnel": false, "status": "geometry_verified"}, "geometry": {"type": "LineString", "coordinates": [[-73.9523902, 40.7426909], [-73.9521355, 40.7428208], [-73.9519653, 40.7429076], [-73.9518215, 40.742981]]}}, {"type": "Feature", "id": "SEG-59b134e0a5", "properties": {"id": "SEG-59b134e0a5", "name": "Kingsland Avenue", "highway": "residential", "scope": "in_scope", "borough": "Brooklyn", "bridge": false, "tunnel": false, "status": "inventoried"}, "geometry": {"type": "LineString", "coordinates": [[-73.9412807, 40.723381], [-73.9412888, 40.7234369], [-73.9414323, 40.724318], [-73.9415977, 40.7253337], [-73.9416769, 40.7258201], [-73.941687, 40.725882]]}}, {"type": "Feature", "id": "SEG-0e60fff1cd", "properties": {"id": "SEG-0e60fff1cd", "name": "Crescent Street", "highway": "residential", "scope": "in_scope", "borough": "Queens", "bridge": false, "tunnel": false, "status": "inventoried"}, "geometry": {"type": "LineString", "coordinates": [[-73.9421415, 40.748902], [-73.942218, 40.7488294], [-73.9428811, 40.7480994], [-73.9429252, 40.7480509]]}}, {"type": "Feature", "id": "SEG-1186d58a90", "properties": {"id": "SEG-1186d58a90", "name": "Quay Street", "highway": "unclassified", "scope": "in_scope", "borough": "Brooklyn", "bridge": false, "tunnel": false, "status": "inventoried"}, "geometry": {"type": "LineString", "coordinates": [[-73.959788, 40.7260833], [-73.9587461, 40.7261792], [-73.9586456, 40.72619]]}}, {"type": "Feature", "id": "SEG-ff0899269e", "properties": {"id": "SEG-ff0899269e", "name": "2nd Avenue", "highway": "primary", "scope": "in_scope", "borough": "Manhattan", "bridge": false, "tunnel": false, "status": "inventoried"}, "geometry": {"type": "LineString", "coordinates": [[-73.969891, 40.7529981], [-73.9699305, 40.752943], [-73.9702037, 40.7525687], [-73.9702562, 40.7524957], [-73.9703004, 40.7524347], [-73.970341, 40.752379]]}}, {"type": "Feature", "id": "SEG-d441058631", "properties": {"id": "SEG-d441058631", "name": "39th Avenue", "highway": "residential", "scope": "in_scope", "borough": "Queens", "bridge": false, "tunnel": false, "status": "inventoried"}, "geometry": {"type": "LineString", "coordinates": [[-73.936789, 40.7547625], [-73.9367153, 40.7547231], [-73.9360841, 40.7543817], [-73.936009, 40.754341]]}}, {"type": "Feature", "id": "SEG-327d7b25ec", "properties": {"id": "SEG-327d7b25ec", "name": "Brooklyn-Queens Expressway", "highway": "motorway_link", "scope": "in_scope", "borough": "Brooklyn", "bridge": false, "tunnel": false, "status": "inventoried"}, "geometry": {"type": "LineString", "coordinates": [[-73.9355924, 40.7244524], [-73.9352356, 40.7244923], [-73.9347486, 40.7246044]]}}]}